loop,source,W_mean,W_min,W_max
A,oru,2899.2178959742146,2865.0364733261254,2935.650546439752
A,rack_destiny_LT,3340.368189357604,3254.829188644119,3407.283200335537
A,rack_harmony_MT,1889.3224812090682,1852.1683632530458,1936.8174518551593
A,rack_tranquility_MT,4592.49902529638,4569.651922114505,4621.705007584722
A,rack_columbus_MT,6220.207116856111,6117.845142912653,6300.282306890856
A,rack_kibo_LT,3747.295309120941,3628.8643570203894,3839.940865716593
A,air_destiny,124.29965923409556,91.72084632350474,149.7852448597454
A,air_kibo,497.59194668215764,434.485056219023,546.9588775433872
A,mli_destiny,-451.04432282737315,-537.038506877986,-360.2174310544391
A,mli_kibo,-455.9481215098783,-693.1963095534303,-259.8082076600484
A,crew,410.0,410.0,410.0
B,oru,2900.2849446610894,2867.4349152418226,2938.1924805030953
B,rack_destiny_MT,8109.529579071786,8054.662563453449,8152.450661944903
B,rack_harmony_LT,842.1713379604378,835.5863019088747,847.3226462071166
B,rack_tranquility_LT,1955.6274221285548,1920.5293810343696,1983.0837373496047
B,rack_columbus_LT,2498.1968727472886,2419.2429046802526,2559.9605771443944
B,rack_kibo_MT,9330.310675284189,9176.767714369023,9450.423460336284
B,air_harmony,-207.4282931729638,-214.8539926786948,-197.9358491101859
B,air_tranquility,-165.99507730767272,-167.3622362433074,-164.92558265218594
B,air_columbus,331.72796445476297,289.65670414600373,364.6392516955861
B,mli_harmony,-320.9836688729081,-445.1428299239065,-185.47527412524005
B,mli_tranquility,-316.0692555514402,-422.83154763309267,-180.00043567050204
B,mli_columbus,-368.47122306893436,-532.0519352031234,-218.68550332082646
B,crew,410.0,410.0,410.0
PVP4,iea,5798.736629322911,5768.101769703564,5846.509917201252
PVP6,iea,5795.293593205683,5767.654806882868,5837.766662267055
PVS4,iea,5803.039815634512,5773.302272461082,5830.951262813747
PVS6,iea,5797.765892801838,5764.362955701893,5831.796366995638
