time_s,current_A,measured_voltage_V,reference_soc
0,5.9863657,3.7965667,0.76566010553885
0.1,5.9863657,3.7517965021493,0.76560155344867
0.2,6.1867007,3.7481740003443,0.76554300135849
0.3,6.1880796,3.7459688003153,0.76548248981018
0.4,6.1870947,3.7441576003442,0.76542196477496
0.5,6.1870947,3.7426612003562,0.76536144937297
0.6,6.1868975,3.7414012003591,0.76530093397097
0.7,6.1882769,3.7402987003672,0.76524042049777
0.8,6.1861094,3.7393537003591,0.76517989353279
0.9,6.1868975,3.7382512004719,0.76511938776792
1,6.1867007,3.7372668004676,0.76505887429472
1.1,6.1880796,3.7365186003913,0.7649983627464
1.2,6.1876855,3.7355738005385,0.76493783771119
1.3,6.1874888,3.7347074005354,0.76487731653064
1.4,6.1870947,3.7340381004451,0.76481679727399
1.5,6.1874888,3.7332900005334,0.76475628187199
1.6,6.1867007,3.7325811005388,0.76469576261534
1.7,6.1863066,3.7318723005727,0.76463525106702
1.8,6.1878828,3.7312818005049,0.76457474337336
1.9,6.1861094,3.7305729006402,0.76451422026303
2,6.1874888,3.7298641006734,0.76445371449816
2.1,6.1874888,3.7293129005501,0.76439319524151
2.2,6.1878828,3.728761700576,0.76433267598486
2.3,6.1872915,3.7280922007318,0.76427215287453
2.4,6.1874888,3.7275410006284,0.76421163554766
2.5,6.1878828,3.726989700655,0.764151116291
2.6,6.1865034,3.7264385006807,0.76409059318068
2.7,6.1863066,3.7258084008084,0.76403008356213
2.8,6.1868975,3.7253754005759,0.76396957586847
2.9,6.1868975,3.7247453008683,0.76390906239527
3,6.1865034,3.7241940007856,0.76384854892207
3.1,6.1878828,3.723721500696,0.76378803930352
3.2,6.1878828,3.7231703008378,0.7637275161932
3.3,6.1876855,3.7227767006172,0.76366699308287
3.4,6.1865034,3.7222252008907,0.76360647190231
3.5,6.1870947,3.7219496004583,0.76354596228377
3.6,6.1874888,3.7212410012117,0.76348544688177
3.7,6.1867007,3.7208471006925,0.76342492762512
3.8,6.1878828,3.7204533007108,0.7633644160768
3.9,6.1867007,3.7200203008024,0.76330389296647
4,6.1884731,3.7194691010473,0.76324338141816
4.1,6.1882769,3.7190359008439,0.76318285253416
4.2,6.1880796,3.7185240010212,0.76312232556917
4.3,6.1872915,3.7182090006435,0.76306180053396
4.4,6.1882769,3.7176971010699,0.76300128320708
4.5,6.1880796,3.7173033008419,0.7629407562421
4.6,6.1872915,3.7169490007742,0.76288023120689
4.7,6.1868975,3.7165945007916,0.76281971388001
4.8,6.1876855,3.7160826011671,0.76275920040681
4.9,6.1867007,3.7156889009165,0.76269867922626
5,6.1868975,3.7152557010289,0.76263816767794
5.1,6.1867007,3.7148225010497,0.76257765420474
5.2,6.1867007,3.7143896010693,0.76251714265642
5.3,6.1876855,3.714153300595,0.7624566311081
5.4,6.1874888,3.713838300808,0.76239610992755
5.5,6.1867007,3.713405101132,0.7623355906709
5.6,6.1872915,3.7130508009424,0.76227507912258
5.7,6.1870947,3.7126176011731,0.7622145617957
5.8,6.1876855,3.7122631009767,0.7621540463937
5.9,6.1868975,3.7117908013239,0.76209352521315
6,6.1868975,3.7115152007855,0.76203301173995
6.1,6.1872915,3.7112000009134,0.76197249826675
6.2,6.1874888,3.7108850009277,0.76191198093987
6.3,6.1876855,3.7104518012966,0.76185146168322
6.4,6.1868975,3.710018901316,0.76179094050266
6.5,6.1868975,3.7097039009727,0.76173042702946
6.6,6.1876855,3.7094676007408,0.76166991355626
6.7,6.1872915,3.7089558016291,0.76160939237571
6.8,6.1874888,3.708798200509,0.76154887504883
6.9,6.1865034,3.7084043012912,0.76148835579218
7,6.1876855,3.708089401047,0.76142784617363
7.1,6.1872915,3.7077351011951,0.76136732499308
7.2,6.1872915,3.7075381006737,0.7613068076662
7.3,6.1874888,3.707144501365,0.76124629033932
7.4,6.1874888,3.7067506013846,0.76118577108267
7.5,6.1890645,3.7065144008416,0.76112525182602
7.6,6.1880796,3.706160101279,0.76106471715759
7.7,6.1880796,3.705844901153,0.76100419212238
7.8,6.1867007,3.7054513014583,0.76094366708717
7.9,6.1888672,3.7052543007393,0.76088315553885
8,6.1872915,3.7049000013463,0.7608226228002
8.1,6.1888672,3.7046244010605,0.76076210547332
8.2,6.1857158,3.7043488010735,0.76070157273467
8.3,6.1876855,3.7039549015532,0.76064107081956
8.4,6.1867007,3.7038369004708,0.76058054963901
8.5,6.1890645,3.7034824014315,0.76052003809069
8.6,6.1872915,3.7031674012868,0.76045950342226
8.7,6.1872915,3.7028131014643,0.76039898609539
8.8,6.1872915,3.7024586014818,0.76033846876851
8.9,6.1876855,3.7023013006651,0.76027795144163
9,6.1867007,3.7020650010102,0.76021743026108
9.1,6.1888672,3.7017894011914,0.76015691871276
9.2,6.1872915,3.7014349015492,0.7600963859741
9.3,6.1870947,3.701198601044,0.76003586864723
9.4,6.1872915,3.700844301582,0.75997535324523
9.5,6.1884731,3.7005687012438,0.75991483591835
9.6,6.1874888,3.7002931012567,0.75985430703435
9.7,6.1878828,3.699938501634,0.7597937877777
9.8,6.1872915,3.6996629012829,0.75973326466737
9.9,6.1882769,3.6995842003701,0.7596727473405
10,6.1884731,3.6991904018705,0.75961222037551
10.1,6.1863066,3.6989937009438,0.75955169149151
10.2,6.1868975,3.6987574011449,0.75949118379785
10.3,6.1874888,3.6984425015408,0.75943067032465
10.4,6.1884731,3.6982849007785,0.759370151068
10.5,6.1872915,3.6979306017673,0.759309622184
10.6,6.1874888,3.6975760017854,0.75924910485712
10.7,6.1880796,3.6973791010008,0.75918858560047
10.8,6.1867007,3.6971428012122,0.75912806056526
10.9,6.1863066,3.6968279016306,0.75906754901694
11,6.1870947,3.6966310010288,0.75900704132328
11.1,6.1868975,3.69647360083,0.75894652592129
11.2,6.1878828,3.6961980014662,0.75888601244809
11.3,6.1870947,3.6959224014794,0.75882548933776
11.4,6.1867007,3.6956861012796,0.75876497393576
11.5,6.1876855,3.6954892010757,0.75870446238744
11.6,6.1898525,3.695252901302,0.75864394120689
11.7,6.1865034,3.6950166013134,0.75858339883111
11.8,6.1868975,3.6947803013245,0.75852288921256
11.9,6.1868975,3.6944654017801,0.75846237573936
12,6.1880796,3.6942685011223,0.75840186226616
12.1,6.1872915,3.6939929015842,0.75834133723095
12.2,6.1878828,3.6937566013694,0.75828081990407
12.3,6.1861094,3.6935203013807,0.75822029679374
12.4,6.1878828,3.6933236011586,0.75815979102888
12.5,6.1865034,3.6931660009358,0.75809926791855
12.6,6.1876855,3.6928511018847,0.7580387583
12.7,6.1868975,3.6926935009508,0.75797823711945
12.8,6.1886704,3.6924179016756,0.75791772364625
12.9,6.1861094,3.6922209012072,0.75785719283248
13,6.1876855,3.6919847014585,0.75779668706761
13.1,6.1859126,3.6916697019602,0.75773616588705
13.2,6.1884731,3.6915121009882,0.75767566204707
13.3,6.1872915,3.6911972019895,0.75761513316307
13.4,6.1884731,3.6910002012539,0.75755461583619
13.5,6.1878828,3.6907642015135,0.75749408695219
13.6,6.1876855,3.690567301272,0.75743356384187
13.7,6.1865034,3.6904490007699,0.75737304266131
13.8,6.1874888,3.6902523012894,0.75731253304277
13.9,6.1878828,3.6900554013001,0.75725201378611
14,6.1868975,3.6896615026194,0.75719149067579
14.1,6.1878828,3.6895828005271,0.75713097720259
14.2,6.1874888,3.6893859013281,0.75707045409226
14.3,6.1867007,3.6891890013375,0.75700993483561
14.4,6.1870947,3.6889527016163,0.75694942328729
14.5,6.1874888,3.6886377021697,0.75688890788529
14.6,6.1868975,3.6885591005451,0.75682838862864
14.7,6.1874888,3.6883621013757,0.75676787515544
14.8,6.1876855,3.6881258016612,0.75670735589879
14.9,6.1868975,3.6878896016718,0.75664683471823
15,6.1874888,3.6877716008408,0.75658632124503
15.1,6.1876855,3.687535301695,0.75652580198838
15.2,6.1876855,3.6872990017061,0.75646528080783
15.3,6.1886704,3.6871021014311,0.75640475962727
15.4,6.1870947,3.6869841008632,0.7563442288135
15.5,6.1872915,3.6868265011604,0.75628371341151
15.6,6.1857158,3.6865115023342,0.75622319608463
15.7,6.1878828,3.6863539011754,0.75616269416953
15.8,6.1872915,3.6861966011805,0.7561021710592
15.9,6.1886704,3.6858814023807,0.75604165373232
16,6.1870947,3.6858027005981,0.75598112291855
16.1,6.1872915,3.6855271021075,0.75592060751655
16.2,6.1880796,3.685409100908,0.75586009018967
16.3,6.1882769,3.6852515012201,0.75579956515446
16.4,6.1870947,3.6850152018408,0.75573903818948
16.5,6.1872915,3.6847396021599,0.75567852278748
16.6,6.1863066,3.6846609006206,0.75561800546061
16.7,6.1870947,3.6843457025002,0.75555749776694
16.8,6.1865034,3.6841884012553,0.75549698236495
16.9,6.1870947,3.6840308012651,0.7554364727464
17,6.1876855,3.6839914003182,0.75537595734441
17.1,6.1882769,3.6836765025576,0.75531543616385
17.2,6.1876855,3.6835582009665,0.75525490919887
17.3,6.1867007,3.6832826022646,0.75519438801831
17.4,6.1878828,3.6831646009753,0.75513387647
17.5,6.1865034,3.6829677016366,0.75507335335967
17.6,6.1872915,3.6828496009873,0.75501284374112
17.7,6.1882769,3.6826921013241,0.75495232641424
17.8,6.1874888,3.6823771026633,0.75489179944926
17.9,6.1865034,3.6821015023432,0.75483128019261
18,6.1867007,3.6820621003369,0.75477077057406
18.1,6.1867007,3.6818652016927,0.75471025902575
18.2,6.1863066,3.6817076013625,0.75464974747743
18.3,6.1872915,3.6815896010257,0.75458923978377
18.4,6.1872915,3.6813927017209,0.75452872245689
18.5,6.1868975,3.6811564020764,0.75446820513001
18.6,6.1882769,3.6809988013924,0.75440769165681
18.7,6.1878828,3.680841401398,0.75434716469183
18.8,6.1874888,3.6806839014065,0.7542866415815
18.9,6.1868975,3.6804476021213,0.75422612232485
19,6.1888672,3.6802902014205,0.75416560885165
19.1,6.1868975,3.6802113007158,0.75410507611299
19.2,6.1868975,3.6800146017939,0.75404456263979
19.3,6.1868975,3.6798570014447,0.75398404916659
19.4,6.1861094,3.6796601018144,0.75392353569339
19.5,6.1865034,3.6794631018246,0.75386302992852
19.6,6.1874888,3.6793058014645,0.75380252030998
19.7,6.1868975,3.6791482014747,0.75374200105333
19.8,6.1882769,3.6791482,0.75368148758013
19.9,6.1870947,3.6788332029774,0.75362096061514
20,6.1878828,3.678715201121,0.75356044521315
20.1,6.1872915,3.6785970011285,0.75349992210282
20.2,6.1868975,3.6784394015122,0.75343940477594
20.3,6.1865034,3.6782427018966,0.75337889130274
20.4,6.1872915,3.6780064022898,0.7533183816842
20.5,6.1867007,3.6779671003827,0.75325786435732
20.6,6.1878828,3.6777701019276,0.753197352809
20.7,6.1872915,3.6775732019359,0.75313682969867
20.8,6.1882769,3.6774552011658,0.75307631237179
20.9,6.1865034,3.6773369011744,0.75301578540681
21,6.1867007,3.6771007023561,0.75295527578827
21.1,6.1874888,3.6769433015775,0.75289476423995
21.2,6.1876855,3.676785701587,0.7528342449833
21.3,6.1872915,3.6766281015944,0.75277372380274
21.4,6.1880796,3.676470801599,0.75271320647586
21.5,6.1868975,3.6763132016094,0.75265268144065
21.6,6.1876855,3.6761951012117,0.75259216796745
21.7,6.1857158,3.6760375016244,0.7525316467869
21.8,6.1882769,3.6758800016309,0.7524711448718
21.9,6.1874888,3.6756833020461,0.75241061790681
22,6.1870947,3.6755650012362,0.75235009865016
22.1,6.1868975,3.6754470012386,0.75228958324816
22.2,6.1872915,3.6752894016619,0.75222906977496
22.3,6.1870947,3.6751320016672,0.75216855244809
22.4,6.1857158,3.674935102095,0.75210803704609
22.5,6.1865034,3.67497439958,0.75204753513099
22.6,6.1878828,3.6747382025356,0.75198702551244
22.7,6.1868975,3.6744626029715,0.75192650240212
22.8,6.1868975,3.6744232004267,0.75186598892892
22.9,6.1867007,3.6741869025702,0.75180547545572
23,6.1865034,3.6740687012913,0.7517449639074
23.1,6.1861094,3.673911301727,0.75168445428885
23.2,6.1876855,3.6738324008695,0.75162394852399
23.3,6.1874888,3.6737144013059,0.75156342734343
23.4,6.1882769,3.6735175021885,0.75150290808678
23.5,6.1868975,3.6733994013182,0.75144238112179
23.6,6.1861094,3.6733205008845,0.75138186764859
23.7,6.1882769,3.6730845026567,0.75132136188373
23.8,6.1882769,3.6731237995557,0.75126083491874
23.9,6.1870947,3.6728086035782,0.75120030795376
24,6.1876855,3.6726906013452,0.75113979255176
24.1,6.1876855,3.6726513004499,0.75107927137121
24.2,6.1888672,3.6723363036209,0.75101875019065
24.3,6.1874888,3.6722968004559,0.750958217452
24.4,6.1882769,3.6721394018243,0.75089769819535
24.5,6.1872915,3.6720607009158,0.75083717123036
24.6,6.1882769,3.6717849032227,0.75077665390349
24.7,6.1865034,3.6717062009233,0.7507161269385
24.8,6.1874888,3.67158820139,0.75065561731996
24.9,6.1878828,3.6714699013991,0.75059509806331
25,6.1868975,3.6713126018679,0.75053457495298
25.1,6.1867007,3.6712337009406,0.75047406147978
25.2,6.1890645,3.6710370023545,0.75041354993146
25.3,6.1878828,3.6709187014216,0.75035301526303
25.4,6.1870947,3.6708400009495,0.7502924921527
25.5,6.1874888,3.6707611009556,0.75023197675071
25.6,6.1874888,3.6705251028698,0.75017145749406
25.7,6.1865034,3.6704855004834,0.75011093823741
25.8,6.1872915,3.6703675014461,0.75005042861886
25.9,6.1876855,3.6701705024235,0.74998991129198
26,6.1867007,3.6699736024317,0.74992939011143
26.1,6.1884731,3.6697769024385,0.74986887856311
26.2,6.1876855,3.6698162995097,0.74980834967911
26.3,6.1870947,3.6696587019687,0.74974782849856
26.4,6.1874888,3.6695013019738,0.74968731309656
26.5,6.1876855,3.6694617004984,0.74962679383991
26.6,6.1868975,3.6693437014909,0.74956627265935
26.7,6.1872915,3.6691074029968,0.74950575918615
26.8,6.1868975,3.6690288010006,0.74944524185928
26.9,6.1872915,3.6689105015115,0.74938472838608
27,6.1870947,3.6686349035346,0.7493242110592
27.1,6.1872915,3.6685956005059,0.7492636956572
27.2,6.1872915,3.6685169010168,0.74920317833032
27.3,6.1868975,3.6683593020436,0.74914266100345
27.4,6.1872915,3.6683593,0.74908214753025
27.5,6.1874888,3.6680443041145,0.74902163020337
27.6,6.1874888,3.6679657010304,0.74896111094672
27.7,6.1880796,3.6679657,0.74890059169007
27.8,6.1868975,3.6678081020811,0.74884006665485
27.9,6.1884731,3.6676898015677,0.74877955318165
28,6.1870947,3.6674931026161,0.74871902429766
28.1,6.1874888,3.6674931,0.74865850889566
28.2,6.1876855,3.6672962026375,0.74859798963901
28.3,6.1878828,3.6671386021185,0.74853746845845
28.4,6.1872915,3.6670599010617,0.74847694534813
28.5,6.1870947,3.6669419015974,0.74841642802125
28.6,6.1865034,3.6668236016071,0.74835591261925
28.7,6.1876855,3.6666660021484,0.74829540300071
28.8,6.1874888,3.6667055994583,0.74823488182015
28.9,6.1867007,3.6663904043268,0.7481743625635
29,6.1870947,3.6663117010841,0.74811385101518
29.1,6.1865034,3.6662331010864,0.74805333561319
29.2,6.1857158,3.6661148016408,0.74799282599464
29.3,6.1868975,3.6660361010953,0.74793232407954
29.4,6.1868975,3.6658392027497,0.74787181060634
29.5,6.1874888,3.6657605011027,0.74781129713314
29.6,6.1876855,3.6656029022159,0.74775077787649
29.7,6.1870947,3.6654849016646,0.74769025669593
29.8,6.1870947,3.6654849,0.74762974129394
29.9,6.1874888,3.6652486033559,0.74756922589194
30,6.1874888,3.6652486,0.74750870663529
30.1,-0,3.9070232459829,0.74744818737864
30.2,-0,3.9109767283682,0.74744818737864
30.3,-0,3.9126856401661,0.74744818737864
30.4,-0,3.9139693023733,0.74744818737864
30.5,-0,3.9149772474526,0.74744818737864
30.6,-0,3.9158671668344,0.74744818737864
30.7,-0,3.916678349091,0.74744818737864
30.8,-0,3.917426509054,0.74744818737864
30.9,-0,3.918127310178,0.74744818737864
31,-0,3.9187731107204,0.74744818737864
31.1,-0,3.9193559118576,0.74744818737864
31.2,-0,3.919954330665,0.74744818737864
31.3,-0,3.9204898529738,0.74744818737864
31.4,-0,3.9210333711883,0.74744818737864
31.5,-0,3.9215058541109,0.74744818737864
31.6,-0,3.9219940117266,0.74744818737864
31.7,-0,3.922403495257,0.74744818737864
31.8,-0,3.922812992863,0.74744818737864
31.9,-0,3.9232383340315,0.74744818737864
32,-0,3.9236793928181,0.74744818737864
32.1,-0,3.924128193398,0.74744818737864
32.2,-0,3.9245377339754,0.74744818737864
32.3,-0,3.9248606557717,0.74744818737864
32.4,-0,3.9252308133331,0.74744818737864
32.5,-0,3.9256402539239,0.74744818737864
32.6,-0,3.9259630557324,0.74744818737864
32.7,-0,3.9262622951074,0.74744818737864
32.8,-0,3.9266482132508,0.74744818737864
32.9,-0,3.9269632163089,0.74744818737864
33,-0,3.9273176132097,0.74744818737864
33.1,-0,3.9276326762848,0.74744818737864
33.2,-0,3.9279397744128,0.74744818737864
33.3,-0,3.9282468556408,0.74744818737864
33.4,-0,3.9285460950026,0.74744818737864
33.5,-0,3.9288138162415,0.74744818737864
33.6,-0,3.9291446337134,0.74744818737864
33.7,-0,3.9294439762175,0.74744818737864
33.8,-0,3.9297274349443,0.74744818737864
33.9,-0,3.9299479574623,0.74744818737864
34,-0,3.9302472136418,0.74744818737864
34.1,-0,3.9305464161742,0.74744818737864
34.2,-0,3.9307826761614,0.74744818737864
34.3,-0,3.9310897742277,0.74744818737864
34.4,-0,3.9313732761389,0.74744818737864
34.5,-0,3.9316569148347,0.74744818737864
34.6,-0,3.9319010167673,0.74744818737864
34.7,-0,3.9321687548065,0.74744818737864
34.8,-0,3.9324602154427,0.74744818737864
34.9,-0,3.9325940793485,0.74744818737864
35,-0,3.9328459534565,0.74744818737864
35.1,-0,3.9331451760604,0.74744818737864
35.2,-0,3.933334257365,0.74744818737864
35.3,-0,3.9335390760379,0.74744818737864
35.4,-0,3.933822534705,0.74744818737864
35.5,-0,3.9340902760155,0.74744818737864
35.6,-0,3.9343029366706,0.74744818737864
35.7,-0,3.934476137331,0.74744818737864
35.8,-0,3.9347044553136,0.74744818737864
35.9,-0,3.9350273939551,0.74744818737864
36,-0,3.9352399979823,0.74744818737864
36.1,-0,3.9353581779715,0.74744818737864
36.2,-0,3.9356180739081,0.74744818737864
36.3,-0,3.9358779366051,0.74744818737864
36.4,-0,3.9360511372787,0.74744818737864
36.5,-0,3.9362086572677,0.74744818737864
36.6,-0,3.9364134158938,0.74744818737864
36.7,-0,3.9366496758809,0.74744818737864
36.8,-0,3.9368859758697,0.74744818737864
36.9,-0,3.9370512979318,0.74744818737864
37,-0,3.9372166365396,0.74744818737864
37.1,-0,3.937437175836,0.74744818737864
37.2,-0,3.937602497915,0.74744818737864
37.3,-0,3.9377914758135,0.74744818737864
37.4,-0,3.9379569778985,0.74744818737864
37.5,-0,3.9381460157928,0.74744818737864
37.6,-0,3.9383586964817,0.74744818737864
37.7,-0,3.938579095774,0.74744818737864
37.8,-0,3.9388152757574,0.74744818737864
37.9,-0,3.9390279364554,0.74744818737864
38,-0,3.9391776778648,0.74744818737864
38.1,-0,3.9392957978646,0.74744818737864
38.2,-0,3.9394611364274,0.74744818737864
38.3,-0,3.9396816757013,0.74744818737864
38.4,-0,3.9398943364087,0.74744818737864
38.5,-0,3.9401147556825,0.74744818737864
38.6,-0,3.9402092,0.74744818737864
38.7,-0,3.9403036971049,0.74744818737864
38.8,-0,3.9404848963694,0.74744818737864
38.9,-0,3.9406818363619,0.74744818737864
39,-0,3.9408786163563,0.74744818737864
39.1,-0,3.941028277803,0.74744818737864
39.2,-0,3.9411937363339,0.74744818737864
39.3,-0,3.9413669370618,0.74744818737864
39.4,-0,3.9415716155797,0.74744818737864
39.5,-0,3.9417370777805,0.74744818737864
39.6,-0,3.9418316185197,0.74744818737864
39.7,-0,3.9420284548031,0.74744818737864
39.8,-0,3.9422094977693,0.74744818737864
39.9,-0,3.9423748362684,0.74744818737864
40,-0,3.9424300207467,0.74744818737864
40.1,-0,3.9425560754992,0.74744818737864
40.2,-0,3.9427451569908,0.74744818737864
40.3,-0,3.9429971339722,0.74744818737864
40.4,-0,3.9431938977357,0.74744818737864
40.5,-0,3.9432884384822,0.74744818737864
40.6,-0,3.9434380162068,0.74744818737864
40.7,-0,3.9435640384747,0.74744818737864
40.8,-0,3.9437136161881,0.74744818737864
40.9,-0,3.9438632777018,0.74744818737864
41,-0,3.9440287361655,0.74744818737864
41.1,-0,3.9441782976964,0.74744818737864
41.2,-0,3.9443200569159,0.74744818737864
41.3,-0,3.9444775369123,0.74744818737864
41.4,-0,3.9446114776737,0.74744818737864
41.5,-0,3.9447769361187,0.74744818737864
41.6,-0,3.9449500768919,0.74744818737864
41.7,-0,3.945013,0.74744818737864
41.8,-0,3.945107556871,0.74744818737864
41.9,-0,3.9452414576496,0.74744818737864
42,-0,3.945359617642,0.74744818737864
42.1,-0,3.9455486752748,0.74744818737864
42.2,-0,3.9457139976348,0.74744818737864
42.3,-0,3.9458321776231,0.74744818737864
42.4,-0,3.9459266584171,0.74744818737864
42.5,-0,3.9460289576159,0.74744818737864
42.6,-0,3.9461943360159,0.74744818737864
42.7,-0,3.9463676568036,0.74744818737864
42.8,-0,3.9464779184001,0.74744818737864
42.9,-0,3.9466039567886,0.74744818737864
43,-0,3.9467377975899,0.74744818737864
43.1,-0,3.9469031359691,0.74744818737864
43.2,-0,3.9470054791936,0.74744818737864
43.3,-0,3.9470684183814,0.74744818737864
43.4,-0,3.947218095939,0.74744818737864
43.5,-0,3.9473914567437,0.74744818737864
43.6,-0,3.9474780791861,0.74744818737864
43.7,-0,3.947611935913,0.74744818737864
43.8,-0,3.9477851367254,0.74744818737864
43.9,-0,3.9479190175353,0.74744818737864
44,-0,3.9479899391766,0.74744818737864
44.1,-0,3.9480764975283,0.74744818737864
44.2,-0,3.9481946175185,0.74744818737864
44.3,-0,3.9483600958548,0.74744818737864
44.4,-0,3.9484861183403,0.74744818737864
44.5,-0,3.9486121566688,0.74744818737864
44.6,-0,3.9487459975003,0.74744818737864
44.7,-0,3.9488167791656,0.74744818737864
44.8,-0,3.9489270566464,0.74744818737864
44.9,-0,3.9491318749605,0.74744818737864
45,-0,3.9492264,0.74744818737864
45.1,-0,3.9492736183141,0.74744818737864
45.2,-0,3.949446814929,0.74744818737864
45.3,-0,3.9495413,0.74744818737864
45.4,-0,3.9496357366058,0.74744818737864
45.5,-0,3.9496987,0.74744818737864
45.6,-0,3.9498404748819,0.74744818737864
45.7,-0,3.9499586991426,0.74744818737864
45.8,-0,3.9500453574308,0.74744818737864
45.9,-0,3.9501397582864,0.74744818737864
46,-0,3.9502893956957,0.74744818737864
46.1,-0,3.9503682,0.74744818737864
46.2,-0,3.9504863356792,0.74744818737864
46.3,-0,3.9505651,0.74744818737864
46.4,-0,3.950659536531,0.74744818737864
46.5,-0,3.9507934173893,0.74744818737864
46.6,-0,3.950887918258,0.74744818737864
46.7,-0,3.9510139565041,0.74744818737864
46.8,-0,3.9511713765033,0.74744818737864
46.9,-0,3.9512816982401,0.74744818737864
47,-0,3.9512896608796,0.74744818737864
47.1,-0,3.9514156747135,0.74744818737864
47.2,-0,3.9515809973545,0.74744818737864
47.3,-0,3.9516989973489,0.74744818737864
47.4,-0,3.9517699591084,0.74744818737864
47.5,-0,3.9519275746686,0.74744818737864
47.6,-0,3.9520928973321,0.74744818737864
47.7,-0,3.9521873182169,0.74744818737864
47.8,-0,3.9522423791077,0.74744818737864
47.9,-0,3.9523290773085,0.74744818737864
48,-0,3.952399979104,0.74744818737864
48.1,-0,3.9525338355015,0.74744818737864
48.2,-0,3.9526126,0.74744818737864
48.3,-0,3.952707036389,0.74744818737864
48.4,-0,3.9527937590896,0.74744818737864
48.5,-0,3.952856818187,0.74744818737864
48.6,-0,3.9528883,0.74744818737864
48.7,-0,3.9530300145363,0.74744818737864
48.8,-0,3.9531481390867,0.74744818737864
48.9,-0,3.9532110581744,0.74744818737864
49,-0,3.953337056332,0.74744818737864
49.1,-0,3.9534473181646,0.74744818737864
49.2,-0,3.9535261381562,0.74744818737864
49.3,-0,3.9536521363142,0.74744818737864
49.4,-0,3.9538332353799,0.74744818737864
49.5,-0,3.9538410827791,0.74744818737864
49.6,-0,3.9538883562871,0.74744818737864
49.7,-0,3.9539985581445,0.74744818737864
49.8,-0,3.9540773981313,0.74744818737864
49.9,-0,3.9542269553402,0.74744818737864
50,-0,3.9543293590595,0.74744818737864
50.1,-0,3.9543924181272,0.74744818737864
50.2,-0,3.9544474790629,0.74744818737864
50.3,-0,3.9545577562347,0.74744818737864
50.4,-0,3.9546208,0.74744818737864
50.5,-0,3.9547152362245,0.74744818737864
50.6,-0,3.9548963352677,0.74744818737864
50.7,-0,3.9549515209464,0.74744818737864
50.8,-0,3.9550303561972,0.74744818737864
50.9,-0,3.9551169790499,0.74744818737864
51,-0,3.9551327,0.74744818737864
51.1,-0,3.9552271361796,0.74744818737864
51.2,-0,3.9553610171255,0.74744818737864
51.3,-0,3.9553847209576,0.74744818737864
51.4,-0,3.9555107742309,0.74744818737864
51.5,-0,3.9556760971135,0.74744818737864
51.6,-0,3.9557233,0.74744818737864
51.7,-0,3.9557705180674,0.74744818737864
51.8,-0,3.9558493380587,0.74744818737864
51.9,-0,3.955998915151,0.74744818737864
52,-0,3.9560539609731,0.74744818737864
52.1,-0,3.956061839025,0.74744818737864
52.2,-0,3.9562193141436,0.74744818737864
52.3,-0,3.9562902209763,0.74744818737864
52.4,-0,3.9563926350993,0.74744818737864
52.5,-0,3.956542257055,0.74744818737864
52.6,-0,3.9565658609844,0.74744818737864
52.7,-0,3.9565737390137,0.74744818737864
52.8,-0,3.9566840560475,0.74744818737864
52.9,-0,3.9567706790125,0.74744818737864
53,-0,3.9568809560325,0.74744818737864
53.1,-0,3.95689666199,0.74744818737864
53.2,-0,3.9569832350245,0.74744818737864
53.3,-0,3.957132977005,0.74744818737864
53.4,-0,3.9572274580064,0.74744818737864
53.5,-0,3.9572825389988,0.74744818737864
53.6,-0,3.9573692169907,0.74744818737864
53.7,-0,3.9574165,0.74744818737864
53.8,-0,3.9574165,0.74744818737864
53.9,-0,3.9575109359703,0.74744818737864
54,-0,3.9576212379763,0.74744818737864
54.1,-0,3.9577708149454,0.74744818737864
54.2,-0,3.9578495,0.74744818737864
54.3,-0,3.9579440559352,0.74744818737864
54.4,-0,3.9580071,0.74744818737864
54.5,-0,3.9581016559202,0.74744818737864
54.6,-0,3.9581647,0.74744818737864
54.7,-0,3.9581409410289,0.74744818737864
54.8,-0,3.9582904528264,0.74744818737864
54.9,-0,3.9583771210248,0.74744818737864
55,-0,3.9583849789733,0.74744818737864
55.1,-0,3.9584952558753,0.74744818737864
55.2,-0,3.958581938967,0.74744818737864
55.3,-0,3.9586450379276,0.74744818737864
55.4,-0,3.9587238179291,0.74744818737864
55.5,-0,3.9587316610386,0.74744818737864
55.6,-0,3.9588339148054,0.74744818737864
55.7,-0,3.9589835768702,0.74744818737864
55.8,-0,3.9590309,0.74744818737864
55.9,-0,3.959101696867,0.74744818737864
56,-0,3.9591489,0.74744818737864
56.1,-0,3.9592434558006,0.74744818737864
56.2,-0,3.9593300789509,0.74744818737864
56.3,-0,3.9593930178955,0.74744818737864
56.4,-0,3.9594718378864,0.74744818737864
56.5,-0,3.959550617888,0.74744818737864
56.6,-0,3.9596056789435,0.74744818737864
56.7,-0,3.9596450389389,0.74744818737864
56.8,-0,3.9597317168111,0.74744818737864
56.9,-0,3.9598026389352,0.74744818737864
57,-0,3.9599601136052,0.74744818737864
57.1,-0,3.9600074421317,0.74744818737864
57.2,-0,3.9600231578645,0.74744818737864
57.3,-0,3.9601018178581,0.74744818737864
57.4,-0,3.9601333,0.74744818737864
57.5,-0,3.9602042767691,0.74744818737864
57.6,-0,3.9603223967717,0.74744818737864
57.7,-0,3.9603459610798,0.74744818737864
57.8,-0,3.9604010567577,0.74744818737864
57.9,-0,3.9604956378302,0.74744818737864
58,-0,3.9605979967492,0.74744818737864
58.1,-0,3.9606925378227,0.74744818737864
58.2,-0,3.9606767621811,0.74744818737864
58.3,-0,3.9607161767241,0.74744818737864
58.4,-0,3.9608342967268,0.74744818737864
58.5,-0,3.960905078908,0.74744818737864
58.6,-0,3.9610153556134,0.74744818737864
58.7,-0,3.9610548210957,0.74744818737864
58.8,-0,3.9611098967044,0.74744818737864
58.9,-0,3.9612044377927,0.74744818737864
59,-0,3.9612595788987,0.74744818737864
59.1,-0,3.9612517211032,0.74744818737864
59.2,-0,3.961306796682,0.74744818737864
59.3,-0,3.9614247966764,0.74744818737864
59.4,-0,3.9614012033292,0.74744818737864
59.5,-0,3.9615193522112,0.74744818737864
59.6,-0,3.9616768177721,0.74744818737864
59.7,-0,3.9617083,0.74744818737864
59.8,-0,3.9618028555236,0.74744818737864
59.9,-0,3.9618186822391,0.74744818737864
60,-0,3.9618579966371,0.74744818737864
60.1,-0,3.9618580422437,0.74744818737864
60.2,-0,3.9619447343699,0.74744818737864
60.3,-0,3.9620235,0.74744818737864
60.4,-0,3.9620707177422,0.74744818737864
60.5,-0,3.9621729966091,0.74744818737864
60.6,-0,3.9622202,0.74744818737864
60.7,-0,3.9623147554562,0.74744818737864
60.8,-0,3.9624485965923,0.74744818737864
60.9,-0,3.9624485822765,0.74744818737864
61,-0,3.9624643177198,0.74744818737864
61.1,-0,3.9624958,0.74744818737864
61.2,-0,3.9625431377065,0.74744818737864
61.3,-0,3.9626454965643,0.74744818737864
61.4,-0,3.9627872554038,0.74744818737864
61.5,-0,3.9628975177011,0.74744818737864
61.6,-0,3.9628582034525,0.74744818737864
61.7,-0,3.9628582176936,0.74744818737864
61.8,-0,3.9629842553738,0.74744818737864
61.9,-0,3.9630235411643,0.74744818737864
62,-0,3.9630786165192,0.74744818737864
62.1,-0,3.9631259,0.74744818737864
62.2,-0,3.9631967565109,0.74744818737864
62.3,-0,3.9633385553364,0.74744818737864
62.4,-0,3.9633543823326,0.74744818737864
62.5,-0,3.9632755623422,0.74744818737864
62.6,-0,3.9634093518054,0.74744818737864
62.7,-0,3.9635196,0.74744818737864
62.8,-0,3.9635669376465,0.74744818737864
62.9,-0,3.9635749211741,0.74744818737864
63,-0,3.963582778824,0.74744818737864
63.1,-0,3.9636928752855,0.74744818737864
63.2,-0,3.9638031976285,0.74744818737864
63.3,-0,3.9638583788184,0.74744818737864
63.4,-0,3.9638741,0.74744818737864
63.5,-0,3.9639922340613,0.74744818737864
63.6,-0,3.9640946388098,0.74744818737864
63.7,-0,3.9640394235793,0.74744818737864
63.8,-0,3.9640866552241,0.74744818737864
63.9,-0,3.9641497,0.74744818737864
64,-0,3.9641733388023,0.74744818737864
64.1,-0,3.9643308128086,0.74744818737864
64.2,-0,3.9644489387985,0.74744818737864
64.3,-0,3.9644410612033,0.74744818737864
64.4,-0,3.9644489387948,0.74744818737864
64.5,-0,3.964511857592,0.74744818737864
64.6,-0,3.9644961424117,0.74744818737864
64.7,-0,3.9645592551568,0.74744818737864
64.8,-0,3.9646458787904,0.74744818737864
64.9,-0,3.9646616,0.74744818737864
65,-0,3.9647088175702,0.74744818737864
65.1,-0,3.9647876375603,0.74744818737864
65.2,-0,3.9649135751286,0.74744818737864
65.3,-0,3.9649057036599,0.74744818737864
65.4,-0,3.9650002726596,0.74744818737864
65.5,-0,3.965071041232,0.74744818737864
65.6,-0,3.9651733938617,0.74744818737864
65.7,-0,3.9651813436855,0.74744818737864
65.8,-0,3.9651813175403,0.74744818737864
65.9,-0,3.9653073550669,0.74744818737864
66,-0,3.965346821232,0.74744818737864
66.1,-0,3.9654491138244,0.74744818737864
66.2,-0,3.9654570037104,0.74744818737864
66.3,-0,3.9654333787624,0.74744818737864
66.4,-0,3.9654963175179,0.74744818737864
66.5,-0,3.9655751375078,0.74744818737864
66.6,-0,3.9656302787568,0.74744818737864
66.7,-0,3.9656224212451,0.74744818737864
66.8,-0,3.9657247137589,0.74744818737864
66.9,-0,3.9658271587417,0.74744818737864
67,-0,3.9659137962448,0.74744818737864
67.1,-0,3.965961,0.74744818737864
67.2,-0,3.965913782512,0.74744818737864
67.3,-0,3.9659767349685,0.74744818737864
67.4,-0,3.9660632787419,0.74744818737864
67.5,-0,3.96605542126,0.74744818737864
67.6,-0,3.9661342549397,0.74744818737864
67.7,-0,3.9661973,0.74744818737864
67.8,-0,3.9661973,0.74744818737864
67.9,-0,3.9662444574651,0.74744818737864
68,-0,3.9662995387274,0.74744818737864
68.1,-0,3.9663626374479,0.74744818737864
68.2,-0,3.9663468625559,0.74744818737864
68.3,-0,3.9663862161654,0.74744818737864
68.4,-0,3.9665042961663,0.74744818737864
68.5,-0,3.9665043425573,0.74744818737864
68.6,-0,3.9666382510199,0.74744818737864
68.7,-0,3.9667485,0.74744818737864
68.8,-0,3.9667485,0.74744818737864
68.9,-0,3.9667012825756,0.74744818737864
69,-0,3.9667879335468,0.74744818737864
69.1,-0,3.9668667,0.74744818737864
69.2,-0,3.9668667,0.74744818737864
69.3,-0,3.9668903387031,0.74744818737864
69.4,-0,3.9670004748148,0.74744818737864
69.5,-0,3.9671343760948,0.74744818737864
69.6,-0,3.9671580613025,0.74744818737864
69.7,-0,3.9671423,0.74744818737864
69.8,-0,3.9672603134786,0.74744818737864
69.9,-0,3.9673863973771,0.74744818737864
70,-0,4.0362046567712,0.74744818737864
70.1,-4.4458159,4.1408192877311,0.74744818737864
70.2,-4.6410288,4.1652412880855,0.74749167149347
70.3,-4.640438,4.1677023908476,0.74753706496765
70.4,-4.640438,4.1693441252293,0.74758245266327
70.5,-4.6416201,4.1705885057169,0.74762784035888
70.6,-4.640832,4.1716122756718,0.74767323961651
70.7,-4.6418169,4.1726242769327,0.74771863116581
70.8,-4.640832,4.1735616421927,0.74776403234832
70.9,-4.6410288,4.1743766334902,0.74780942389762
71,-4.6414229,4.175187590782,0.7478548173718
71.1,-4.640832,4.1759949273902,0.74790021470063
71.2,-4.640832,4.1766525486978,0.74794560624992
71.3,-4.6416201,4.177258841333,0.74799099779922
71.4,-4.6412261,4.177881013283,0.74803639705685
71.5,-4.6400439,4.17863317728,0.7480817924608
71.6,-4.6410288,4.179243233931,0.74812717630176
71.7,-4.6412261,4.1797748271994,0.74817256977594
71.8,-4.6410288,4.1803852338861,0.74821796517989
71.9,-4.6416201,4.1809049484882,0.74826335865407
72,-4.6414229,4.1814640565292,0.7483087579117
72.1,-4.6420142,4.1819406270722,0.74835415524054
72.2,-4.6410288,4.1825391851509,0.74839955835282
72.3,-4.6414229,4.1830076410712,0.748444951827
72.4,-4.6420142,4.1835707196833,0.74849034915583
72.5,-4.6420142,4.1841141550926,0.74853575226812
72.6,-4.6414229,4.184535356417,0.7485811553804
72.7,-4.6414229,4.184988319599,0.74862655270924
72.8,-4.6410288,4.1855081777489,0.74867195003807
72.9,-4.6418169,4.1859096922818,0.74871734351225
73,-4.642605,4.1864215122438,0.74876274469476
73.1,-4.6416201,4.1869217335943,0.74880815358561
73.2,-4.6422109,4.1873587776815,0.74885355284323
73.3,-4.6424077,4.1877485635459,0.74889895787942
73.4,-4.6424077,4.188221133527,0.7489443648405
73.5,-4.6418169,4.1886700562485,0.74898977180157
73.6,-4.6406348,4.1890992621153,0.74903517298408
73.7,-4.6400439,4.1895755562111,0.74908056260458
73.8,-4.6402412,4.1899811848219,0.74912594644554
73.9,-4.6410288,4.1904141548047,0.74917133221628
74,-4.6418169,4.1908236275293,0.74921672569046
74.1,-4.6398472,4.1912254619937,0.74926212687297
74.2,-4.6410288,4.1916662702869,0.74930750879003
74.3,-4.6406348,4.1919773560988,0.74935290226421
74.4,-4.6422109,4.1923712560802,0.74939829188471
74.5,-4.6416201,4.1927651260649,0.7494436969209
74.6,-4.640832,4.1931706846573,0.74948909617852
74.7,-4.6410288,4.193580077429,0.74953448772782
74.8,-4.6416201,4.1939934404167,0.749579881202
74.9,-4.6412261,4.1944619701952,0.74962528045963
75,-4.6418169,4.1947849345572,0.74967067586358
75.1,-4.6410288,4.1952182845544,0.74971607704609
75.2,-4.640832,4.195604070156,0.74976147052027
75.3,-4.6406348,4.1959032773281,0.74980686206956
75.4,-4.6424077,4.1962694258967,0.74985225169007
75.5,-4.6418169,4.1966513772944,0.74989765865114
75.6,-4.6410288,4.1969939486817,0.74994305983365
75.7,-4.6424077,4.1973680616049,0.74998845330783
75.8,-4.6414229,4.1978207486517,0.7500338602689
75.9,-4.6422109,4.1981358286511,0.75007925759773
76,-4.6414229,4.1984271414627,0.75012466263392
76.1,-4.6424077,4.198734432921,0.75017005996276
76.2,-4.6414229,4.1991478700251,0.75021546692383
76.3,-4.6422109,4.1994825628724,0.75026086425266
76.4,-4.6412261,4.1998841914359,0.75030626928885
76.5,-4.642605,4.2001675556872,0.7503516646928
76.6,-4.6412261,4.2005378485319,0.75039707358365
76.7,-4.642605,4.2008764756716,0.7504424689876
76.8,-4.6416201,4.2012227713692,0.75048787787845
76.9,-4.6431958,4.201506525616,0.75053327713608
77,-4.6400439,4.201853021365,0.75057869180548
77.1,-4.6418169,4.2021719112463,0.75062407564644
77.2,-4.6414229,4.2026247984605,0.75066947682895
77.3,-4.6424077,4.202927769881,0.75071487415779
77.4,-4.6420142,4.2031916413055,0.75076028111886
77.5,-4.6420142,4.2034989626031,0.75080568423115
77.6,-4.6412261,4.2039241984007,0.75085108734343
77.7,-4.6410288,4.2042154412717,0.75089648274738
77.8,-4.6418169,4.2044753983708,0.75094187622156
77.9,-4.6414229,4.2047902483372,0.75098727740407
78,-4.6420142,4.2051171768737,0.75103267473291
78.1,-4.6410288,4.2054361412268,0.75107807784519
78.2,-4.6418169,4.2057079768401,0.75112347131937
78.3,-4.642605,4.2060858838962,0.75116887250188
78.4,-4.6406348,4.2064480626678,0.75121428139273
78.5,-4.640832,4.2066685697239,0.75125967101323
78.6,-4.6412261,4.2069560482325,0.75130506256252
78.7,-4.6410288,4.2072829767559,0.75135045796647
78.8,-4.6400439,4.2076253982213,0.75139585144065
78.9,-4.6406348,4.2079166411369,0.75144123528161
79,-4.6414229,4.2081884767054,0.75148662490212
79.1,-4.6400439,4.2085310481576,0.75153202223095
79.2,-4.6431958,4.2088343696324,0.75157740607191
79.3,-4.6388623,4.2091099696192,0.75162282074132
79.4,-4.6420142,4.2094210551447,0.75166819302516
79.5,-4.6412261,4.2097557125837,0.75171359613744
79.6,-4.6416201,4.2099877480828,0.7517589915414
79.7,-4.6418169,4.2102910695669,0.75180439079903
79.8,-4.6414229,4.2105666695538,0.75184979198154
79.9,-4.6398472,4.2108541480378,0.75189518931037
80,-4.6410288,4.211135098484,0.75194057122743
80.1,-4.6418169,4.2112718,0.75198596470161
80.2,-0,4.0153444225,0.75203136588412
80.3,-0,4.0132133070742,0.75203136588412
80.4,-0,4.0120446421027,0.75203136588412
80.5,-0,4.0111499011279,0.75203136588412
80.6,-0,4.0103531941367,0.75203136588412
80.7,-0,4.0097736651282,0.75203136588412
80.8,-0,4.009222377158,0.75203136588412
80.9,-0,4.008878836112,0.75203136588412
81,-0,4.0084944711508,0.75203136588412
81.1,-0,4.0080661766797,0.75203136588412
81.2,-0,4.0076675831921,0.75203136588412
81.3,-0,4.0074470356035,0.75203136588412
81.4,-0,4.0072157291246,0.75203136588412
81.5,-0,4.0068407832484,0.75203136588412
81.6,-0,4.0066202356315,0.75203136588412
81.7,-0,4.0063888411622,0.75203136588412
81.8,-0,4.0061523891888,0.75203136588412
81.9,-0,4.0059163291807,0.75203136588412
82,-0,4.0057147356689,0.75203136588412
82.1,-0,4.0055177476823,0.75203136588412
82.2,-0,4.0052167363065,0.75203136588412
82.3,-0,4.0050056356971,0.75203136588412
82.4,-0,4.0049127470802,0.75203136588412
82.5,-0,4.0046607827997,0.75203136588412
82.6,-0,4.0045236006413,0.75203136588412
82.7,-0,4.0044058286233,0.75203136588412
82.8,-0,4.0041835893011,0.75203136588412
82.9,-0,4.0041207935396,0.75203136588412
83,-0,4.0040468471026,0.75203136588412
83.1,-0,4.003794882878,0.75203136588412
83.2,-0,4.0035536893461,0.75203136588412
83.3,-0,4.0036293113234,0.75203136588412
83.4,-0,4.0034009829174,0.75203136588412
83.5,-0,4.0032638006918,0.75203136588412
83.6,-0,4.0031111822461,0.75203136588412
83.7,-0,4.0030574535743,0.75203136588412
83.8,-0,4.0028794358373,0.75203136588412
83.9,-0,4.0028213935582,0.75203136588412
84,-0,4.00271260072,0.75203136588412
84.1,-0,4.0025943887215,0.75203136588412
84.2,-0,4.0024765407112,0.75203136588412
84.3,-0,4.0023583007368,0.75203136588412
84.4,-0,4.0023093415835,0.75203136588412
84.5,-0,4.002200500748,0.75203136588412
84.6,-0,4.002013387896,0.75203136588412
84.7,-0,4.0019898,0.75203136588412
84.8,-0,4.001920195186,0.75203136588412
84.9,-0,4.0017721943472,0.75203136588412
85,-0,4.0016148823507,0.75203136588412
85.1,-0,4.0014574943622,0.75203136588412
85.2,-0,4.0015771056303,0.75203136588412
85.3,-0,4.001491900793,0.75203136588412
85.4,-0,4.0013044359869,0.75203136588412
85.5,-0,4.0013156463918,0.75203136588412
85.6,-0,4.0011470480097,0.75203136588412
85.7,-0,4.0011578064084,0.75203136588412
85.8,-0,4.0009896760039,0.75203136588412
85.9,-0,4.0011045175821,0.75203136588412
86,-0,4.000950136043,0.75203136588412
86.1,-0,4.0007532360523,0.75203136588412
86.2,-0,4.0007987647819,0.75203136588412
86.3,-0,4.0006697824478,0.75203136588412
86.4,-0,4.0006509,0.75203136588412
86.5,-0,4.0005468008604,0.75203136588412
86.6,-0,4.0004633472372,0.75203136588412
86.7,-0,4.0003498888675,0.75203136588412
86.8,-0,4.0003357,0.75203136588412
86.9,-0,4.0002320408622,0.75203136588412
87,-0,4.0002523063843,0.75203136588412
87.1,-0,4.00015298889,0.75203136588412
87.2,-0,4.0001043936195,0.75203136588412
87.3,-0,3.9999957768971,0.75203136588412
87.4,-0,3.9999816,0.75203136588412
87.5,-0,3.9999470176333,0.75203136588412
87.6,-0,3.9998036185575,0.75203136588412
87.7,-0,3.9998539527217,0.75203136588412
87.8,-0,3.999759564921,0.75203136588412
87.9,-0,3.9995374658656,0.75203136588412
88,-0,3.9995091,0.75203136588412
88.1,-0,3.9995436823555,0.75203136588412
88.2,-0,3.9994792352928,0.75203136588412
88.3,-0,3.9995043823517,0.75203136588412
88.4,-0,3.9993704186174,0.75203136588412
88.5,-0,3.9994209286834,0.75203136588412
88.6,-0,3.9993958176539,0.75203136588412
88.7,-0,3.9991831659554,0.75203136588412
88.8,-0,3.9991893823424,0.75203136588412
88.9,-0,3.9992287703363,0.75203136588412
89,-0,3.9991294010009,0.75203136588412
89.1,-0,3.9990113649938,0.75203136588412
89.2,-0,3.9990664526656,0.75203136588412
89.3,-0,3.9991104823331,0.75203136588412
89.4,-0,3.9989767826795,0.75203136588412
89.5,-0,3.9989232296749,0.75203136588412
89.6,-0,3.9988490713578,0.75203136588412
89.7,-0,3.998770347353,0.75203136588412
89.8,-0,3.9987955703195,0.75203136588412
89.9,-0,3.9987310473605,0.75203136588412
90,-0,3.99875618232,0.75203136588412
90.1,-0,3.9986917353637,0.75203136588412
90.2,-0,3.9985436187521,0.75203136588412
90.3,-0,3.9985247,0.75203136588412
90.4,-0,3.9985592823125,0.75203136588412
90.5,-0,3.9984947473829,0.75203136588412
90.6,-0,3.998346618782,0.75203136588412
90.7,-0,3.9984663812105,0.75203136588412
90.8,-0,3.9984853,0.75203136588412
90.9,-0,3.9984160473979,0.75203136588412
91,-0,3.9983371714103,0.75203136588412
91.1,-0,3.9982238651059,0.75203136588412
91.2,-0,3.9981751177024,0.75203136588412
91.3,-0,3.9981357297086,0.75203136588412
91.4,-0,3.9982349228729,0.75203136588412
91.5,-0,3.9981798474203,0.75203136588412
91.6,-0,3.9981009714328,0.75203136588412
91.7,-0,3.9980222474278,0.75203136588412
91.8,-0,3.9980128,0.75203136588412
91.9,-0,3.9980128,0.75203136588412
92,-0,3.9979435474391,0.75203136588412
92.1,-0,3.9979341,0.75203136588412
92.2,-0,3.9979341,0.75203136588412
92.3,-0,3.9978648474502,0.75203136588412
92.4,-0,3.9978554,0.75203136588412
92.5,-0,3.9978205537398,0.75203136588412
92.6,-0,3.99771196519,0.75203136588412
92.7,-0,3.9977324702652,0.75203136588412
92.8,-0,3.9977372,0.75203136588412
92.9,-0,3.9976679474727,0.75203136588412
93,-0,3.9975890714853,0.75203136588412
93.1,-0,3.9976836107732,0.75203136588412
93.2,-0,3.9975937892325,0.75203136588412
93.3,-0,3.997544929746,0.75203136588412
93.4,-0,3.9976442987518,0.75203136588412
93.5,-0,3.9974505664942,0.75203136588412
93.6,-0,3.9974222,0.75203136588412
93.7,-0,3.9974914524974,0.75203136588412
93.8,-0,3.9974663177509,0.75203136588412
93.9,-0,3.997322919029,0.75203136588412
94,-0,3.9974426809634,0.75203136588412
94.1,-0,3.9973576772785,0.75203136588412
94.2,-0,3.9973087417674,0.75203136588412
94.3,-0,3.997304,0.75203136588412
94.4,-0,3.9972000772954,0.75203136588412
94.5,-0,3.9973245809261,0.75203136588412
94.6,-0,3.9972740715452,0.75203136588412
94.7,-0,3.9972300177677,0.75203136588412
94.8,-0,3.9972598822304,0.75203136588412
94.9,-0,3.9971261830904,0.75203136588412
95,-0,3.9972111346755,0.75203136588412
95.1,-0,3.9970173666738,0.75203136588412
95.2,-0,3.996989,0.75203136588412
95.3,-0,3.9969544177789,0.75203136588412
95.4,-0,3.9969497,0.75203136588412
95.5,-0,3.9970535346475,0.75203136588412
95.6,-0,3.9969984475736,0.75203136588412
95.7,-0,3.9970236702091,0.75203136588412
95.8,-0,3.9968553129505,0.75203136588412
95.9,-0,3.9968662822099,0.75203136588412
96,-0,3.996905582208,0.75203136588412
96.1,-0,3.9968411355877,0.75203136588412
96.2,-0,3.9967621836098,0.75203136588412
96.3,-0,3.9966835355952,0.75203136588412
96.4,-0,3.9967086822005,0.75203136588412
96.5,-0,3.9968174985777,0.75203136588412
96.6,-0,3.996796853817,0.75203136588412
96.7,-0,3.9967921,0.75203136588412
96.8,-0,3.9966882654254,0.75203136588412
96.9,-0,3.9966741,0.75203136588412
97,-0,3.9966394298153,0.75203136588412
97.1,-0,3.9966693701829,0.75203136588412
97.2,-0,3.9967432643712,0.75203136588412
97.3,-0,3.9966488654534,0.75203136588412
97.4,-0,3.9965306894683,0.75203136588412
97.5,-0,3.9966551807015,0.75203136588412
97.6,-0,3.9966394298265,0.75203136588412
97.7,-0,3.9965652716614,0.75203136588412
97.8,-0,3.9965212178256,0.75203136588412
97.9,-0,3.9964818298321,0.75203136588412
98,-0,3.996511770166,0.75203136588412
98.1,-0,3.9964818298359,0.75203136588412
98.2,-0,3.9964078476708,0.75203136588412
98.3,-0,3.9964676523255,0.75203136588412
98.4,-0,3.9964425178368,0.75203136588412
98.5,-0,3.9964378,0.75203136588412
98.6,-0,3.9963685476858,0.75203136588412
98.7,-0,3.9964629344681,0.75203136588412
98.8,-0,3.9963732655375,0.75203136588412
98.9,-0,3.9963245178461,0.75203136588412
99,-0,3.996388964304,0.75203136588412
99.1,-0,3.9962943895637,0.75203136588412
99.2,-0,3.9962456178517,0.75203136588412
99.3,-0,3.9963103282787,0.75203136588412
99.4,-0,3.9963198,0.75203136588412
99.5,-0,3.9962503717288,0.75203136588412
99.6,-0,3.9962409,0.75203136588412
99.7,-0,3.9962754821389,0.75203136588412
99.8,-0,3.9962456178629,0.75203136588412
99.9,-0,3.9961716477343,0.75203136588412
100,-0,3.9961622,0.75203136588412
100.1,-0,3.9960581016246,0.75203136588412
100.2,-0,3.9961133282449,0.75203136588412
100.3,-0,3.9960882178723,0.75203136588412
100.4,-0,3.9960835,0.75203136588412
100.5,-0,3.996118082124,0.75203136588412
100.6,-0,3.9960882178779,0.75203136588412
100.7,-0,3.9960140717738,0.75203136588412
100.8,-0,3.9961432804544,0.75203136588412
100.9,-0,3.9960929477717,0.75203136588412
101,-0,3.9960486538997,0.75203136588412
101.1,-0,3.9960787460984,0.75203136588412
101.2,-0,3.9960835,0.75203136588412
101.3,-0,3.995979401692,0.75203136588412
101.4,-0,3.9959652,0.75203136588412
101.5,-0,3.9959306178947,0.75203136588412
101.6,-0,3.9959604821035,0.75203136588412
101.7,-0,3.9959306178984,0.75203136588412
101.8,-0,3.9960297342943,0.75203136588412
101.9,-0,3.9959054836134,0.75203136588412
102,-0,3.9958866,0.75203136588412
102.1,-0,3.9959211820941,0.75203136588412
102.2,-0,3.9958220657281,0.75203136588412
102.3,-0,3.9958424820904,0.75203136588412
102.4,-0,3.9958126179114,0.75203136588412
102.5,-0,3.9959463163418,0.75203136588412
102.6,-0,3.9957919375954,0.75203136588412
102.7,-0,3.9958723982293,0.75203136588412
102.8,-0,3.9958519299238,0.75203136588412
102.9,-0,3.9957777718563,0.75203136588412
103,-0,3.9958031460627,0.75203136588412
103.1,-0,3.995877152146,0.75203136588412
103.2,-0,3.9957479197251,0.75203136588412
103.3,-0,3.9956597478614,0.75203136588412
103.4,-0,3.9957541342047,0.75203136588412
103.5,-0,3.9958031460533,0.75203136588412
103.6,-0,3.9957730539486,0.75203136588412
103.7,-0,3.9956644658121,0.75203136588412
103.8,-0,3.9957195521199,0.75203136588412
103.9,-0,3.9956943299444,0.75203136588412
104,-0,3.9956204358826,0.75203136588412
104.1,-0,3.9956801641136,0.75203136588412
104.2,-0,3.9956896,0.75203136588412
104.3,-0,3.9956896,0.75203136588412
104.4,-0,3.9955857658513,0.75203136588412
104.5,-0,3.9956062700444,0.75203136588412
104.6,-0,3.9955763299575,0.75203136588412
104.7,-0,3.9955716,0.75203136588412
104.8,-0,3.9955367539712,0.75203136588412
104.9,-0,3.9956015160638,0.75203136588412
105,-0,3.995576329965,0.75203136588412
105.1,-0,3.9955367539768,0.75203136588412
105.2,-0,3.995532,0.75203136588412
105.3,-0,3.995532,0.75203136588412
105.4,-0,3.9954628359349,0.75203136588412
105.5,-0,3.9955225640613,0.75203136588412
105.6,-0,3.9954974179712,0.75203136588412
105.7,-0,3.9955272820269,0.75203136588412
105.8,-0,3.995532,0.75203136588412
105.9,-0,3.9954974179768,0.75203136588412
106,-0,3.9955621280276,0.75203136588412
106.1,-0,3.9954675899567,0.75203136588412
106.2,-0,3.9954879820176,0.75203136588412
106.3,-0,3.9954927,0.75203136588412
106.4,-0,3.9955272820139,0.75203136588412
106.5,-0,3.995462835976,0.75203136588412
106.6,-0,3.9954187299949,0.75203136588412
106.7,-0,3.9954832520115,0.75203136588412
106.8,-0,3.9953196139781,0.75203136588412
106.9,-0,3.9952611540107,0.75203136588412
107,-0,3.9953950799904,0.75203136588412
107.1,-0,3.9953794179992,0.75203136588412
107.2,-0,3.9954439519928,0.75203136588412
107.3,-0,3.9953148960219,0.75203136588412
107.4,-0,3.9953305819952,0.75203136588412
107.5,-0,3.9954045519816,0.75203136588412
107.6,-0,3.9953101660307,0.75203136588412
107.7,-0,3.9953305819896,0.75203136588412
107.8,-0,3.9952312900521,0.75203136588412
107.9,-0,3.9952865279564,0.75203136588412
108,-0,3.9953652519629,0.75203136588412
108.1,-0,3.995340030023,0.75203136588412
108.2,-0,3.9952312900746,0.75203136588412
108.3,-0,3.9952171,0.75203136588412
108.4,-0,3.9952516819765,0.75203136588412
108.5,-0,3.9952564,0.75203136588412
108.6,-0,3.9952564,0.75203136588412
108.7,-0,3.9952912459554,0.75203136588412
108.8,-0,3.9951919021134,0.75203136588412
108.9,-0,3.9952817978809,0.75203136588412
109,-0,3.995296,0.75203136588412
109.1,-0,3.9952265720886,0.75203136588412
109.2,-0,3.9952865279077,0.75203136588412
109.3,-0,3.9952265720961,0.75203136588412
109.4,-0,3.995321109858,0.75203136588412
109.5,-0,3.9952658721036,0.75203136588412
109.6,-0,3.9950833142397,0.75203136588412
109.7,-0,3.9952327857509,0.75203136588412
109.8,-0,3.9950833142584,0.75203136588412
109.9,-0,3.9951982037837,0.75203136588412
110,-0,3.9951478481119,0.75203136588412
110.1,-0,3.9951038180552,0.75203136588412
110.2,-0,3.9952375157665,0.75203136588412
110.3,-0,3.9952218180589,0.75203136588412
110.4,-0,3.9951478481268,0.75203136588412
110.5,-0,3.9951038180627,0.75203136588412
110.6,-0,3.995168263871,0.75203136588412
110.7,-0,3.9951777,0.75203136588412
110.8,-0,3.9951431180683,0.75203136588412
110.9,-0,3.9952076518545,0.75203136588412
111,-0,3.9951132662212,0.75203136588412
111.1,-0,3.9951682638523,0.75203136588412
111.2,-0,3.9951085361514,0.75203136588412
111.3,-0,3.9950644300829,0.75203136588412
111.4,-0,3.9950597,0.75203136588412
111.5,-0,3.9950597,0.75203136588412
111.6,-0,3.9950943699115,0.75203136588412
111.7,-0,3.9949604203615,0.75203136588412
111.8,-0,3.9950107518208,0.75203136588412
111.9,-0,3.9950549579006,0.75203136588412
112,-0,3.9950597,0.75203136588412
112.1,-0,3.9950249421032,0.75203136588412
112.2,-0,3.9950202,0.75203136588412
112.3,-0,3.9951242096952,0.75203136588412
112.4,-0,3.9952422337003,0.75203136588412
112.5,-0,3.9950138867268,0.75203136588412
112.6,-0,3.995084897673,0.75203136588412
112.7,-0,3.9949950023326,0.75203136588412
112.8,-0,3.9949115482165,0.75203136588412
112.9,-0,3.9949021,0.75203136588412
113,-0,3.9950407795412,0.75203136588412
113.1,-0,3.9949556903497,0.75203136588412
113.2,-0,3.9949760818869,0.75203136588412
113.3,-0,3.9949808,0.75203136588412
113.4,-0,3.9949808,0.75203136588412
113.5,-0,3.9950154698759,0.75203136588412
113.6,-0,3.9949855301259,0.75203136588412
113.7,-0,3.9950154698722,0.75203136588412
113.8,-0,3.9949509482539,0.75203136588412
113.9,-0,3.9949760818739,0.75203136588412
114,-0,3.9950154698666,0.75203136588412
114.1,-0,3.9950202,0.75203136588412
114.2,-0,3.9949855301371,0.75203136588412
114.3,-0,3.9949115482726,0.75203136588412
114.4,-0,3.9949021,0.75203136588412
114.5,-0,3.9949021,0.75203136588412
114.6,-0,3.9950060215715,0.75203136588412
114.7,-0,3.995054957848,0.75203136588412
114.8,-0,3.9949902723022,0.75203136588412
114.9,-0,3.9949115482951,0.75203136588412
115,-0,3.9949021,0.75203136588412
115.1,-0,3.9949021,0.75203136588412
115.2,-0,3.9950060215379,0.75203136588412
115.3,-0,3.9948816966201,0.75203136588412
115.4,-0,3.9950013033725,0.75203136588412
115.5,-0,3.9949509483175,0.75203136588412
115.6,-0,3.9949415,0.75203136588412
115.7,-0,3.99480299665,0.75203136588412
115.8,-0,3.9948533516713,0.75203136588412
115.9,-0,3.9948973818365,0.75203136588412
116,-0,3.9949021,0.75203136588412
116.1,-0,3.9949021,0.75203136588412
116.2,-0,3.9948675181691,0.75203136588412
116.3,-0,3.9948628,0.75203136588412
116.4,-0,3.9949666334761,0.75203136588412
116.5,-0,3.9948423847042,0.75203136588412
116.6,-0,3.9949273334649,0.75203136588412
116.7,-0,3.9948376665408,0.75203136588412
116.8,-0,3.9948235,0.75203136588412
116.9,-0,3.9948580818179,0.75203136588412
117,-0,3.9949320516265,0.75203136588412
117.1,-0,3.9949068301914,0.75203136588412
117.2,-0,3.9949021,0.75203136588412
117.3,-0,3.9948675181896,0.75203136588412
117.4,-0,3.9948282181915,0.75203136588412
117.5,-0,3.9948580818067,0.75203136588412
117.6,-0,3.9948973818048,0.75203136588412
117.7,-0,3.9949021,0.75203136588412
117.8,-0,3.9948329363979,0.75203136588412
117.9,-0,3.9948235,0.75203136588412
118,-0,3.9947888302083,0.75203136588412
118.1,-0,3.9948533515853,0.75203136588412
118.2,-0,3.9949666333752,0.75203136588412
118.3,-0,3.9948769666305,0.75203136588412
118.4,-0,3.9948973817899,0.75203136588412
118.5,-0,3.9949021,0.75203136588412
118.6,-0,3.9949367697805,0.75203136588412
118.7,-0,3.9948376666529,0.75203136588412
118.8,-0,3.9948235,0.75203136588412
118.9,-0,3.994719402681,0.75203136588412
119,-0,3.9948438790921,0.75203136588412
119.1,-0,3.9947241209155,0.75203136588412
119.2,-0,3.994878460852,0.75203136588412
119.3,-0,3.9948329364539,0.75203136588412
119.4,-0,3.9948235,0.75203136588412
119.5,-0,3.9948235,0.75203136588412
119.6,-0,3.9948580817675,0.75203136588412
119.7,-0,3.9947935484745,0.75203136588412
119.8,-0,3.994818769758,0.75203136588412
119.9,-0,3.9948926635237,0.75203136588412
