kind,name,Tmin_C,Tmean_C,Tmax_C
skin,destiny,-33.33957627562947,-7.557007248113244,35.584994278123645
skin,unity,-32.70919190555182,-6.357386815225834,24.155794794553117
skin,harmony,-33.92586380743023,-2.8010847987828154,38.693292331628925
skin,tranquility,-35.0712685835656,-2.2413465262352674,52.65963428018051
skin,columbus,-39.08680724197444,-6.782030140226437,39.072915414374506
skin,kibo,-34.069218209145504,-1.787496684350793,52.121735639311794
skin,elm,-41.85612805583045,-8.11693636506885,32.99723617170713
skin,quest,-35.14310181471021,-3.914011275092644,48.527432030735156
skin,pmm,-28.92859338570628,-5.790459223509861,39.691194952120725
skin,beam,-36.447947669011825,-6.907776723818663,46.03769876834008
skin,cupola,-23.51521247019599,-5.962760752252695,25.712251802243316
skin,pma1,-34.16064929764758,-12.946744683231877,19.223505124234293
skin,pma2,-38.799131942793736,-8.142249473234921,34.93101395304359
skin,pma3,-40.729358844961524,-9.126567953989303,32.38281918246878
skin,zarya,-75.56769447204246,-34.05626258037705,22.83338313505601
skin,zvezda_f,-74.49541873782218,-36.73344239015476,18.037690387683142
skin,zvezda_a,-79.88195786317272,-34.35439101618227,30.345538809155983
skin,poisk,-84.05812540157515,-39.91284783884263,23.747482371229694
skin,pirs,-57.54421584551642,-39.15314790595959,17.138422541604882
skin,rassvet,-53.359350085710815,-33.20595974518076,10.200497551486308
truss,P6,-76.32613492585247,-18.918158085939794,51.92450204694268
truss,P5,-75.81245542138831,-18.000898329920464,49.257523007721204
truss,P4,-78.96276144696458,-16.047619136260572,70.40411441672978
truss,P3,-64.8812309436741,-14.767973318729242,57.32577849982715
truss,P1,-72.31410544365946,-13.694361086688042,60.98396655815441
truss,S0,-71.668126024354,-16.49990895680097,78.40358101016426
truss,S1,-69.94043482654098,-14.314359298491071,67.00060911202769
truss,S3,-58.32989762331698,-15.868040304168805,78.44829919627375
truss,S4,-72.16057323240014,-17.270871254165097,66.77712495859078
truss,S5,-79.34283174481675,-18.80079216862838,53.22534408488207
truss,S6,-76.25206566878637,-17.950603701557004,64.35432890934334
truss,Z1,-74.2965409053468,-20.78309796195652,44.68525181584988
box,MBSU_1,12.70675157552688,13.561669697733974,14.103100445022392
box,MBSU_4,12.69860505880581,13.547286398593737,14.082596522990912
box,MBSU_2,12.674632331883117,13.512892213179889,14.031316272468302
box,MBSU_3,12.701363531860693,13.552951695934446,14.091975973376634
box,DDCU_S0_1A,21.771157123603473,24.400335547982596,25.98077629467599
box,DDCU_S0_4B,21.75228914198533,24.378140638819993,25.948634613869103
box,DDCU_S0_3B,21.75980189342596,24.383680795729354,25.95682451520679
box,DDCU_S0_2B,21.780644274853103,24.411245057808085,25.987031824390783
box,DDCU_S1_4B,21.72347216383139,24.348652961740406,25.92322298979923
box,DDCU_P1_3A,21.820974606645848,24.44878206263672,26.03266603686336
box,ATA_S1,11.046600800323233,11.265550342452826,11.419513069863058
box,ATA_P1,11.018731385704314,11.244533016038574,11.375546320000637
box,PM_S1,10.477857340192998,10.702566626991393,10.9941681268852
box,PM_P1,10.397623548735453,10.638310209573033,10.916560653255544
box,NTA_S1,10.0922301631972,10.3551490761499,10.72414064278962
box,NTA_P1,10.34361159497513,10.58725053125941,10.905662031987333
box,IEA_P4,9.858054391388293,11.52425986349831,12.382702038012326
box,IEA_P6,9.86038567616265,11.521398273561777,12.373582328775
box,IEA_S4,9.868497652554652,11.53299896884991,12.381444062733522
box,IEA_S6,9.860675211890339,11.52447487785334,12.372685073128366
payload,ELC1,-29.621736358431804,-17.82227792419578,-2.0801581042364887
payload,ELC2,-40.028544090748625,-21.164427032486948,-1.7572503087334326
payload,ELC3,-41.0106087482323,-24.352396381043437,-6.673661295663408
payload,ELC4,-30.456512271367387,-19.374217500253096,-6.037740936543628
payload,AMS02,-39.933722952836234,-17.996816153543996,2.4563423751619666
payload,JEMEF,-38.69993553514655,-17.61798551285533,-2.873349040675862
rack,rk_destiny_0_0,23.439565277748557,24.96494147413638,25.730295641956786
rack,rk_destiny_0_1,23.439564222978618,24.96494145830148,25.7302908840295
rack,rk_destiny_0_2,23.438965510623348,24.96494205564538,25.73023147063816
rack,rk_destiny_0_3,11.780324938706144,13.903759464977481,15.226265872236013
rack,rk_destiny_1_0,23.439565277748784,24.964941474135998,25.730295641956673
rack,rk_destiny_1_1,23.439564222978674,24.964941458301254,25.7302908840295
rack,rk_destiny_1_2,23.438965510623348,24.964942055645135,25.73023147063816
rack,rk_destiny_1_3,11.780324938706315,13.903759464976893,15.226265872236013
rack,rk_destiny_2_0,23.439565277748727,24.96494147413616,25.730295641956786
rack,rk_destiny_2_1,23.439564222978788,24.964941458303628,25.730290884029785
rack,rk_destiny_2_2,23.43896551062346,24.964942055645786,25.730231470638273
rack,rk_destiny_2_3,11.780324938706315,13.903759464976332,15.226265872236013
rack,rk_destiny_3_0,23.439565277748784,24.964941474136378,25.730295641956616
rack,rk_destiny_3_1,23.439564222978674,24.964941458302157,25.73029088402967
rack,rk_destiny_3_2,23.438965510623348,24.964942055645462,25.73023147063816
rack,rk_destiny_3_3,11.780324938706372,13.903759464976893,15.226265872236354
rack,rk_destiny_4_0,23.439565277748613,24.964941474137156,25.730295641956502
rack,rk_destiny_4_1,23.439564222978618,24.964941458302274,25.730290884029614
rack,rk_destiny_4_2,23.438965510623234,24.964942055645725,25.730231470638103
rack,rk_destiny_4_3,11.780324938706201,13.90375946497679,15.226265872236013
rack,rk_destiny_5_0,23.439565277748727,24.96494147413589,25.73029564195673
rack,rk_destiny_5_1,23.439564222978618,24.96494145830296,25.730290884029728
rack,rk_destiny_5_2,23.438965510623177,24.964942055645587,25.73023147063816
rack,rk_destiny_5_3,11.780324938706315,13.903759464977663,15.226265872235956
rack,rk_harmony_0_0,21.4648586703438,22.578865314889992,23.24244214583041
rack,rk_harmony_0_1,21.464873756179372,22.578865313241625,23.24243962368098
rack,rk_harmony_0_2,21.464735310924993,22.578866004538074,23.24238529585716
rack,rk_harmony_0_3,9.96159425828887,11.517683251605273,12.534853603909312
rack,rk_harmony_1_0,21.464858670343858,22.57886531489009,23.242442145830296
rack,rk_harmony_1_1,21.464873756179145,22.578865313242556,23.242439623681264
rack,rk_harmony_1_2,21.464735310925107,22.578866004538718,23.242385295857275
rack,rk_harmony_1_3,9.96159425828904,11.51768325160563,12.534853603909369
rack,rk_tranquility_0_0,22.49178025567727,23.771903383916214,24.43345691209953
rack,rk_tranquility_0_1,22.491783241864994,23.771903393022576,24.433458878922863
rack,rk_tranquility_0_2,22.491325330846735,23.771904027809832,24.43308507264993
rack,rk_tranquility_0_3,10.871115160991167,12.710721472082065,13.880493785316958
rack,rk_tranquility_1_0,22.49178025567727,23.771903383915536,24.433456912099643
rack,rk_tranquility_1_1,22.49178324186488,23.771903393021148,24.433458878922693
rack,rk_tranquility_1_2,22.49132533084679,23.771904027809732,24.43308507264976
rack,rk_tranquility_1_3,10.871115160991053,12.710721472081733,13.880493785317014
rack,rk_tranquility_2_0,22.491780255677327,23.771903383915532,24.433456912099643
rack,rk_tranquility_2_1,22.491783241864823,23.771903393022793,24.433458878922636
rack,rk_tranquility_2_2,22.49132533084679,23.77190402780999,24.433085072649988
rack,rk_tranquility_2_3,10.871115160991167,12.710721472082223,13.880493785317128
rack,rk_tranquility_3_0,22.49178025567727,23.771903383915554,24.433456912099416
rack,rk_tranquility_3_1,22.491783241864994,23.77190339302302,24.433458878922693
rack,rk_tranquility_3_2,22.49132533084679,23.77190402780992,24.43308507264993
rack,rk_tranquility_3_3,10.871115160991167,12.71072147208184,13.880493785317071
rack,rk_columbus_0_0,24.325732788574896,26.157979529462956,27.111633186935194
rack,rk_columbus_0_1,24.325735778632804,26.157979553508365,27.11163561301214
rack,rk_columbus_0_2,24.325159127033373,26.157980091494228,27.110893903902024
rack,rk_columbus_0_3,12.68976715579646,15.09679768641287,16.571904770570143
rack,rk_columbus_1_0,24.325732788574896,26.157979529462327,27.111633186935194
rack,rk_columbus_1_1,24.32573577863286,26.157979553508465,27.11163561301214
rack,rk_columbus_1_2,24.325159127033203,26.15798009149386,27.110893903901967
rack,rk_columbus_1_3,12.689767155796517,15.096797686412954,16.571904770570313
rack,rk_columbus_2_0,24.325732788574896,26.157979529462718,27.111633186935194
rack,rk_columbus_2_1,24.325735778632577,26.157979553508316,27.111635613012027
rack,rk_columbus_2_2,24.325159127033373,26.157980091493766,27.11089390390191
rack,rk_columbus_2_3,12.689767155796403,15.096797686412847,16.571904770570143
rack,rk_columbus_3_0,24.32573278857484,26.157979529462498,27.111633186935194
rack,rk_columbus_3_1,24.325735778632747,26.15797955350766,27.111635613012083
rack,rk_columbus_3_2,24.325159127033373,26.157980091494128,27.11089390390191
rack,rk_columbus_3_3,12.689767155796403,15.096797686413007,16.5719047705702
rack,rk_kibo_0_0,24.325732788574896,26.157979529464054,27.111633186935194
rack,rk_kibo_0_1,24.325735778632747,26.15797955350698,27.111635613012027
rack,rk_kibo_0_2,24.325159127033373,26.157980091494117,27.110893903902138
rack,rk_kibo_0_3,12.68976715579646,15.096797686413668,16.571904770570143
rack,rk_kibo_1_0,24.325732788575067,26.157979529464356,27.111633186935364
rack,rk_kibo_1_1,24.325735778632747,26.157979553506895,27.111635613012027
rack,rk_kibo_1_2,24.325159127033373,26.15798009149437,27.110893903902024
rack,rk_kibo_1_3,12.689767155796403,15.096797686412263,16.571904770570143
rack,rk_kibo_2_0,24.32573278857484,26.157979529463123,27.111633186935194
rack,rk_kibo_2_1,24.325735778632747,26.157979553506756,27.111635613012083
rack,rk_kibo_2_2,24.325159127033373,26.157980091493574,27.11089390390191
rack,rk_kibo_2_3,12.68976715579629,15.09679768641173,16.5719047705702
rack,rk_kibo_3_0,24.325732788575067,26.157979529463383,27.111633186935194
rack,rk_kibo_3_1,24.325735778632747,26.157979553507193,27.111635613012083
rack,rk_kibo_3_2,24.325159127033373,26.157980091493982,27.11089390390191
rack,rk_kibo_3_3,12.68976715579629,15.096797686410921,16.571904770569972
rack,rk_kibo_4_0,24.325732788574896,26.157979529463283,27.111633186935137
rack,rk_kibo_4_1,24.325735778632747,26.15797955350662,27.111635613012027
rack,rk_kibo_4_2,24.325159127033373,26.157980091494014,27.110893903901967
rack,rk_kibo_4_3,12.68976715579629,15.096797686412726,16.571904770569972
rack,rk_kibo_5_0,24.32573278857484,26.1579795294627,27.111633186935023
rack,rk_kibo_5_1,24.325735778632804,26.157979553508238,27.111635613012027
rack,rk_kibo_5_2,24.325159127033373,26.15798009149321,27.110893903902024
rack,rk_kibo_5_3,12.689767155796403,15.09679768641106,16.571904770570143
hrs,HRS_S1-1,-68.41671936928657,-47.333865402138294,-8.166206742634529
hrs,HRS_S1-2,-68.350927815054,-47.288306631585996,-8.154833640519314
hrs,HRS_S1-3,-68.41575118626815,-47.33301050454792,-8.16507168638708
hrs,HRS_P1-1,-67.87124442102262,-47.401382229659845,-8.406705015764999
hrs,HRS_P1-2,-67.80845361609758,-47.359222720812404,-8.39789331762313
hrs,HRS_P1-3,-67.87075346762046,-47.40085715517305,-8.405761899653669
pvr,PVR_P4,-53.69852239781841,-31.897582962166602,-4.593847362285942
pvr,PVR_P6,-53.73969403816773,-31.961248791486174,-4.622133100609233
pvr,PVR_S4,-53.628340974066646,-31.867926542388645,-4.573098977680729
pvr,PVR_S6,-53.6837467207491,-31.94273020692496,-4.59740513353006
saw,SAW_2A,-74.32742937385666,9.658627203389837,66.57843482620729
saw,SAW_4A,-74.07628738644487,9.653476301096106,66.56811402478593
saw,SAW_2B,-74.07627566654435,9.652845576491812,66.56952632059625
saw,SAW_4B,-74.34254001282784,9.657714449338727,66.57740540848863
saw,SAW_1A,-74.07861801614555,9.661232118543818,66.59854453036024
saw,SAW_3A,-74.3652350602298,9.650071918288228,66.56096952102052
saw,SAW_1B,-74.36460084328368,9.649527229706392,66.56017184392857
saw,SAW_3B,-74.07801494294262,9.66050069805483,66.59983365243056
rsa,RSA,-74.48757621326354,9.844984943531076,66.6589812476713
