time_s,P_pv_max_W,P_pv_W,P_load_W,P_B_W,V_B_V,I_B_A,Q_B_W,Q_D_W,SOC,x_n,x_p,T_B_K,connected,latched,valid,event_required,can_supply,reason,i_A,v_cell_V,dx_n_dt,dx_p_dt,q_reversible_cell_W,min_margin,action
0,0,0,-2.8421709430404007e-14,-3.4106051316484809e-13,-3.5527136788005009e-15,0,0,-7.1054273576010019e-15,4.4408920985006262e-16,0,-5.5511151231257827e-17,0,0,0,0,0,0,0,-5.1070259132757201e-15,-2.6645352591003757e-15,-4.4723339615027058e-19,-4.0657581468206416e-20,4.163336342344337e-17,2.7755575615628914e-17,0
10,0,0,0,-3.1263880373444408e-13,1.7763568394002505e-14,0,2.6645352591003757e-15,-5.3290705182007514e-15,-1.1102230246251565e-16,0,-3.8857805861880479e-16,-5.1159076974727213e-13,0,0,0,0,0,0,3.3306690738754696e-15,-2.6645352591003757e-15,-6.7762635780344027e-20,1.3552527156068805e-20,1.214306433183765e-17,0,0
20,0,0,0,-3.1263880373444408e-13,-4.2632564145606011e-14,-1.7763568394002505e-15,-8.8817841970012523e-16,-5.3290705182007514e-15,0,2.2204460492503131e-16,2.2204460492503131e-16,-2.8421709430404007e-13,0,0,0,0,0,0,1.3322676295501878e-15,4.8849813083506888e-15,-3.2526065174565133e-19,0,3.2959746043559335e-17,-3.3306690738754696e-16,0
30,0,0,-2.8421709430404007e-14,-3.4106051316484809e-13,-3.907985046680551e-14,3.5527136788005009e-15,-3.5527136788005009e-15,-7.1054273576010019e-15,-2.2204460492503131e-16,-4.4408920985006262e-16,-1.1102230246251565e-16,-3.979039320256561e-13,0,0,0,0,0,0,2.2204460492503131e-15,-2.6645352591003757e-15,-4.6078592330633938e-19,4.0657581468206416e-20,3.2959746043559335e-17,-3.8857805861880479e-16,0
40,0,0,2.8421709430404007e-14,-2.8421709430404007e-13,-3.5527136788005009e-14,-1.7763568394002505e-15,-1.7763568394002505e-15,-3.5527136788005009e-15,-5.5511151231257827e-16,1.1102230246251565e-16,-1.1102230246251565e-16,2.2737367544323206e-13,0,0,0,0,0,0,3.1086244689504383e-15,3.1086244689504383e-15,-2.3039296165316969e-19,-2.7105054312137611e-20,2.6020852139652106e-17,-4.9960036108132044e-16,0
50,0,0,0,-3.1263880373444408e-13,-1.7763568394002505e-14,-1.7763568394002505e-15,-8.8817841970012523e-16,-5.3290705182007514e-15,-6.6613381477509392e-16,-4.4408920985006262e-16,4.4408920985006262e-16,-3.979039320256561e-13,0,0,0,0,0,0,1.5543122344752192e-15,2.6645352591003757e-15,1.6263032587282567e-19,2.7105054312137611e-20,5.8980598183211441e-17,-5.5511151231257827e-16,0
60,0,0,2.8421709430404007e-14,-2.8421709430404007e-13,3.907985046680551e-14,-3.5527136788005009e-15,2.6645352591003757e-15,-3.5527136788005009e-15,-1.1102230246251565e-16,2.2204460492503131e-16,-2.2204460492503131e-16,-4.5474735088646412e-13,0,0,0,0,0,0,-2.2204460492503131e-15,-4.8849813083506888e-15,-3.6591823321385775e-19,2.7105054312137611e-20,8.6736173798840355e-18,3.6082248300317588e-16,0
70,0,0,2.8421709430404007e-14,-2.8421709430404007e-13,1.7763568394002505e-14,-2.6645352591003757e-15,-2.6645352591003757e-15,-3.5527136788005009e-15,-4.4408920985006262e-16,-5.5511151231257827e-16,1.1102230246251565e-16,-2.8421709430404007e-13,0,0,0,0,0,0,4.6629367034256575e-15,4.8849813083506888e-15,-2.7105054312137611e-20,4.0657581468206416e-20,5.2041704279304213e-17,3.0531133177191805e-16,0
80,0,0,2.8421709430404007e-14,-2.8421709430404007e-13,-3.5527136788005009e-15,8.8817841970012523e-16,-5.3290705182007514e-15,-3.5527136788005009e-15,-6.6613381477509392e-16,-3.3306690738754696e-16,4.4408920985006262e-16,1.7053025658242404e-13,0,0,0,0,0,0,-3.1086244689504383e-15,-3.1086244689504383e-15,-3.3881317890172014e-19,-4.0657581468206416e-20,1.0408340855860843e-17,2.4980018054066022e-16,0
90,0,0,-2.8421709430404007e-14,-3.4106051316484809e-13,3.5527136788005009e-15,1.7763568394002505e-15,-6.2172489379008766e-15,-7.1054273576010019e-15,-3.3306690738754696e-16,-4.4408920985006262e-16,-5.5511151231257827e-17,-3.979039320256561e-13,0,0,0,0,0,0,3.5527136788005009e-15,-2.2204460492503131e-15,4.2012834183813297e-19,4.0657581468206416e-20,3.6429192995512949e-17,3.8857805861880479e-16,0
100,0,0,0,-3.1263880373444408e-13,2.4868995751603507e-14,3.5527136788005009e-15,-1.7763568394002505e-15,-5.3290705182007514e-15,-3.3306690738754696e-16,-5.5511151231257827e-16,-5.5511151231257827e-17,5.6843418860808015e-14,0,0,0,0,0,0,6.6613381477509392e-16,3.1086244689504383e-15,-2.8460307027744491e-19,4.0657581468206416e-20,3.4694469519536142e-17,-4.4408920985006262e-16,0
110,0,0,2.8421709430404007e-14,-2.8421709430404007e-13,2.8421709430404007e-14,3.5527136788005009e-15,-1.3322676295501878e-14,-3.5527136788005009e-15,2.2204460492503131e-16,-6.6613381477509392e-16,-1.6653345369377348e-16,-1.1368683772161603e-13,0,0,0,0,0,0,2.2204460492503131e-15,-3.9968028886505635e-15,4.7433845046240819e-19,4.0657581468206416e-20,-2.6020852139652106e-17,1.1102230246251565e-16,0
120,0,0,2.8421709430404007e-14,-2.8421709430404007e-13,4.9737991503207013e-14,8.8817841970012523e-16,-6.2172489379008766e-15,-3.5527136788005009e-15,-3.3306690738754696e-16,-2.2204460492503131e-16,-2.7755575615628914e-16,5.1159076974727213e-13,0,0,0,0,0,0,5.1070259132757201e-15,3.9968028886505635e-15,3.5236570605778894e-19,-2.7105054312137611e-20,-1.7347234759768071e-18,-1.1102230246251565e-16,0
130,0,0,0,-3.1263880373444408e-13,-3.5527136788005009e-14,0,-1.1546319456101628e-14,-5.3290705182007514e-15,-3.3306690738754696e-16,-5.5511151231257827e-16,5.5511151231257827e-17,-3.4106051316484809e-13,0,0,0,0,0,0,1.7763568394002505e-15,8.8817841970012523e-16,2.7105054312137611e-19,1.3552527156068805e-20,8.6736173798840355e-18,-5.5511151231257827e-17,0
140,0,0,2.8421709430404007e-14,-2.8421709430404007e-13,3.5527136788005009e-15,6.2172489379008766e-15,-1.3322676295501878e-14,-3.5527136788005009e-15,-3.3306690738754696e-16,-3.3306690738754696e-16,3.3306690738754696e-16,-1.7053025658242404e-13,0,0,0,0,0,0,-3.9968028886505635e-15,-4.4408920985006262e-15,-3.2526065174565133e-19,-2.7105054312137611e-20,-3.6429192995512949e-17,2.7755575615628914e-16,0
150,0,0,0,-3.1263880373444408e-13,7.1054273576010019e-15,1.7763568394002505e-15,-7.9936057773011271e-15,-5.3290705182007514e-15,-3.3306690738754696e-16,-1.1102230246251565e-16,-1.6653345369377348e-16,5.1159076974727213e-13,0,0,0,0,0,0,-2.886579864025407e-15,3.5527136788005009e-15,0,2.7105054312137611e-20,6.9388939039072284e-18,1.1102230246251565e-16,0
160,0,0,0,-3.1263880373444408e-13,-3.5527136788005009e-14,5.3290705182007514e-15,-7.9936057773011271e-15,-5.3290705182007514e-15,-1.1102230246251565e-16,0,-2.7755575615628914e-16,5.6843418860808015e-14,0,0,0,0,0,0,-3.9968028886505635e-15,-4.4408920985006262e-15,-2.7105054312137611e-19,0,5.2041704279304213e-17,1.3877787807814457e-16,0
170,0,0,2.8421709430404007e-14,-2.8421709430404007e-13,3.1974423109204508e-14,3.5527136788005009e-15,-1.5987211554602254e-14,-3.5527136788005009e-15,1.1102230246251565e-16,-7.7715611723760958e-16,6.106226635438361e-16,5.6843418860808015e-13,0,0,0,0,0,0,2.2204460492503131e-15,-3.5527136788005009e-15,-3.3881317890172014e-19,-2.7105054312137611e-20,-1.5612511283791264e-17,8.8817841970012523e-16,0
180,0,0,0,-3.1263880373444408e-13,3.907985046680551e-14,2.6645352591003757e-15,-1.5987211554602254e-14,-5.3290705182007514e-15,-6.6613381477509392e-16,-5.5511151231257827e-16,4.4408920985006262e-16,6.2527760746888816e-13,0,0,0,0,0,0,4.4408920985006262e-16,-4.4408920985006262e-16,9.4867690092481638e-20,-1.3552527156068805e-20,4.8572257327350599e-17,4.9960036108132044e-16,0
190,0,0,-2.8421709430404007e-14,-3.4106051316484809e-13,3.5527136788005009e-14,8.8817841970012523e-16,-1.4210854715202004e-14,-7.1054273576010019e-15,-6.6613381477509392e-16,-3.3306690738754696e-16,3.8857805861880479e-16,5.6843418860808015e-13,0,0,0,0,0,0,-1.5543122344752192e-15,-4.4408920985006262e-16,-1.8973538018496328e-19,0,1.214306433183765e-17,2.7755575615628914e-17,0
200,0,0,0,-3.1263880373444408e-13,-2.4868995751603507e-14,-2.6645352591003757e-15,-1.5987211554602254e-14,-5.3290705182007514e-15,-6.6613381477509392e-16,-2.2204460492503131e-16,1.1102230246251565e-16,1.1368683772161603e-13,0,0,0,0,0,0,-3.7747582837255322e-15,1.7763568394002505e-15,1.0842021724855044e-19,-1.3552527156068805e-20,5.8980598183211441e-17,3.0531133177191805e-16,0
210,0,0,2.8421709430404007e-14,-2.8421709430404007e-13,0,0,-1.4210854715202004e-14,-3.5527136788005009e-15,0,-3.3306690738754696e-16,3.3306690738754696e-16,5.6843418860808015e-13,0,0,0,0,0,0,3.3306690738754696e-15,0,-1.6263032587282567e-19,0,2.4286128663675299e-17,8.3266726846886741e-17,0
220,0,0,2.8421709430404007e-14,-2.8421709430404007e-13,4.6185277824406512e-14,-4.4408920985006262e-15,-2.5757174171303632e-14,-3.5527136788005009e-15,-4.4408920985006262e-16,-1.1102230246251565e-16,1.1102230246251565e-16,3.4106051316484809e-13,0,0,0,0,0,0,8.8817841970012523e-16,-1.7763568394002505e-15,2.3039296165316969e-19,-2.7105054312137611e-20,3.4694469519536142e-18,2.7755575615628914e-16,0
230,0,0,2.8421709430404007e-14,-2.8421709430404007e-13,2.8421709430404007e-14,3.5527136788005009e-15,-2.3980817331903381e-14,-3.5527136788005009e-15,-4.4408920985006262e-16,1.1102230246251565e-16,-5.5511151231257827e-17,2.8421709430404007e-13,0,0,0,0,0,0,6.6613381477509392e-16,-3.9968028886505635e-15,-2.574980159653073e-19,1.3552527156068805e-20,4.163336342344337e-17,3.0531133177191805e-16,0
240,0,0,2.8421709430404007e-14,-2.8421709430404007e-13,0,2.6645352591003757e-15,-1.5099033134902129e-14,-3.5527136788005009e-15,-1.1102230246251565e-16,-5.5511151231257827e-16,-3.3306690738754696e-16,5.6843418860808015e-13,0,0,0,0,0,0,-3.1086244689504383e-15,-2.6645352591003757e-15,-2.0328790734103208e-19,-1.3552527156068805e-20,-1.7347234759768071e-18,3.0531133177191805e-16,0
250,0,0,-5.6843418860808015e-14,-3.694822225952521e-13,-3.907985046680551e-14,1.7763568394002505e-15,-1.5987211554602254e-14,-7.1054273576010019e-15,3.3306690738754696e-16,-1.1102230246251565e-16,-2.7755575615628914e-16,2.8421709430404007e-13,0,0,0,0,0,0,-3.1086244689504383e-15,-2.6645352591003757e-15,-2.7105054312137611e-19,0,-3.2959746043559335e-17,2.4980018054066022e-16,0
260,0,0,0,-3.1263880373444408e-13,-3.907985046680551e-14,0,-2.1316282072803006e-14,-5.3290705182007514e-15,-6.6613381477509392e-16,0,3.3306690738754696e-16,0,0,0,0,0,0,0,-3.3306690738754696e-15,5.3290705182007514e-15,-2.7105054312137611e-20,-1.3552527156068805e-20,-2.9490299091605721e-17,1.3877787807814457e-16,0
270,0,0,0,-3.1263880373444408e-13,-1.7763568394002505e-14,-2.6645352591003757e-15,-2.042810365310288e-14,-5.3290705182007514e-15,2.2204460492503131e-16,2.2204460492503131e-16,-2.2204460492503131e-16,0,0,0,0,0,0,0,-4.4408920985006262e-16,-4.4408920985006262e-15,2.574980159653073e-19,2.7105054312137611e-20,4.6837533851373792e-17,1.9428902930940239e-16,0
280,0,0,0,-3.1263880373444408e-13,-1.0658141036401503e-14,-2.6645352591003757e-15,-1.5099033134902129e-14,-5.3290705182007514e-15,-4.4408920985006262e-16,-4.4408920985006262e-16,-3.3306690738754696e-16,6.8212102632969618e-13,0,0,0,0,0,0,4.6629367034256575e-15,-1.3322676295501878e-15,-4.0657581468206416e-19,-1.3552527156068805e-20,4.3368086899420177e-17,0,0
290,0,0,2.8421709430404007e-14,-2.8421709430404007e-13,-3.5527136788005009e-14,0,-1.9539925233402755e-14,-3.5527136788005009e-15,-1.1102230246251565e-16,2.2204460492503131e-16,0,5.6843418860808015e-13,0,0,0,0,0,0,-1.7763568394002505e-15,-1.7763568394002505e-15,1.7618285302889447e-19,-4.0657581468206416e-20,5.2041704279304213e-17,1.1102230246251565e-16,0
300,0,0,2.8421709430404007e-14,-2.8421709430404007e-13,2.8421709430404007e-14,-3.5527136788005009e-15,-1.9539925233402755e-14,-3.5527136788005009e-15,1.1102230246251565e-16,-2.2204460492503131e-16,-5.5511151231257827e-17,0,0,0,0,0,0,0,1.1102230246251565e-15,3.5527136788005009e-15,-4.87890977618477e-19,-2.7105054312137611e-20,1.214306433183765e-17,6.106226635438361e-16,0
310,0,0,5.6843418860808015e-14,-2.5579538487363607e-13,-3.907985046680551e-14,2.6645352591003757e-15,-1.7763568394002505e-14,-1.7763568394002505e-15,-6.6613381477509392e-16,-2.2204460492503131e-16,-2.2204460492503131e-16,1.1368683772161603e-13,0,0,0,0,0,0,3.7747582837255322e-15,-2.2204460492503131e-15,-9.4867690092481638e-20,4.0657581468206416e-20,-2.9490299091605721e-17,-1.1102230246251565e-16,0
320,0,0,-5.6843418860808015e-14,-3.694822225952521e-13,3.907985046680551e-14,-1.7763568394002505e-15,-9.7699626167013776e-15,-7.1054273576010019e-15,-4.4408920985006262e-16,-3.3306690738754696e-16,-3.3306690738754696e-16,1.1368683772161603e-13,0,0,0,0,0,0,3.1086244689504383e-15,2.6645352591003757e-15,-2.9815559743351372e-19,-4.0657581468206416e-20,-3.6429192995512949e-17,-3.3306690738754696e-16,0
330,0,0,0,-3.1263880373444408e-13,4.6185277824406512e-14,-3.5527136788005009e-15,-1.865174681370263e-14,-5.3290705182007514e-15,2.2204460492503131e-16,-4.4408920985006262e-16,0,5.6843418860808015e-14,0,0,0,0,0,0,1.1102230246251565e-15,3.1086244689504383e-15,-5.014435047745458e-19,-2.7105054312137611e-20,1.0408340855860843e-17,-2.2204460492503131e-16,0
340,0,0,-2.8421709430404007e-14,-3.4106051316484809e-13,0,0,-1.3322676295501878e-14,-7.1054273576010019e-15,-4.4408920985006262e-16,2.2204460492503131e-16,-1.1102230246251565e-16,5.6843418860808015e-13,0,0,0,0,0,0,1.7763568394002505e-15,2.6645352591003757e-15,3.6591823321385775e-19,2.7105054312137611e-20,-1.3877787807814457e-17,-1.1102230246251565e-16,0
350,0,0,8.5265128291212022e-14,-2.2737367544323206e-13,-3.907985046680551e-14,-3.5527136788005009e-15,-7.1054273576010019e-15,0,1.1102230246251565e-16,1.1102230246251565e-16,-3.8857805861880479e-16,2.2737367544323206e-13,0,0,0,0,0,0,1.1102230246251565e-15,4.8849813083506888e-15,-1.8973538018496328e-19,4.0657581468206416e-20,-1.9081958235744878e-17,2.7755575615628914e-16,0
360,0,0,-5.6843418860808015e-14,-3.694822225952521e-13,1.4210854715202004e-14,-8.8817841970012523e-16,-1.3322676295501878e-14,-7.1054273576010019e-15,-3.3306690738754696e-16,0,-4.4408920985006262e-16,3.979039320256561e-13,0,0,0,0,0,0,4.8849813083506888e-15,-3.5527136788005009e-15,8.1315162936412833e-20,0,-3.2959746043559335e-17,3.8857805861880479e-16,0
370,0,0,-2.8421709430404007e-14,-3.4106051316484809e-13,1.7763568394002505e-14,2.6645352591003757e-15,-1.7763568394002505e-14,-7.1054273576010019e-15,-1.1102230246251565e-16,2.2204460492503131e-16,-4.4408920985006262e-16,2.8421709430404007e-13,0,0,0,0,0,0,3.7747582837255322e-15,2.2204460492503131e-15,-3.9302328752599536e-19,1.3552527156068805e-20,5.8980598183211441e-17,8.8817841970012523e-16,0
380,0,0,0,-3.1263880373444408e-13,1.4210854715202004e-14,-3.5527136788005009e-15,-1.9539925233402755e-14,-5.3290705182007514e-15,-4.4408920985006262e-16,-2.2204460492503131e-16,-3.3306690738754696e-16,5.1159076974727213e-13,0,0,0,0,0,0,-6.6613381477509392e-16,-3.1086244689504383e-15,4.7433845046240819e-19,0,-2.2551405187698492e-17,-2.7755575615628914e-16,0
390,0,0,-5.6843418860808015e-14,-3.694822225952521e-13,3.907985046680551e-14,-4.4408920985006262e-15,-1.5987211554602254e-14,-7.1054273576010019e-15,2.2204460492503131e-16,0,1.1102230246251565e-16,-1.7053025658242404e-13,0,0,0,0,0,0,-6.6613381477509392e-16,0,-6.7762635780344027e-20,-5.4210108624275222e-20,4.163336342344337e-17,4.4408920985006262e-16,0
400,0,0,0,-3.1263880373444408e-13,4.2632564145606011e-14,-8.8817841970012523e-16,-1.865174681370263e-14,-5.3290705182007514e-15,2.2204460492503131e-16,1.1102230246251565e-16,-3.8857805861880479e-16,7.3896444519050419e-13,0,0,0,0,0,0,-2.2204460492503131e-16,-2.2204460492503131e-15,1.2197274440461925e-19,-2.7105054312137611e-20,-3.2959746043559335e-17,2.7755575615628914e-16,0
410,0,0,2.8421709430404007e-14,-2.8421709430404007e-13,4.6185277824406512e-14,8.8817841970012523e-16,-1.6875389974302379e-14,-3.5527136788005009e-15,1.1102230246251565e-16,-1.1102230246251565e-16,-3.3306690738754696e-16,1.1368683772161603e-13,0,0,0,0,0,0,-1.5543122344752192e-15,8.8817841970012523e-16,-4.0657581468206416e-20,-4.0657581468206416e-20,4.163336342344337e-17,5.5511151231257827e-17,0
420,0,0,-2.8421709430404007e-14,-3.4106051316484809e-13,-1.0658141036401503e-14,-1.7763568394002505e-15,-2.7533531010703882e-14,-7.1054273576010019e-15,0,-2.2204460492503131e-16,2.2204460492503131e-16,0,0,0,0,0,0,0,-1.9984014443252818e-15,-1.3322676295501878e-15,-3.1170812458958252e-19,-6.7762635780344027e-20,2.9490299091605721e-17,-3.3306690738754696e-16,0
430,0,0,2.8421709430404007e-14,-2.8421709430404007e-13,2.4868995751603507e-14,-4.4408920985006262e-15,-1.6875389974302379e-14,-3.5527136788005009e-15,1.1102230246251565e-16,1.1102230246251565e-16,-4.9960036108132044e-16,5.6843418860808015e-14,0,0,0,0,0,0,-3.9968028886505635e-15,4.4408920985006262e-16,1.6263032587282567e-19,4.0657581468206416e-20,-3.1225022567582528e-17,-3.8857805861880479e-16,0
440,0,0,5.6843418860808015e-14,-2.5579538487363607e-13,-2.1316282072803006e-14,8.8817841970012523e-16,-2.6645352591003757e-14,-1.7763568394002505e-15,2.2204460492503131e-16,-6.6613381477509392e-16,3.3306690738754696e-16,7.9580786405131221e-13,0,0,0,0,0,0,3.5527136788005009e-15,2.2204460492503131e-15,-1.4907779871675686e-19,-2.7105054312137611e-20,2.4286128663675299e-17,-1.1102230246251565e-16,0
450,0,0,-2.8421709430404007e-14,-3.4106051316484809e-13,4.9737991503207013e-14,-4.4408920985006262e-15,-2.5757174171303632e-14,-7.1054273576010019e-15,-4.4408920985006262e-16,-4.4408920985006262e-16,-2.7755575615628914e-16,3.979039320256561e-13,0,0,0,0,0,0,-2.4424906541753444e-15,-3.5527136788005009e-15,-1.3552527156068805e-19,1.3552527156068805e-20,-2.0816681711721685e-17,5.5511151231257827e-17,0
460,0,0,9.0665253082988784e-12,9.2370555648813024e-12,-4.2632564145606011e-14,3.2507330161024584e-13,3.4905411894214922e-13,4.7251091928046662e-13,-8.8817841970012523e-16,0,0,5.6843418860808015e-14,0,0,0,0,0,0,5.2402526762307389e-14,-5.3290705182007514e-15,-4.4994390158148434e-18,2.9137933385547932e-18,6.9909356081865326e-16,-4.9960036108132044e-16,0
470,0,0,3.106492840743158e-11,3.2372327041230164e-11,-8.5265128291212022e-14,1.1004530620084552e-12,1.2470025012589758e-12,1.6289192217300297e-12,-4.4408920985006262e-16,-8.8817841970012523e-16,4.4408920985006262e-16,-1.7053025658242404e-13,0,0,0,0,0,0,1.8007817459420039e-13,-1.0658141036401503e-14,-1.5693826446727677e-17,1.0137290312739466e-17,2.256875242245826e-15,-4.5519144009631418e-15,0
480,0,0,-3.4788172342814505e-11,-3.694822225952521e-11,7.815970093361102e-14,-1.2425616091604752e-12,-1.4432899320127035e-12,-1.836752971939859e-12,-2.2204460492503131e-16,-9.9920072216264089e-16,-3.3306690738754696e-16,6.8212102632969618e-13,0,0,0,0,0,0,-2.0872192862952943e-13,1.4654943925052066e-14,1.7618285302889447e-17,-1.1357017756785659e-17,-2.5153490401663703e-15,5.5511151231257827e-15,0
490,0,0,-2.0094148567295633e-11,-2.1458390619955026e-11,8.1712414612411521e-14,-7.1498362785860081e-13,-8.3844042819691822e-13,-1.0622613899613498e-12,-3.3306690738754696e-16,-5.5511151231257827e-16,1.6653345369377348e-16,4.5474735088646412e-13,0,0,0,0,0,0,-1.1590728377086634e-13,7.5495165674510645e-15,1.07742590890747e-17,-6.5729756706933706e-18,-1.4450246554886803e-15,3.1641356201816961e-15,0
500,0,0,-9.3223206931725144e-12,-1.0118128557223827e-11,3.5527136788005009e-14,-3.3040237212844659e-13,-3.943512183468556e-13,-4.9560355819266988e-13,-4.4408920985006262e-16,-2.2204460492503131e-16,5.5511151231257827e-17,1.1368683772161603e-13,0,0,0,0,0,0,-5.1736392947532295e-14,1.7763568394002505e-15,4.9331198848090452e-18,-3.0357660829594124e-18,-6.2450045135165055e-16,1.2212453270876722e-15,0
510,0,0,-2.5579538487363607e-12,-3.0127011996228248e-12,3.1974423109204508e-14,-8.7041485130612273e-14,-1.1990408665951691e-13,-1.4033219031261979e-13,0,-6.6613381477509392e-16,-4.4408920985006262e-16,6.2527760746888816e-13,0,0,0,0,0,0,-1.4654943925052066e-14,-1.3322676295501878e-15,1.2197274440461925e-18,-7.9959910220805952e-19,-1.700029006457271e-16,8.8817841970012523e-16,0
520,0,0,-1.1368683772161603e-13,-4.2632564145606011e-13,3.5527136788005009e-15,0,-2.2204460492503131e-14,-1.0658141036401503e-14,-5.5511151231257827e-16,-7.7715611723760958e-16,0,5.6843418860808015e-14,0,0,0,0,0,0,1.7763568394002505e-15,4.4408920985006262e-16,4.3368086899420177e-19,-5.4210108624275222e-20,-5.2041704279304213e-18,3.3306690738754696e-16,0
530,0,0,-2.8421709430404007e-14,-3.4106051316484809e-13,3.907985046680551e-14,-8.8817841970012523e-16,-2.3980817331903381e-14,-7.1054273576010019e-15,-4.4408920985006262e-16,-6.6613381477509392e-16,-1.6653345369377348e-16,6.2527760746888816e-13,0,0,0,0,0,0,-5.1070259132757201e-15,-2.6645352591003757e-15,-3.1170812458958252e-19,2.7105054312137611e-20,-8.6736173798840355e-18,4.9960036108132044e-16,0
540,0,0,-2.8421709430404007e-14,-3.4106051316484809e-13,3.5527136788005009e-15,-3.5527136788005009e-15,-3.1086244689504383e-14,-7.1054273576010019e-15,-1.1102230246251565e-16,-1.1102230246251565e-16,1.6653345369377348e-16,-5.6843418860808015e-14,0,0,0,0,0,0,-6.6613381477509392e-16,4.4408920985006262e-16,-1.0842021724855044e-19,-8.1315162936412833e-20,-1.7347234759768071e-17,-2.7755575615628914e-16,0
550,0,0,2.8421709430404007e-14,-2.8421709430404007e-13,1.4210854715202004e-14,8.8817841970012523e-16,-2.3092638912203256e-14,-3.5527136788005009e-15,-7.7715611723760958e-16,-2.2204460492503131e-16,-5.5511151231257827e-16,6.8212102632969618e-13,0,0,0,0,0,0,-4.6629367034256575e-15,-3.1086244689504383e-15,-2.7105054312137611e-20,0,1.214306433183765e-17,-3.8857805861880479e-16,0
560,0,0,0,-3.1263880373444408e-13,5.6843418860808015e-14,-2.6645352591003757e-15,-2.3092638912203256e-14,-5.3290705182007514e-15,-2.2204460492503131e-16,-2.2204460492503131e-16,5.5511151231257827e-17,1.7053025658242404e-13,0,0,0,0,0,0,-5.3290705182007514e-15,-4.4408920985006262e-16,5.014435047745458e-19,1.3552527156068805e-20,5.7245874707234634e-17,2.7755575615628914e-16,0
570,0,0,-2.8421709430404007e-14,-3.4106051316484809e-13,4.2632564145606011e-14,-5.3290705182007514e-15,-2.1316282072803006e-14,-7.1054273576010019e-15,-7.7715611723760958e-16,-8.8817841970012523e-16,-4.9960036108132044e-16,0,0,0,0,0,0,0,4.2188474935755949e-15,4.4408920985006262e-16,-3.1170812458958252e-19,-1.3552527156068805e-20,6.9388939039072284e-18,6.6613381477509392e-16,0
580,0,0,-2.8421709430404007e-14,-3.4106051316484809e-13,-1.7763568394002505e-14,-2.6645352591003757e-15,-1.865174681370263e-14,-7.1054273576010019e-15,-5.5511151231257827e-16,-4.4408920985006262e-16,-1.6653345369377348e-16,3.979039320256561e-13,0,0,0,0,0,0,-4.4408920985006262e-16,-4.4408920985006262e-15,2.1684043449710089e-19,-2.7105054312137611e-20,3.1225022567582528e-17,-1.1102230246251565e-16,0
590,0,0,0,-3.1263880373444408e-13,2.4868995751603507e-14,0,-1.9539925233402755e-14,-5.3290705182007514e-15,-8.8817841970012523e-16,-2.2204460492503131e-16,-4.9960036108132044e-16,3.979039320256561e-13,0,0,0,0,0,0,-4.8849813083506888e-15,-4.4408920985006262e-15,-4.7433845046240819e-19,1.3552527156068805e-20,7.9797279894933126e-17,2.2204460492503131e-16,0
600,0,0,-2.8421709430404007e-14,-3.4106051316484809e-13,3.907985046680551e-14,-7.9936057773011271e-15,-2.8421709430404007e-14,-7.1054273576010019e-15,-3.3306690738754696e-16,-2.2204460492503131e-16,-1.6653345369377348e-16,4.5474735088646412e-13,0,0,0,0,0,0,3.7747582837255322e-15,2.6645352591003757e-15,-2.7105054312137611e-20,-2.7105054312137611e-20,2.7755575615628914e-17,5.5511151231257827e-16,0
610,0,0,-5.6843418860808015e-14,-3.694822225952521e-13,3.1974423109204508e-14,2.6645352591003757e-15,-1.5099033134902129e-14,-7.1054273576010019e-15,-7.7715611723760958e-16,-4.4408920985006262e-16,-3.3306690738754696e-16,1.1368683772161603e-13,0,0,0,0,0,0,-1.1102230246251565e-15,-3.5527136788005009e-15,4.0657581468206416e-20,1.3552527156068805e-20,-1.7347234759768071e-17,5.5511151231257827e-17,0
620,0,0,2.8421709430404007e-14,-2.8421709430404007e-13,-1.4210854715202004e-14,-3.5527136788005009e-15,-2.3980817331903381e-14,-3.5527136788005009e-15,-4.4408920985006262e-16,-7.7715611723760958e-16,0,-1.1368683772161603e-13,0,0,0,0,0,0,4.4408920985006262e-15,-1.7763568394002505e-15,-4.0657581468206416e-19,-4.0657581468206416e-20,6.4184768611141862e-17,4.4408920985006262e-16,0
630,0,0,0,-3.1263880373444408e-13,-1.7763568394002505e-14,-2.6645352591003757e-15,-1.4210854715202004e-14,-5.3290705182007514e-15,-8.8817841970012523e-16,-1.1102230246251565e-16,-6.6613381477509392e-16,2.2737367544323206e-13,0,0,0,0,0,0,-1.9984014443252818e-15,-4.8849813083506888e-15,-2.7105054312137611e-19,-1.3552527156068805e-20,5.0306980803327406e-17,-1.6653345369377348e-16,0
640,0,0,5.6843418860808015e-14,-2.5579538487363607e-13,2.8421709430404007e-14,1.7763568394002505e-15,-1.1546319456101628e-14,-1.7763568394002505e-15,-5.5511151231257827e-16,-2.2204460492503131e-16,-5.5511151231257827e-16,-5.6843418860808015e-14,0,0,0,0,0,0,-4.6629367034256575e-15,3.5527136788005009e-15,-1.7618285302889447e-19,-2.7105054312137611e-20,1.5612511283791264e-17,6.106226635438361e-16,0
650,0,0,0,-3.1263880373444408e-13,7.1054273576010019e-15,8.8817841970012523e-16,-2.1316282072803006e-14,-5.3290705182007514e-15,-2.2204460492503131e-16,-5.5511151231257827e-16,2.7755575615628914e-16,0,0,0,0,0,0,0,3.5527136788005009e-15,-3.9968028886505635e-15,3.6591823321385775e-19,0,2.0816681711721685e-17,0,0
660,0,0,-2.8421709430404007e-14,-3.4106051316484809e-13,-1.4210854715202004e-14,-4.4408920985006262e-15,-2.1316282072803006e-14,-7.1054273576010019e-15,-1.1102230246251565e-16,-1.1102230246251565e-16,-3.3306690738754696e-16,-5.6843418860808015e-14,0,0,0,0,0,0,-2.4424906541753444e-15,4.4408920985006262e-16,-2.574980159653073e-19,-6.7762635780344027e-20,0,7.2164496600635175e-16,0
670,0,0,-2.8421709430404007e-14,-3.4106051316484809e-13,4.9737991503207013e-14,-1.7763568394002505e-15,-1.3322676295501878e-14,-7.1054273576010019e-15,0,-2.2204460492503131e-16,-3.3306690738754696e-16,-5.6843418860808015e-14,0,0,0,0,0,0,-1.9984014443252818e-15,-1.3322676295501878e-15,-2.1684043449710089e-19,-1.3552527156068805e-20,5.377642775528102e-17,4.4408920985006262e-16,0
680,0,0,-2.8421709430404007e-14,-3.4106051316484809e-13,3.5527136788005009e-15,-8.8817841970012523e-16,-2.1316282072803006e-14,-7.1054273576010019e-15,-7.7715611723760958e-16,-5.5511151231257827e-16,-1.1102230246251565e-16,-2.2737367544323206e-13,0,0,0,0,0,0,-5.1070259132757201e-15,4.4408920985006262e-16,-3.3881317890172014e-19,1.3552527156068805e-20,3.4694469519536142e-18,5.5511151231257827e-17,0
690,0,0,-5.6843418860808015e-14,-3.694822225952521e-13,-7.1054273576010019e-15,-3.5527136788005009e-15,-2.1316282072803006e-14,-7.1054273576010019e-15,-7.7715611723760958e-16,-2.2204460492503131e-16,-5.5511151231257827e-16,2.2737367544323206e-13,0,0,0,0,0,0,-6.6613381477509392e-16,1.7763568394002505e-15,1.6263032587282567e-19,-1.3552527156068805e-20,-1.7347234759768071e-18,-3.8857805861880479e-16,0
700,0,0,-2.8421709430404007e-14,-3.4106051316484809e-13,1.7763568394002505e-14,-6.2172489379008766e-15,-1.5099033134902129e-14,-7.1054273576010019e-15,-5.5511151231257827e-16,-3.3306690738754696e-16,-2.2204460492503131e-16,0,0,0,0,0,0,0,3.9968028886505635e-15,0,6.7762635780344027e-20,-6.7762635780344027e-20,4.163336342344337e-17,5.5511151231257827e-17,0
710,0,0,5.6843418860808015e-14,-2.5579538487363607e-13,-4.2632564145606011e-14,4.4408920985006262e-15,-1.1546319456101628e-14,-1.7763568394002505e-15,1.1102230246251565e-16,-5.5511151231257827e-16,-2.2204460492503131e-16,1.1368683772161603e-13,0,0,0,0,0,0,-8.8817841970012523e-16,2.2204460492503131e-15,-2.0328790734103208e-19,5.4210108624275222e-20,5.377642775528102e-17,1.1102230246251565e-16,0
720,0,0,-2.8421709430404007e-14,-3.4106051316484809e-13,3.1974423109204508e-14,8.8817841970012523e-16,-6.2172489379008766e-15,-7.1054273576010019e-15,0,-1.1102230246251565e-16,0,5.6843418860808015e-14,0,0,0,0,0,0,-1.3322676295501878e-15,3.9968028886505635e-15,3.5236570605778894e-19,-1.3552527156068805e-20,3.4694469519536142e-17,2.7755575615628914e-16,0
730,0,0,2.8421709430404007e-14,-2.8421709430404007e-13,3.1974423109204508e-14,2.6645352591003757e-15,-9.7699626167013776e-15,-3.5527136788005009e-15,-7.7715611723760958e-16,-6.6613381477509392e-16,1.1102230246251565e-16,6.2527760746888816e-13,0,0,0,0,0,0,4.4408920985006262e-16,-8.8817841970012523e-16,-4.3368086899420177e-19,0,-1.214306433183765e-17,3.8857805861880479e-16,0
740,0,0,0,-3.1263880373444408e-13,-3.1974423109204508e-14,-1.7763568394002505e-15,-1.7763568394002505e-14,-5.3290705182007514e-15,-5.5511151231257827e-16,-6.6613381477509392e-16,3.3306690738754696e-16,5.1159076974727213e-13,0,0,0,0,0,0,1.3322676295501878e-15,3.5527136788005009e-15,2.1684043449710089e-19,2.7105054312137611e-20,8.3266726846886741e-17,-5.5511151231257827e-17,0
750,0,0,2.8421709430404007e-14,-2.8421709430404007e-13,-2.1316282072803006e-14,-2.6645352591003757e-15,-1.5987211554602254e-14,-3.5527136788005009e-15,-8.8817841970012523e-16,-3.3306690738754696e-16,0,2.8421709430404007e-13,0,0,0,0,0,0,1.1102230246251565e-15,4.8849813083506888e-15,-9.4867690092481638e-20,2.7105054312137611e-20,6.7654215563095477e-17,-1.1102230246251565e-16,0
760,0,0,2.8421709430404007e-14,-2.8421709430404007e-13,-4.2632564145606011e-14,-8.8817841970012523e-16,-1.865174681370263e-14,-3.5527136788005009e-15,-8.8817841970012523e-16,-1.1102230246251565e-16,1.1102230246251565e-16,6.2527760746888816e-13,0,0,0,0,0,0,-1.7763568394002505e-15,4.8849813083506888e-15,4.0657581468206416e-20,2.7105054312137611e-20,5.7245874707234634e-17,-5.5511151231257827e-17,0
770,0,0,5.6843418860808015e-14,-2.5579538487363607e-13,2.4868995751603507e-14,0,-1.9539925233402755e-14,-1.7763568394002505e-15,-1.1102230246251565e-16,-1.1102230246251565e-16,-3.3306690738754696e-16,5.6843418860808015e-13,0,0,0,0,0,0,-3.5527136788005009e-15,8.8817841970012523e-16,-4.87890977618477e-19,-5.4210108624275222e-20,1.7347234759768071e-18,-1.6653345369377348e-16,0
780,0,0,0,-3.1263880373444408e-13,1.4210854715202004e-14,-2.6645352591003757e-15,-1.6875389974302379e-14,-5.3290705182007514e-15,-9.9920072216264089e-16,-8.8817841970012523e-16,2.2204460492503131e-16,6.2527760746888816e-13,0,0,0,0,0,0,4.6629367034256575e-15,-3.1086244689504383e-15,4.6078592330633938e-19,0,0,1.6653345369377348e-16,0
790,0,0,8.5265128291212022e-14,-2.2737367544323206e-13,-1.4210854715202004e-14,-1.7763568394002505e-15,-1.4210854715202004e-14,0,-6.6613381477509392e-16,-7.7715611723760958e-16,0,5.6843418860808015e-14,0,0,0,0,0,0,3.1086244689504383e-15,-1.7763568394002505e-15,-1.6263032587282567e-19,2.7105054312137611e-20,7.8062556418956319e-17,2.2204460492503131e-16,0
800,0,0,-5.6843418860808015e-14,-3.694822225952521e-13,-2.4868995751603507e-14,-4.4408920985006262e-15,-2.3092638912203256e-14,-7.1054273576010019e-15,-1.1102230246251565e-16,-6.6613381477509392e-16,-3.3306690738754696e-16,1.1368683772161603e-13,0,0,0,0,0,0,-4.2188474935755949e-15,-3.1086244689504383e-15,-9.4867690092481638e-20,-5.4210108624275222e-20,5.5511151231257827e-17,2.2204460492503131e-16,0
810,0,0,5.6843418860808015e-14,-2.5579538487363607e-13,5.6843418860808015e-14,4.4408920985006262e-15,-1.865174681370263e-14,-1.7763568394002505e-15,-1.1102230246251565e-16,-1.1102230246251565e-16,0,2.8421709430404007e-13,0,0,0,0,0,0,2.4424906541753444e-15,1.7763568394002505e-15,-4.87890977618477e-19,4.0657581468206416e-20,2.2551405187698492e-17,1.6653345369377348e-16,0
820,0,0,-5.6843418860808015e-14,-3.694822225952521e-13,0,0,-2.4868995751603507e-14,-7.1054273576010019e-15,0,-3.3306690738754696e-16,-1.1102230246251565e-16,2.8421709430404007e-13,0,0,0,0,0,0,-3.3306690738754696e-15,4.8849813083506888e-15,-2.574980159653073e-19,0,2.9490299091605721e-17,-5.5511151231257827e-16,0
830,0,0,-2.8421709430404007e-14,-3.4106051316484809e-13,1.7763568394002505e-14,-3.5527136788005009e-15,-2.2204460492503131e-14,-7.1054273576010019e-15,-6.6613381477509392e-16,-6.6613381477509392e-16,1.1102230246251565e-16,7.3896444519050419e-13,0,0,0,0,0,0,-3.9968028886505635e-15,-2.6645352591003757e-15,-4.4723339615027058e-19,-5.4210108624275222e-20,5.2041704279304213e-18,5.5511151231257827e-17,0
840,0,0,5.6843418860808015e-14,-2.5579538487363607e-13,-2.1316282072803006e-14,-4.4408920985006262e-15,-2.4868995751603507e-14,-1.7763568394002505e-15,-2.2204460492503131e-16,-4.4408920985006262e-16,-3.3306690738754696e-16,5.6843418860808015e-14,0,0,0,0,0,0,8.8817841970012523e-16,2.2204460492503131e-15,4.6078592330633938e-19,2.7105054312137611e-20,-2.6020852139652106e-17,-1.1102230246251565e-16,0
850,0,0,2.8421709430404007e-14,-2.8421709430404007e-13,-1.0658141036401503e-14,2.6645352591003757e-15,-1.9539925233402755e-14,-3.5527136788005009e-15,-5.5511151231257827e-16,-2.2204460492503131e-16,-1.1102230246251565e-16,-2.8421709430404007e-13,0,0,0,0,0,0,3.7747582837255322e-15,3.5527136788005009e-15,8.1315162936412833e-20,1.3552527156068805e-20,-2.0816681711721685e-17,-1.6653345369377348e-16,0
860,0,0,2.8421709430404007e-14,-2.8421709430404007e-13,3.1974423109204508e-14,1.7763568394002505e-15,-2.7533531010703882e-14,-3.5527136788005009e-15,1.1102230246251565e-16,-1.1102230246251565e-16,-3.3306690738754696e-16,0,0,0,0,0,0,0,-4.6629367034256575e-15,1.3322676295501878e-15,2.8460307027744491e-19,-4.0657581468206416e-20,-1.7347234759768071e-18,0,0
870,0,0,2.8421709430404007e-14,-2.8421709430404007e-13,-2.8421709430404007e-14,-1.7763568394002505e-15,-2.042810365310288e-14,-3.5527136788005009e-15,0,-5.5511151231257827e-16,-3.3306690738754696e-16,5.1159076974727213e-13,0,0,0,0,0,0,3.1086244689504383e-15,1.3322676295501878e-15,-1.4907779871675686e-19,2.7105054312137611e-20,-8.6736173798840355e-18,6.106226635438361e-16,0
880,0,0,5.6843418860808015e-14,-2.5579538487363607e-13,2.1316282072803006e-14,2.6645352591003757e-15,-1.5099033134902129e-14,-1.7763568394002505e-15,-4.4408920985006262e-16,-3.3306690738754696e-16,0,-1.1368683772161603e-13,0,0,0,0,0,0,4.4408920985006262e-16,2.6645352591003757e-15,1.8973538018496328e-19,0,-2.0816681711721685e-17,0,0
890,0,0,-5.6843418860808015e-14,-3.694822225952521e-13,-2.4868995751603507e-14,-3.5527136788005009e-15,-2.042810365310288e-14,-7.1054273576010019e-15,-5.5511151231257827e-16,0,0,3.4106051316484809e-13,0,0,0,0,0,0,-2.2204460492503131e-15,-4.4408920985006262e-16,-5.4210108624275222e-20,-1.3552527156068805e-20,5.377642775528102e-17,1.6653345369377348e-16,0
900,0,0,-5.6843418860808015e-14,-3.694822225952521e-13,-2.4868995751603507e-14,-3.5527136788005009e-15,-2.4868995751603507e-14,-7.1054273576010019e-15,0,-2.2204460492503131e-16,-3.3306690738754696e-16,2.8421709430404007e-13,0,0,0,0,0,0,4.2188474935755949e-15,-8.8817841970012523e-16,4.0657581468206416e-19,-1.3552527156068805e-20,2.9490299091605721e-17,4.9960036108132044e-16,0
910,0,0,-8.5265128291212022e-14,-3.979039320256561e-13,-3.5527136788005009e-14,0,-2.8421709430404007e-14,-8.8817841970012523e-15,2.2204460492503131e-16,-3.3306690738754696e-16,-4.4408920985006262e-16,2.2737367544323206e-13,0,0,0,0,0,0,1.5543122344752192e-15,-4.4408920985006262e-15,-1.6263032587282567e-19,0,-3.4694469519536142e-17,-5.5511151231257827e-17,0
920,0,0,-2.8421709430404007e-14,-3.4106051316484809e-13,5.3290705182007514e-14,-7.1054273576010019e-15,-3.2862601528904634e-14,-7.1054273576010019e-15,1.1102230246251565e-16,0,4.4408920985006262e-16,-1.1368683772161603e-13,0,0,0,0,0,0,-2.886579864025407e-15,3.9968028886505635e-15,-1.7618285302889447e-19,-5.4210108624275222e-20,4.5102810375396984e-17,0,0
930,0,0,-2.8421709430404007e-14,-3.4106051316484809e-13,-3.5527136788005009e-14,-3.5527136788005009e-15,-2.2204460492503131e-14,-7.1054273576010019e-15,3.3306690738754696e-16,-2.2204460492503131e-16,-1.1102230246251565e-16,1.7053025658242404e-13,0,0,0,0,0,0,1.1102230246251565e-15,-4.4408920985006262e-15,4.2012834183813297e-19,2.7105054312137611e-20,6.9388939039072284e-18,7.7715611723760958e-16,0
940,0,0,-5.6843418860808015e-14,-3.694822225952521e-13,4.9737991503207013e-14,-8.8817841970012523e-16,-2.042810365310288e-14,-7.1054273576010019e-15,-1.1102230246251565e-16,-2.2204460492503131e-16,-3.3306690738754696e-16,1.7053025658242404e-13,0,0,0,0,0,0,1.5543122344752192e-15,-3.9968028886505635e-15,9.4867690092481638e-20,-5.4210108624275222e-20,-1.0408340855860843e-17,4.9960036108132044e-16,0
950,0,0,0,-3.1263880373444408e-13,5.3290705182007514e-14,-3.5527136788005009e-15,-2.6645352591003757e-14,-5.3290705182007514e-15,2.2204460492503131e-16,1.1102230246251565e-16,2.2204460492503131e-16,0,0,0,0,0,0,0,-3.9968028886505635e-15,1.7763568394002505e-15,-4.3368086899420177e-19,-2.7105054312137611e-20,3.8163916471489756e-17,2.7755575615628914e-16,0
960,0,0,-5.6843418860808015e-14,-3.694822225952521e-13,2.8421709430404007e-14,-5.3290705182007514e-15,-2.2204460492503131e-14,-7.1054273576010019e-15,1.1102230246251565e-16,-3.3306690738754696e-16,-1.1102230246251565e-16,1.1368683772161603e-13,0,0,0,0,0,0,-2.4424906541753444e-15,-3.9968028886505635e-15,-1.8973538018496328e-19,2.7105054312137611e-20,1.3877787807814457e-17,1.6653345369377348e-16,0
970,0,0,2.8421709430404007e-14,-2.8421709430404007e-13,-2.8421709430404007e-14,-2.6645352591003757e-15,-2.042810365310288e-14,-3.5527136788005009e-15,-3.3306690738754696e-16,-1.1102230246251565e-16,0,1.1368683772161603e-13,0,0,0,0,0,0,-1.9984014443252818e-15,3.9968028886505635e-15,-4.0657581468206416e-19,1.3552527156068805e-20,-3.4694469519536142e-17,7.2164496600635175e-16,0
980,0,0,2.8421709430404007e-14,-2.8421709430404007e-13,5.6843418860808015e-14,0,-2.9309887850104133e-14,-3.5527136788005009e-15,1.1102230246251565e-16,3.3306690738754696e-16,0,5.1159076974727213e-13,0,0,0,0,0,0,-1.5543122344752192e-15,-4.4408920985006262e-16,1.4907779871675686e-19,-2.7105054312137611e-20,-3.4694469519536142e-18,8.3266726846886741e-16,0
990,0,0,2.8421709430404007e-14,-2.8421709430404007e-13,1.7763568394002505e-14,-2.6645352591003757e-15,-2.7533531010703882e-14,-3.5527136788005009e-15,-3.3306690738754696e-16,5.5511151231257827e-17,-2.2204460492503131e-16,6.2527760746888816e-13,0,0,0,0,0,0,4.4408920985006262e-15,2.2204460492503131e-15,4.87890977618477e-19,0,1.0408340855860843e-17,8.3266726846886741e-16,0
1000,0,0,-2.8421709430404007e-14,-3.4106051316484809e-13,3.5527136788005009e-14,8.8817841970012523e-16,-3.2862601528904634e-14,-7.1054273576010019e-15,-2.2204460492503131e-16,3.3306690738754696e-16,0,5.6843418860808015e-13,0,0,0,0,0,0,2.2204460492503131e-16,1.7763568394002505e-15,-1.6263032587282567e-19,1.3552527156068805e-20,-1.0408340855860843e-17,1.0547118733938987e-15,0
1010,0,0,0,-3.1263880373444408e-13,-2.8421709430404007e-14,-5.3290705182007514e-15,-3.907985046680551e-14,-5.3290705182007514e-15,2.2204460492503131e-16,-1.1102230246251565e-16,5.5511151231257827e-16,8.5265128291212022e-13,0,0,0,0,0,0,4.2188474935755949e-15,-8.8817841970012523e-16,-1.6263032587282567e-19,-1.3552527156068805e-20,-2.7755575615628914e-17,3.3306690738754696e-16,0
1020,0,0,-8.5265128291212022e-14,-3.979039320256561e-13,4.9737991503207013e-14,-7.9936057773011271e-15,-3.2862601528904634e-14,-8.8817841970012523e-15,-1.1102230246251565e-16,1.1102230246251565e-16,2.2204460492503131e-16,6.2527760746888816e-13,0,0,0,0,0,0,-1.3322676295501878e-15,-3.5527136788005009e-15,-3.9302328752599536e-19,-1.3552527156068805e-20,3.4694469519536142e-17,2.7755575615628914e-16,0
1030,0,0,0,-3.1263880373444408e-13,-2.4868995751603507e-14,-5.3290705182007514e-15,-2.8421709430404007e-14,-5.3290705182007514e-15,-1.1102230246251565e-16,-5.5511151231257827e-17,3.3306690738754696e-16,3.4106051316484809e-13,0,0,0,0,0,0,-2.4424906541753444e-15,-4.4408920985006262e-16,-3.6591823321385775e-19,-5.4210108624275222e-20,3.4694469519536142e-17,2.7755575615628914e-16,0
1040,0,0,-5.6843418860808015e-14,-3.694822225952521e-13,-3.907985046680551e-14,-8.8817841970012523e-16,-3.0198066269804258e-14,-7.1054273576010019e-15,0,5.5511151231257827e-16,2.2204460492503131e-16,-1.7053025658242404e-13,0,0,0,0,0,0,-5.1070259132757201e-15,2.6645352591003757e-15,-4.0657581468206416e-20,-6.7762635780344027e-20,-1.0408340855860843e-17,1.3322676295501878e-15,0
1050,0,0,2.8421709430404007e-14,-2.8421709430404007e-13,3.907985046680551e-14,4.4408920985006262e-15,-2.4868995751603507e-14,-3.5527136788005009e-15,0,1.6653345369377348e-16,1.1102230246251565e-16,0,0,0,0,0,0,0,2.4424906541753444e-15,4.8849813083506888e-15,2.9815559743351372e-19,-2.7105054312137611e-20,3.8163916471489756e-17,8.8817841970012523e-16,0
1060,0,0,2.8421709430404007e-14,-2.8421709430404007e-13,-3.5527136788005009e-14,-8.8817841970012523e-16,-3.4638958368304884e-14,-3.5527136788005009e-15,6.6613381477509392e-16,2.2204460492503131e-16,3.3306690738754696e-16,-5.6843418860808015e-14,0,0,0,0,0,0,-3.5527136788005009e-15,5.773159728050814e-15,2.9815559743351372e-19,-5.4210108624275222e-20,-1.0408340855860843e-17,8.8817841970012523e-16,0
1070,0,0,5.6843418860808015e-14,-2.5579538487363607e-13,-3.907985046680551e-14,-8.8817841970012523e-16,-2.4868995751603507e-14,-1.7763568394002505e-15,1.1102230246251565e-16,4.4408920985006262e-16,2.2204460492503131e-16,-1.7053025658242404e-13,0,0,0,0,0,0,-1.7763568394002505e-15,2.6645352591003757e-15,4.2012834183813297e-19,-1.3552527156068805e-20,0,4.4408920985006262e-16,0
1080,0,0,5.6843418860808015e-14,-2.5579538487363607e-13,-3.5527136788005009e-15,1.7763568394002505e-15,-2.5757174171303632e-14,-1.7763568394002505e-15,6.6613381477509392e-16,2.2204460492503131e-16,6.6613381477509392e-16,-1.1368683772161603e-13,0,0,0,0,0,0,-4.8849813083506888e-15,4.4408920985006262e-15,-2.1684043449710089e-19,-1.3552527156068805e-20,4.163336342344337e-17,7.2164496600635175e-16,0
1090,0,0,-5.6843418860808015e-14,-3.694822225952521e-13,0,0,-2.3092638912203256e-14,-7.1054273576010019e-15,-1.1102230246251565e-16,5.5511151231257827e-16,4.4408920985006262e-16,2.2737367544323206e-13,0,0,0,0,0,0,3.3306690738754696e-15,4.8849813083506888e-15,-4.0657581468206416e-20,-9.4867690092481638e-20,3.1225022567582528e-17,8.3266726846886741e-16,0
1100,0,0,2.8421709430404007e-14,-2.8421709430404007e-13,7.1054273576010019e-15,0,-2.6645352591003757e-14,-3.5527136788005009e-15,4.4408920985006262e-16,4.4408920985006262e-16,7.7715611723760958e-16,0,0,0,0,0,0,0,4.8849813083506888e-15,8.8817841970012523e-16,1.6263032587282567e-19,-2.7105054312137611e-20,1.3877787807814457e-17,3.8857805861880479e-16,0
1110,0,0,2.8421709430404007e-14,-2.8421709430404007e-13,6.0396132539608516e-14,8.8817841970012523e-16,-2.3980817331903381e-14,-3.5527136788005009e-15,1.1102230246251565e-16,0,-1.1102230246251565e-16,2.2737367544323206e-13,0,0,0,0,0,0,-3.3306690738754696e-15,4.8849813083506888e-15,4.87890977618477e-19,4.0657581468206416e-20,1.3877787807814457e-17,3.3306690738754696e-16,0
1120,0,0,0,-3.1263880373444408e-13,1.0658141036401503e-14,8.8817841970012523e-16,-3.2862601528904634e-14,-5.3290705182007514e-15,0,1.1102230246251565e-16,5.5511151231257827e-16,8.5265128291212022e-13,0,0,0,0,0,0,-3.1086244689504383e-15,-8.8817841970012523e-16,2.3039296165316969e-19,0,2.0816681711721685e-17,3.3306690738754696e-16,0
1130,0,0,0,-3.1263880373444408e-13,1.0658141036401503e-14,-5.3290705182007514e-15,-2.6645352591003757e-14,-5.3290705182007514e-15,1.1102230246251565e-16,-1.1102230246251565e-16,0,5.6843418860808015e-13,0,0,0,0,0,0,-3.9968028886505635e-15,3.9968028886505635e-15,-9.4867690092481638e-20,-2.7105054312137611e-20,-2.0816681711721685e-17,-5.5511151231257827e-17,0
1140,0,0,5.6843418860808015e-14,-2.5579538487363607e-13,-1.7763568394002505e-14,-2.6645352591003757e-15,-2.1316282072803006e-14,-1.7763568394002505e-15,5.5511151231257827e-16,1.6653345369377348e-16,4.4408920985006262e-16,2.8421709430404007e-13,0,0,0,0,0,0,2.886579864025407e-15,0,-4.0657581468206416e-19,1.3552527156068805e-20,3.4694469519536142e-18,7.7715611723760958e-16,0
1150,0,0,-2.8421709430404007e-14,-3.4106051316484809e-13,4.6185277824406512e-14,-4.4408920985006262e-15,-2.9309887850104133e-14,-7.1054273576010019e-15,-1.1102230246251565e-16,-1.6653345369377348e-16,3.3306690738754696e-16,5.1159076974727213e-13,0,0,0,0,0,0,2.4424906541753444e-15,8.8817841970012523e-16,-4.6078592330633938e-19,2.7105054312137611e-20,-4.8572257327350599e-17,1.1657341758564144e-15,0
1160,0,0,-5.6843418860808015e-14,-3.694822225952521e-13,2.4868995751603507e-14,-2.6645352591003757e-15,-3.6415315207705135e-14,-7.1054273576010019e-15,4.4408920985006262e-16,6.6613381477509392e-16,5.5511151231257827e-16,1.1368683772161603e-13,0,0,0,0,0,0,4.4408920985006262e-15,3.1086244689504383e-15,1.3552527156068805e-19,0,-1.3877787807814457e-17,2.7755575615628914e-16,0
1170,0,0,2.8421709430404007e-14,-2.8421709430404007e-13,1.4210854715202004e-14,-8.8817841970012523e-16,-3.1974423109204508e-14,-3.5527136788005009e-15,4.4408920985006262e-16,7.7715611723760958e-16,5.5511151231257827e-16,3.979039320256561e-13,0,0,0,0,0,0,3.1086244689504383e-15,-3.1086244689504383e-15,2.3039296165316969e-19,-5.4210108624275222e-20,-4.163336342344337e-17,2.2204460492503131e-16,0
1180,0,0,-2.8421709430404007e-14,-3.4106051316484809e-13,0,-5.3290705182007514e-15,-3.3750779948604759e-14,-7.1054273576010019e-15,6.6613381477509392e-16,-1.6653345369377348e-16,0,1.1368683772161603e-13,0,0,0,0,0,0,-6.6613381477509392e-16,4.8849813083506888e-15,5.4210108624275222e-20,1.3552527156068805e-20,-3.1225022567582528e-17,6.106226635438361e-16,0
1190,0,0,2.8421709430404007e-14,-2.8421709430404007e-13,-1.0658141036401503e-14,-2.6645352591003757e-15,-3.2862601528904634e-14,-3.5527136788005009e-15,6.6613381477509392e-16,3.8857805861880479e-16,-2.2204460492503131e-16,-1.1368683772161603e-13,0,0,0,0,0,0,-5.3290705182007514e-15,-1.3322676295501878e-15,1.3552527156068805e-20,-4.0657581468206416e-20,-5.8980598183211441e-17,1.2212453270876722e-15,0
1200,0,0,0,-3.1263880373444408e-13,-4.6185277824406512e-14,0,-2.6645352591003757e-14,-5.3290705182007514e-15,5.5511151231257827e-16,7.2164496600635175e-16,0,7.3896444519050419e-13,0,0,0,0,0,0,-3.3306690738754696e-15,-4.4408920985006262e-16,3.3881317890172014e-19,0,3.4694469519536142e-17,3.8857805861880479e-16,0
1210,0,0,-8.5265128291212022e-14,-3.979039320256561e-13,2.1316282072803006e-14,2.6645352591003757e-15,-3.5527136788005009e-14,-8.8817841970012523e-15,5.5511151231257827e-16,-2.2204460492503131e-16,-1.1102230246251565e-16,6.2527760746888816e-13,0,0,0,0,0,0,-4.4408920985006262e-15,-2.2204460492503131e-15,-3.1170812458958252e-19,2.7105054312137611e-20,1.3877787807814457e-17,7.2164496600635175e-16,0
1220,0,0,-2.8421709430404007e-14,-3.4106051316484809e-13,2.4868995751603507e-14,-7.1054273576010019e-15,-3.3750779948604759e-14,-7.1054273576010019e-15,4.4408920985006262e-16,0,6.6613381477509392e-16,0,0,0,0,0,0,0,3.7747582837255322e-15,-1.7763568394002505e-15,4.2012834183813297e-19,-4.0657581468206416e-20,3.4694469519536142e-17,1.1102230246251565e-16,0
1230,0,0,-5.6843418860808015e-14,-3.694822225952521e-13,2.8421709430404007e-14,-4.4408920985006262e-15,-2.6645352591003757e-14,-7.1054273576010019e-15,5.5511151231257827e-16,5.5511151231257827e-16,1.1102230246251565e-16,6.8212102632969618e-13,0,0,0,0,0,0,4.2188474935755949e-15,-1.3322676295501878e-15,-1.3552527156068805e-20,-2.7105054312137611e-20,-5.2041704279304213e-17,7.2164496600635175e-16,0
1240,0,0,8.5265128291212022e-14,-2.2737367544323206e-13,2.8421709430404007e-14,4.4408920985006262e-15,-2.8421709430404007e-14,0,-1.1102230246251565e-16,5.5511151231257827e-17,4.4408920985006262e-16,2.2737367544323206e-13,0,0,0,0,0,0,-2.6645352591003757e-15,-1.3322676295501878e-15,-3.2526065174565133e-19,-4.0657581468206416e-20,-3.4694469519536142e-18,4.4408920985006262e-16,0
1250,0,0,0,-3.1263880373444408e-13,1.0658141036401503e-14,1.7763568394002505e-15,-2.4868995751603507e-14,-5.3290705182007514e-15,7.7715611723760958e-16,5.5511151231257827e-16,6.6613381477509392e-16,5.1159076974727213e-13,0,0,0,0,0,0,-2.886579864025407e-15,3.5527136788005009e-15,1.3552527156068805e-19,-1.3552527156068805e-20,6.9388939039072284e-18,1.609823385706477e-15,0
1260,0,0,0,-3.1263880373444408e-13,-1.7763568394002505e-14,-3.5527136788005009e-15,-2.042810365310288e-14,-5.3290705182007514e-15,2.2204460492503131e-16,-1.1102230246251565e-16,2.2204460492503131e-16,4.5474735088646412e-13,0,0,0,0,0,0,-3.9968028886505635e-15,5.3290705182007514e-15,3.5236570605778894e-19,1.3552527156068805e-20,-1.7347234759768071e-17,8.3266726846886741e-16,0
1270,0,0,-2.8421709430404007e-14,-3.4106051316484809e-13,-2.4868995751603507e-14,0,-2.9309887850104133e-14,-7.1054273576010019e-15,5.5511151231257827e-16,2.2204460492503131e-16,7.7715611723760958e-16,7.3896444519050419e-13,0,0,0,0,0,0,-3.5527136788005009e-15,-3.1086244689504383e-15,-1.6263032587282567e-19,0,-1.7347234759768071e-17,5.5511151231257827e-16,0
1280,0,0,-5.6843418860808015e-14,-3.694822225952521e-13,-3.5527136788005009e-15,-5.3290705182007514e-15,-2.5757174171303632e-14,-7.1054273576010019e-15,3.3306690738754696e-16,1.6653345369377348e-16,2.2204460492503131e-16,4.5474735088646412e-13,0,0,0,0,0,0,2.4424906541753444e-15,-2.6645352591003757e-15,-1.6263032587282567e-19,-2.7105054312137611e-20,-5.8980598183211441e-17,1.3322676295501878e-15,0
1290,0,0,-2.8421709430404007e-14,-3.4106051316484809e-13,4.9737991503207013e-14,1.7763568394002505e-15,-2.9309887850104133e-14,-7.1054273576010019e-15,0,-5.5511151231257827e-17,4.4408920985006262e-16,6.2527760746888816e-13,0,0,0,0,0,0,2.2204460492503131e-16,-3.9968028886505635e-15,-3.5236570605778894e-19,-2.7105054312137611e-20,-5.2041704279304213e-17,1.1102230246251565e-15,0
1300,0,0,-5.6843418860808015e-14,-3.694822225952521e-13,-3.5527136788005009e-14,2.6645352591003757e-15,-3.1974423109204508e-14,-7.1054273576010019e-15,-1.1102230246251565e-16,2.2204460492503131e-16,7.7715611723760958e-16,0,0,0,0,0,0,0,2.2204460492503131e-15,-4.4408920985006262e-15,-2.574980159653073e-19,2.7105054312137611e-20,-6.591949208711867e-17,8.3266726846886741e-16,0
1310,0,0,0,-3.1263880373444408e-13,2.1316282072803006e-14,-2.6645352591003757e-15,-3.6415315207705135e-14,-5.3290705182007514e-15,6.6613381477509392e-16,0,4.4408920985006262e-16,6.8212102632969618e-13,0,0,0,0,0,0,1.3322676295501878e-15,5.3290705182007514e-15,-3.5236570605778894e-19,4.0657581468206416e-20,-4.5102810375396984e-17,5.5511151231257827e-16,0
1320,0,0,-2.8421709430404007e-14,-3.4106051316484809e-13,-7.1054273576010019e-15,-8.8817841970012523e-16,-2.6645352591003757e-14,-7.1054273576010019e-15,3.3306690738754696e-16,-5.5511151231257827e-17,6.6613381477509392e-16,-5.6843418860808015e-14,0,0,0,0,0,0,-1.7763568394002505e-15,1.3322676295501878e-15,-1.0842021724855044e-19,-5.4210108624275222e-20,-3.4694469519536142e-18,4.4408920985006262e-16,0
1330,0,0,2.8421709430404007e-14,-2.8421709430404007e-13,-4.2632564145606011e-14,-2.6645352591003757e-15,-2.042810365310288e-14,-3.5527136788005009e-15,7.7715611723760958e-16,-5.5511151231257827e-17,5.5511151231257827e-16,-1.1368683772161603e-13,0,0,0,0,0,0,1.1102230246251565e-15,4.8849813083506888e-15,3.9302328752599536e-19,1.3552527156068805e-20,-4.5102810375396984e-17,7.7715611723760958e-16,0
1340,0,0,-5.6843418860808015e-14,-3.694822225952521e-13,3.5527136788005009e-14,-3.5527136788005009e-15,-2.6645352591003757e-14,-7.1054273576010019e-15,3.8857805861880479e-16,3.3306690738754696e-16,4.4408920985006262e-16,1.7053025658242404e-13,0,0,0,0,0,0,4.4408920985006262e-15,4.4408920985006262e-15,1.0842021724855044e-19,0,-4.8572257327350599e-17,8.3266726846886741e-16,0
1350,0,0,-2.8421709430404007e-14,-3.4106051316484809e-13,1.0658141036401503e-14,-7.9936057773011271e-15,-3.2862601528904634e-14,-7.1054273576010019e-15,9.4368957093138306e-16,8.8817841970012523e-16,7.7715611723760958e-16,7.3896444519050419e-13,0,0,0,0,0,0,-4.6629367034256575e-15,-3.9968028886505635e-15,8.1315162936412833e-20,-8.1315162936412833e-20,-1.0408340855860843e-17,2.2204460492503131e-16,0
1360,0,0,2.8421709430404007e-14,-2.8421709430404007e-13,-4.6185277824406512e-14,0,-2.042810365310288e-14,-3.5527136788005009e-15,8.8817841970012523e-16,4.4408920985006262e-16,1.1102230246251565e-16,5.6843418860808015e-13,0,0,0,0,0,0,-4.8849813083506888e-15,-3.1086244689504383e-15,-2.574980159653073e-19,-1.3552527156068805e-20,-1.7347234759768071e-17,3.3306690738754696e-16,0
1370,0,0,0,-3.1263880373444408e-13,2.8421709430404007e-14,1.7763568394002505e-15,-2.1316282072803006e-14,-5.3290705182007514e-15,1.6653345369377348e-16,3.3306690738754696e-16,7.7715611723760958e-16,6.2527760746888816e-13,0,0,0,0,0,0,-3.1086244689504383e-15,-3.9968028886505635e-15,-2.7105054312137611e-19,-4.0657581468206416e-20,6.9388939039072284e-18,1.1657341758564144e-15,0
1380,0,0,-8.5265128291212022e-14,-3.979039320256561e-13,-3.1974423109204508e-14,-1.7763568394002505e-15,-2.8421709430404007e-14,-8.8817841970012523e-15,7.2164496600635175e-16,7.2164496600635175e-16,2.2204460492503131e-16,2.2737367544323206e-13,0,0,0,0,0,0,-3.5527136788005009e-15,-1.3322676295501878e-15,-3.7947076036992655e-19,-6.7762635780344027e-20,-4.163336342344337e-17,7.2164496600635175e-16,0
1390,0,0,-2.8421709430404007e-14,-3.4106051316484809e-13,2.1316282072803006e-14,-4.4408920985006262e-15,-2.4868995751603507e-14,-7.1054273576010019e-15,3.8857805861880479e-16,2.2204460492503131e-16,2.2204460492503131e-16,3.4106051316484809e-13,0,0,0,0,0,0,2.4424906541753444e-15,-2.2204460492503131e-15,3.6591823321385775e-19,-4.0657581468206416e-20,0,4.4408920985006262e-16,0
1400,0,0,5.6843418860808015e-14,-2.5579538487363607e-13,2.1316282072803006e-14,0,-2.4868995751603507e-14,-1.7763568394002505e-15,-5.5511151231257827e-17,-5.5511151231257827e-17,0,1.1368683772161603e-13,0,0,0,0,0,0,-1.5543122344752192e-15,4.8849813083506888e-15,-1.0842021724855044e-19,0,2.0816681711721685e-17,7.2164496600635175e-16,0
1410,0,0,0,-3.1263880373444408e-13,-3.907985046680551e-14,-6.2172489379008766e-15,-3.5527136788005009e-14,-5.3290705182007514e-15,1.1102230246251565e-16,5.5511151231257827e-17,1.1102230246251565e-16,6.2527760746888816e-13,0,0,0,0,0,0,-2.6645352591003757e-15,-2.2204460492503131e-15,2.7105054312137611e-19,0,2.7755575615628914e-17,1.1657341758564144e-15,0
1420,0,0,-5.6843418860808015e-14,-3.694822225952521e-13,-3.907985046680551e-14,2.6645352591003757e-15,-2.7533531010703882e-14,-7.1054273576010019e-15,5.5511151231257827e-17,2.7755575615628914e-16,3.3306690738754696e-16,-1.1368683772161603e-13,0,0,0,0,0,0,3.7747582837255322e-15,4.8849813083506888e-15,3.7947076036992655e-19,2.7105054312137611e-20,-5.2041704279304213e-17,1.0547118733938987e-15,0
1430,0,0,-2.8421709430404007e-14,-3.4106051316484809e-13,3.5527136788005009e-15,-7.9936057773011271e-15,-2.5757174171303632e-14,-7.1054273576010019e-15,0,6.106226635438361e-16,8.8817841970012523e-16,-1.7053025658242404e-13,0,0,0,0,0,0,-1.3322676295501878e-15,2.6645352591003757e-15,-1.3552527156068805e-20,1.3552527156068805e-20,-5.2041704279304213e-17,8.3266726846886741e-16,0
1440,0,0,5.6843418860808015e-14,-2.5579538487363607e-13,1.4210854715202004e-14,8.8817841970012523e-16,-2.2204460492503131e-14,-1.7763568394002505e-15,2.7755575615628914e-16,5.5511151231257827e-16,0,-1.1368683772161603e-13,0,0,0,0,0,0,3.3306690738754696e-15,-8.8817841970012523e-16,3.9302328752599536e-19,0,1.7347234759768071e-17,7.2164496600635175e-16,0
1450,0,0,8.5265128291212022e-14,-2.2737367544323206e-13,3.5527136788005009e-15,3.5527136788005009e-15,-2.042810365310288e-14,0,4.4408920985006262e-16,5.5511151231257827e-16,9.9920072216264089e-16,-2.2737367544323206e-13,0,0,0,0,0,0,2.2204460492503131e-15,-2.2204460492503131e-15,-2.574980159653073e-19,-1.3552527156068805e-20,-6.2450045135165055e-17,6.106226635438361e-16,0
1460,0,0,-5.6843418860808015e-14,-3.694822225952521e-13,-1.0658141036401503e-14,2.6645352591003757e-15,-2.4868995751603507e-14,-7.1054273576010019e-15,3.8857805861880479e-16,3.8857805861880479e-16,3.3306690738754696e-16,-5.6843418860808015e-14,0,0,0,0,0,0,4.4408920985006262e-16,-1.3322676295501878e-15,2.1684043449710089e-19,-1.3552527156068805e-20,1.0408340855860843e-17,1.3877787807814457e-15,0
1470,0,0,-5.6843418860808015e-14,-3.694822225952521e-13,2.8421709430404007e-14,-1.7763568394002505e-15,-2.9309887850104133e-14,-7.1054273576010019e-15,6.106226635438361e-16,7.2164496600635175e-16,5.5511151231257827e-16,-5.6843418860808015e-14,0,0,0,0,0,0,3.1086244689504383e-15,-1.3322676295501878e-15,6.7762635780344027e-20,1.3552527156068805e-20,-3.1225022567582528e-17,1.0547118733938987e-15,0
1480,0,0,2.8421709430404007e-14,-2.8421709430404007e-13,-3.907985046680551e-14,4.4408920985006262e-15,-2.7533531010703882e-14,-3.5527136788005009e-15,4.4408920985006262e-16,1.1102230246251565e-16,6.6613381477509392e-16,6.8212102632969618e-13,0,0,0,0,0,0,3.9968028886505635e-15,2.2204460492503131e-15,-4.87890977618477e-19,-2.7105054312137611e-20,-3.4694469519536142e-17,8.3266726846886741e-16,0
1490,0,0,-2.8421709430404007e-14,-3.4106051316484809e-13,-4.2632564145606011e-14,0,-2.5757174171303632e-14,-7.1054273576010019e-15,0,7.2164496600635175e-16,7.7715611723760958e-16,5.6843418860808015e-14,0,0,0,0,0,0,0,4.8849813083506888e-15,3.2526065174565133e-19,-1.3552527156068805e-20,6.9388939039072284e-18,1.3877787807814457e-15,0
1500,0,0,-5.6843418860808015e-14,-3.694822225952521e-13,3.907985046680551e-14,-6.2172489379008766e-15,-3.3750779948604759e-14,-7.1054273576010019e-15,1.6653345369377348e-16,1.6653345369377348e-16,4.4408920985006262e-16,2.2737367544323206e-13,0,0,0,0,0,0,-2.6645352591003757e-15,-2.6645352591003757e-15,1.0842021724855044e-19,-8.1315162936412833e-20,-4.163336342344337e-17,4.9960036108132044e-16,0
1510,0,0,0,-3.1263880373444408e-13,1.0658141036401503e-14,1.7763568394002505e-15,-3.1974423109204508e-14,-5.3290705182007514e-15,4.9960036108132044e-16,-2.2204460492503131e-16,8.8817841970012523e-16,3.979039320256561e-13,0,0,0,0,0,0,-1.3322676295501878e-15,-8.8817841970012523e-16,-3.6591823321385775e-19,-5.4210108624275222e-20,3.4694469519536142e-17,4.9960036108132044e-16,0
1520,0,0,-5.6843418860808015e-14,-3.694822225952521e-13,1.4210854715202004e-14,-8.8817841970012523e-16,-2.3092638912203256e-14,-7.1054273576010019e-15,4.9960036108132044e-16,2.7755575615628914e-16,5.5511151231257827e-16,-1.7053025658242404e-13,0,0,0,0,0,0,3.3306690738754696e-15,4.4408920985006262e-15,-1.4907779871675686e-19,5.4210108624275222e-20,0,6.6613381477509392e-16,0
1530,0,0,-5.6843418860808015e-14,-3.694822225952521e-13,0,-3.5527136788005009e-15,-2.9309887850104133e-14,-7.1054273576010019e-15,2.7755575615628914e-16,2.7755575615628914e-16,3.3306690738754696e-16,1.1368683772161603e-13,0,0,0,0,0,0,1.1102230246251565e-15,-2.6645352591003757e-15,5.014435047745458e-19,2.7105054312137611e-20,-6.9388939039072284e-18,1.4988010832439613e-15,0
1540,0,0,0,-3.1263880373444408e-13,4.6185277824406512e-14,-7.1054273576010019e-15,-3.5527136788005009e-14,-5.3290705182007514e-15,6.6613381477509392e-16,6.106226635438361e-16,3.3306690738754696e-16,5.1159076974727213e-13,0,0,0,0,0,0,-2.886579864025407e-15,-4.4408920985006262e-15,-1.8973538018496328e-19,-4.0657581468206416e-20,-3.4694469519536142e-17,1.4432899320127035e-15,0
1550,0,0,0,-3.1263880373444408e-13,1.0658141036401503e-14,-8.8817841970012523e-16,-3.4638958368304884e-14,-5.3290705182007514e-15,-2.2204460492503131e-16,3.8857805861880479e-16,6.6613381477509392e-16,-1.1368683772161603e-13,0,0,0,0,0,0,-2.2204460492503131e-16,-8.8817841970012523e-16,-2.439454888092385e-19,1.3552527156068805e-20,-6.591949208711867e-17,1.3877787807814457e-15,0
1560,0,0,-5.6843418860808015e-14,-3.694822225952521e-13,-4.9737991503207013e-14,-1.7763568394002505e-15,-2.5757174171303632e-14,-7.1054273576010019e-15,6.6613381477509392e-16,0,3.3306690738754696e-16,-5.6843418860808015e-14,0,0,0,0,0,0,1.3322676295501878e-15,3.5527136788005009e-15,2.1684043449710089e-19,-4.0657581468206416e-20,0,1.3322676295501878e-15,0
1570,0,0,-2.8421709430404007e-14,-3.4106051316484809e-13,2.8421709430404007e-14,-8.8817841970012523e-16,-3.6415315207705135e-14,-7.1054273576010019e-15,4.4408920985006262e-16,0,2.2204460492503131e-16,-5.6843418860808015e-14,0,0,0,0,0,0,-2.2204460492503131e-16,-1.3322676295501878e-15,-1.8973538018496328e-19,-4.0657581468206416e-20,-3.4694469519536142e-17,1.3322676295501878e-15,0
1580,0,0,-5.6843418860808015e-14,-3.694822225952521e-13,3.5527136788005009e-15,-1.7763568394002505e-15,-2.5757174171303632e-14,-7.1054273576010019e-15,-2.2204460492503131e-16,-5.5511151231257827e-17,2.2204460492503131e-16,2.2737367544323206e-13,0,0,0,0,0,0,-3.7747582837255322e-15,4.4408920985006262e-16,-3.5236570605778894e-19,-5.4210108624275222e-20,2.7755575615628914e-17,1.4988010832439613e-15,0
1590,0,0,5.6843418860808015e-14,-2.5579538487363607e-13,3.907985046680551e-14,-2.6645352591003757e-15,-2.8421709430404007e-14,-1.7763568394002505e-15,-5.5511151231257827e-17,3.3306690738754696e-16,6.6613381477509392e-16,-1.7053025658242404e-13,0,0,0,0,0,0,2.886579864025407e-15,0,-4.3368086899420177e-19,-2.7105054312137611e-20,-5.2041704279304213e-17,7.2164496600635175e-16,0
1600,0,0,-5.6843418860808015e-14,-3.694822225952521e-13,-2.8421709430404007e-14,-2.6645352591003757e-15,-2.3092638912203256e-14,-7.1054273576010019e-15,-5.5511151231257827e-17,1.6653345369377348e-16,7.7715611723760958e-16,2.8421709430404007e-13,0,0,0,0,0,0,1.3322676295501878e-15,-3.5527136788005009e-15,-3.7947076036992655e-19,2.7105054312137611e-20,-3.4694469519536142e-17,1.1657341758564144e-15,0
1610,0,0,-2.8421709430404007e-14,-3.4106051316484809e-13,-2.4868995751603507e-14,-8.8817841970012523e-16,-3.6415315207705135e-14,-7.1054273576010019e-15,0,-2.2204460492503131e-16,8.8817841970012523e-16,-5.6843418860808015e-14,0,0,0,0,0,0,-2.2204460492503131e-16,-3.1086244689504383e-15,-2.574980159653073e-19,1.3552527156068805e-20,2.7755575615628914e-17,1.0547118733938987e-15,0
1620,0,0,5.6843418860808015e-14,-2.5579538487363607e-13,3.1974423109204508e-14,-4.4408920985006262e-15,-2.8421709430404007e-14,-1.7763568394002505e-15,-2.2204460492503131e-16,3.8857805861880479e-16,9.9920072216264089e-16,7.3896444519050419e-13,0,0,0,0,0,0,-2.2204460492503131e-15,-8.8817841970012523e-16,-3.3881317890172014e-19,0,2.7755575615628914e-17,1.27675647831893e-15,0
1630,0,0,-2.8421709430404007e-14,-3.4106051316484809e-13,2.8421709430404007e-14,8.8817841970012523e-16,-2.4868995751603507e-14,-7.1054273576010019e-15,5.5511151231257827e-17,-1.6653345369377348e-16,6.6613381477509392e-16,-5.6843418860808015e-14,0,0,0,0,0,0,3.3306690738754696e-15,8.8817841970012523e-16,3.5236570605778894e-19,-4.0657581468206416e-20,-1.3877787807814457e-17,7.2164496600635175e-16,0
1640,0,0,-2.8421709430404007e-14,-3.4106051316484809e-13,-1.0658141036401503e-14,-1.7763568394002505e-15,-3.4638958368304884e-14,-7.1054273576010019e-15,2.7755575615628914e-16,-1.1102230246251565e-16,9.9920072216264089e-16,5.6843418860808015e-14,0,0,0,0,0,0,-2.2204460492503131e-16,3.5527136788005009e-15,1.4907779871675686e-19,1.3552527156068805e-20,-6.591949208711867e-17,1.4988010832439613e-15,0
1650,0,0,-2.8421709430404007e-14,-3.4106051316484809e-13,3.1974423109204508e-14,0,-3.0198066269804258e-14,-7.1054273576010019e-15,3.8857805861880479e-16,6.6613381477509392e-16,2.2204460492503131e-16,-1.1368683772161603e-13,0,0,0,0,0,0,-4.8849813083506888e-15,1.7763568394002505e-15,-1.6263032587282567e-19,1.3552527156068805e-20,-6.9388939039072284e-18,1.1657341758564144e-15,0
1660,0,0,0,-3.1263880373444408e-13,3.907985046680551e-14,0,-2.1316282072803006e-14,-5.3290705182007514e-15,-1.6653345369377348e-16,-5.5511151231257827e-17,7.7715611723760958e-16,1.1368683772161603e-13,0,0,0,0,0,0,3.3306690738754696e-15,-2.6645352591003757e-15,3.9302328752599536e-19,-2.7105054312137611e-20,1.3877787807814457e-17,1.5543122344752192e-15,0
1670,0,0,-5.6843418860808015e-14,-3.694822225952521e-13,2.4868995751603507e-14,-3.5527136788005009e-15,-2.6645352591003757e-14,-7.1054273576010019e-15,4.9960036108132044e-16,-2.2204460492503131e-16,4.4408920985006262e-16,1.7053025658242404e-13,0,0,0,0,0,0,2.6645352591003757e-15,-4.4408920985006262e-15,5.014435047745458e-19,-4.0657581468206416e-20,-2.0816681711721685e-17,6.6613381477509392e-16,0
1680,0,0,2.8421709430404007e-14,-2.8421709430404007e-13,3.5527136788005009e-14,-2.6645352591003757e-15,-1.9539925233402755e-14,-3.5527136788005009e-15,1.6653345369377348e-16,1.1102230246251565e-16,5.5511151231257827e-16,-1.7053025658242404e-13,0,0,0,0,0,0,1.1102230246251565e-15,-2.6645352591003757e-15,-4.7433845046240819e-19,2.7105054312137611e-20,-4.163336342344337e-17,8.8817841970012523e-16,0
1690,0,0,-5.6843418860808015e-14,-3.694822225952521e-13,1.7763568394002505e-14,-6.2172489379008766e-15,-3.4638958368304884e-14,-7.1054273576010019e-15,1.1102230246251565e-16,3.8857805861880479e-16,3.3306690738754696e-16,2.8421709430404007e-13,0,0,0,0,0,0,6.6613381477509392e-16,0,-1.0842021724855044e-19,-4.0657581468206416e-20,-2.0816681711721685e-17,7.2164496600635175e-16,0
1700,0,0,-2.8421709430404007e-14,-3.4106051316484809e-13,7.1054273576010019e-15,-3.5527136788005009e-15,-3.1974423109204508e-14,-7.1054273576010019e-15,4.9960036108132044e-16,2.7755575615628914e-16,1.1102230246251565e-15,6.8212102632969618e-13,0,0,0,0,0,0,-4.4408920985006262e-16,3.5527136788005009e-15,3.1170812458958252e-19,-6.7762635780344027e-20,-6.9388939039072284e-17,1.4988010832439613e-15,0
1710,0,0,-5.6843418860808015e-14,-3.694822225952521e-13,4.6185277824406512e-14,0,-3.4638958368304884e-14,-7.1054273576010019e-15,5.5511151231257827e-16,7.2164496600635175e-16,3.3306690738754696e-16,1.1368683772161603e-13,0,0,0,0,0,0,1.5543122344752192e-15,3.1086244689504383e-15,-3.9302328752599536e-19,-4.0657581468206416e-20,1.3877787807814457e-17,7.7715611723760958e-16,0
1720,0,0,-5.6843418860808015e-14,-3.694822225952521e-13,1.0658141036401503e-14,-3.5527136788005009e-15,-2.6645352591003757e-14,-7.1054273576010019e-15,7.2164496600635175e-16,6.6613381477509392e-16,6.6613381477509392e-16,2.8421709430404007e-13,0,0,0,0,0,0,4.4408920985006262e-15,-3.5527136788005009e-15,-3.2526065174565133e-19,-5.4210108624275222e-20,-5.5511151231257827e-17,9.9920072216264089e-16,0
1730,0,0,-8.5265128291212022e-14,-3.979039320256561e-13,-4.9737991503207013e-14,-7.9936057773011271e-15,-2.4868995751603507e-14,-8.8817841970012523e-15,-1.1102230246251565e-16,1.1102230246251565e-16,4.4408920985006262e-16,7.3896444519050419e-13,0,0,0,0,0,0,-2.886579864025407e-15,-3.5527136788005009e-15,4.0657581468206416e-19,-6.7762635780344027e-20,-6.2450045135165055e-17,8.8817841970012523e-16,0
1740,0,0,-1.1368683772161603e-13,-4.2632564145606011e-13,-1.7763568394002505e-14,8.8817841970012523e-16,-2.9309887850104133e-14,-1.0658141036401503e-14,3.3306690738754696e-16,2.7755575615628914e-16,5.5511151231257827e-16,2.2737367544323206e-13,0,0,0,0,0,0,1.7763568394002505e-15,-4.8849813083506888e-15,2.8460307027744491e-19,-4.0657581468206416e-20,-5.8980598183211441e-17,7.2164496600635175e-16,0
1750,0,0,-8.5265128291212022e-14,-3.979039320256561e-13,-2.4868995751603507e-14,-7.1054273576010019e-15,-2.1316282072803006e-14,-8.8817841970012523e-15,-1.6653345369377348e-16,6.106226635438361e-16,9.9920072216264089e-16,1.1368683772161603e-13,0,0,0,0,0,0,4.4408920985006262e-16,1.7763568394002505e-15,-3.2526065174565133e-19,2.7105054312137611e-20,-3.4694469519536142e-18,1.1657341758564144e-15,0
1760,0,0,-5.6843418860808015e-14,-3.694822225952521e-13,-4.2632564145606011e-14,0,-2.4868995751603507e-14,-7.1054273576010019e-15,1.1102230246251565e-16,-5.5511151231257827e-17,1.3322676295501878e-15,5.6843418860808015e-14,0,0,0,0,0,0,1.5543122344752192e-15,2.2204460492503131e-15,-1.3552527156068805e-20,1.3552527156068805e-20,-3.1225022567582528e-17,1.0547118733938987e-15,0
1770,0,0,-5.6843418860808015e-14,-3.694822225952521e-13,-7.1054273576010019e-15,-3.5527136788005009e-15,-1.865174681370263e-14,-7.1054273576010019e-15,5.5511151231257827e-16,5.5511151231257827e-17,6.6613381477509392e-16,5.6843418860808015e-14,0,0,0,0,0,0,2.886579864025407e-15,-3.5527136788005009e-15,2.9815559743351372e-19,-2.7105054312137611e-20,-2.7755575615628914e-17,1.1102230246251565e-15,0
1780,0,0,-2.8421709430404007e-14,-3.4106051316484809e-13,-2.1316282072803006e-14,-3.5527136788005009e-15,-2.4868995751603507e-14,-7.1054273576010019e-15,-1.6653345369377348e-16,5.5511151231257827e-16,5.5511151231257827e-16,2.2737367544323206e-13,0,0,0,0,0,0,-3.9968028886505635e-15,-2.6645352591003757e-15,-1.2197274440461925e-19,2.7105054312137611e-20,-5.8980598183211441e-17,4.4408920985006262e-16,0
1790,0,0,-2.8421709430404007e-14,-3.4106051316484809e-13,-2.8421709430404007e-14,-7.1054273576010019e-15,-3.0198066269804258e-14,-7.1054273576010019e-15,3.8857805861880479e-16,6.106226635438361e-16,7.7715611723760958e-16,2.2737367544323206e-13,0,0,0,0,0,0,-4.4408920985006262e-15,-8.8817841970012523e-16,2.9815559743351372e-19,0,-4.5102810375396984e-17,9.4368957093138306e-16,0
1800,0,0,-2.8421709430404007e-14,-3.4106051316484809e-13,-3.1974423109204508e-14,-6.2172489379008766e-15,-2.042810365310288e-14,-7.1054273576010019e-15,-1.1102230246251565e-16,3.3306690738754696e-16,1.1102230246251565e-15,6.2527760746888816e-13,0,0,0,0,0,0,6.6613381477509392e-16,3.5527136788005009e-15,3.2526065174565133e-19,-2.7105054312137611e-20,-3.8163916471489756e-17,8.3266726846886741e-16,0
