tau_s,comsol_rad_mean_C,comsol_rad_max_C,comsol_baseplate_mean_C,comsol_baseplate_max_C,comsol_bus_mean_C,comsol_wing_mean_C,orbitwiz_T_struct_C,orbitwiz_die_C,comsol_die_equiv_C,orbitwiz_payload_W,orbitwiz_illum
0.0,50.42490159883653,50.45017102440926,50.44184076403741,50.44279434585917,50.4402269104242,50.43435560698708,50.44046086086646,71.6,71.63479434585918,2119.2,1.0
119.99999999999808,45.4306342001301,47.09993186638144,52.07454295659261,52.46852541543382,51.26648638639318,35.94291415912511,50.59595497820355,71.8,73.66052541543382,2119.2,1.0
239.99999999999616,42.91292060819643,45.190319912004895,52.84956982152198,53.5436381348361,52.08967080487429,27.95237035073899,50.74184801835587,71.9,74.73563813483611,2119.2,1.0
359.99999999998346,41.49926156932855,44.13908273501181,53.39204167737404,54.284058333702774,52.86234330967204,23.38379434672595,50.883072020151204,72.1,75.47605833370278,2119.2,1.0
454.57608807311385,40.70469709749818,43.561055284900476,53.74863010149289,54.759869156282434,53.44071797861932,20.8462179114303,50.98128740401756,72.2,75.95186915628244,2119.2,0.20101679680404788
454.5760880731139,40.70469709749818,43.561055284900476,53.74863010149289,54.759869156282434,53.44071797861932,20.8462179114303,50.98128740401756,72.2,75.95186915628244,2119.2,0.20101679680404136
479.9999999999923,39.791301366898665,42.96492481712852,53.79239568142066,54.814087417184,53.56826117272533,14.543861739797705,50.92768682340071,72.1,76.006087417184,2119.2,0.0
599.9999999999892,37.247625036246234,40.93288862471161,53.82073806457754,54.945402683861175,54.113471481401234,-7.3823616152529326,50.6773617562093,71.9,76.13740268386118,2119.2,0.0
719.9999999999669,35.72550276497611,39.66569118452202,53.68642150897256,54.89111091454936,54.56071609002191,-21.784803211489987,50.43438670778266,71.6,76.08311091454937,2119.2,0.0
840.0000000000233,34.646237454294294,38.748830218279124,53.499457963955024,54.78998895829466,54.94119189681061,-32.81822146243141,50.19853296363651,71.4,75.98198895829466,2119.2,0.0
959.9999999999847,33.86058371441055,38.067590569649326,53.28909241703576,54.67869127294273,55.26345222873738,-41.504777015761334,49.96958432116867,71.2,75.87069127294274,2119.2,0.0
1079.9999999999955,33.27211694759046,37.54638164733831,53.07224543465799,54.542194248616,55.535381577312705,-48.48872224283727,49.747335644739444,70.9,75.734194248616,2119.2,0.0
1199.9999999999784,32.81849553460512,37.13633909588532,52.85847077775321,54.39279197053122,55.76369899341648,-54.19033854019878,49.531591481481804,70.7,75.58479197053123,2119.2,0.0
1319.9999999999955,32.45865480364017,36.804696293631025,52.65300303284704,54.23724672257856,55.954485433455545,-58.90825720570743,49.32216479522029,70.5,75.42924672257857,2119.2,0.0
1439.9999999999338,32.1644979439381,36.528825403541475,52.45826765210188,54.083315652145984,56.11316524384449,-62.85991901781074,49.1188758645918,70.3,75.27531565214599,2119.2,0.0
1560.0000000000182,31.918697723714104,36.29473471972443,52.27526844728055,53.93396072928249,56.243850750359854,-66.19268921898075,48.92155137765894,70.1,75.1259607292825,2119.2,0.0
1680.0000000000466,31.7071038111888,36.090727213256514,52.10359225332064,53.78918838464688,56.35124671120468,-69.04277032064775,48.73002373997689,69.9,74.98118838464688,2119.2,0.0
1799.9999999999673,31.523644136897417,35.91221855389841,51.94331793570842,53.65028382854757,56.43737539251947,-71.4737820530141,48.54413059716057,69.7,74.84228382854758,2119.2,0.0
1919.9999999999693,31.362158445091097,35.75382683918798,51.79381874613523,53.51861379818365,56.50501593921348,-73.55651239768261,48.363714557577666,69.6,74.71061379818366,2119.2,0.0
2040.000000000015,31.21806617369697,35.611172633634396,51.654299634459676,53.39319394008544,56.5566164553378,-75.34803760845534,48.188623086794884,69.4,74.58519394008545,2119.2,0.0
2159.999999999991,31.08812370201025,35.481442315007655,51.523925523525236,53.27393779195643,56.59429892187228,-76.8942199683905,48.01870853377553,69.2,74.46593779195643,2119.2,0.0
2279.99999999992,30.969942029356048,35.36252742469128,51.4018697934917,53.16135942090568,56.61990501168475,-78.23229656733821,47.85382824032912,69.0,74.35335942090569,2119.2,0.0
2399.999999999957,30.859899100800703,35.25112315355983,51.286084969366186,53.05472735007322,56.63678076239688,-79.4223813063704,47.69384468052911,68.9,74.24672735007323,2119.2,0.0
2511.417734501584,30.766946396087633,35.15615412927218,51.1857411401171,52.960831375354246,56.64275471222214,-80.3644935318597,47.557963041733984,68.7,74.15283137535425,2119.2,0.7341187767399366
2511.4177345015846,30.766946396087633,35.15615412927218,51.1857411401171,52.960831375354246,56.64275471222214,-80.3644935318597,47.557963041733984,68.7,74.15283137535425,2119.2,0.7341187767399909
2520.0000000000555,31.067557371223018,35.31164524029134,51.194285509374936,52.97403360172734,56.6520209067362,-78.37622887313174,47.57423324199837,68.8,74.16603360172735,2119.2,1.0
2639.999999999991,33.19635726114882,36.991700134889925,51.39702322770984,53.12001730416944,56.801750673000015,-53.777947673215806,47.80818774906753,69.0,74.31201730416944,2119.2,1.0
2759.99999999997,34.57356508475863,38.17189224460287,51.712324774286515,53.36071642421632,56.99072541628459,-35.02006307652496,48.03531447996923,69.2,74.55271642421633,2119.2,1.0
2879.9999999998677,35.62650140905305,39.103798768142724,52.060689659026195,53.652230561233864,57.20219744522694,-20.481593291384286,48.255823087963485,69.4,74.84423056123387,2119.2,1.0
2999.999999999905,36.473849318977216,39.88022277543024,52.4742859121925,54.018450321685236,57.44140997799576,-9.13901707474264,48.47876078119172,69.7,75.21045032168524,2119.2,1.0
3120.0000000000364,37.16501800910635,40.53855678122517,52.93234861718611,54.447850231210566,57.70963228365525,-0.3872261910915995,48.712505165428574,69.9,75.63985023121057,2119.2,1.0
3240.0000000000937,37.59472350527773,40.888533531224255,52.64696131339855,54.244632060651156,57.92198551369768,6.371668447274544,48.578208264496226,60.7,66.38863206065116,1214.4,1.0
3360.000000000093,37.80922152994617,41.06227964585321,52.569020839341135,54.20530660663496,58.100447216442035,11.598717256278746,48.2071543638265,60.4,66.34930660663497,1214.4,1.0
3480.000000000017,37.85446671627329,41.10533198365232,52.537834571893995,54.205126282756225,58.25764030780198,15.666673826244903,47.862348551866674,60.0,66.34912628275623,1214.4,1.0
3599.9999999999345,37.7585728757976,41.04024559524345,52.51873315398109,54.22270609772272,58.39799878155691,18.858339147595018,47.54167427563426,59.7,66.36670609772273,1214.4,1.0
3719.9999999998804,37.523623753519644,40.867504109044376,52.49269004934564,54.24006754243203,58.52329562422557,21.37724746940455,47.24282696022442,59.4,66.38406754243204,1214.4,1.0
3839.9999999999386,37.09354791126327,40.53608452790934,52.44525709408799,54.246097091573574,58.634587074336935,23.364833950002264,46.96334399179176,59.1,66.39009709157358,1214.4,1.0
3959.9999999998763,36.618523529028096,40.15758273275259,52.36974725376916,54.22579800247945,58.723233052772855,24.921687615592703,46.700638437397814,58.9,66.36979800247946,1214.4,1.0
4080.00000000003,36.0374224444671,39.70350434606962,52.26645315370507,54.17607863972643,58.78820588841381,26.11019115121553,46.45203610225803,58.6,66.32007863972643,1214.4,1.0
4199.999999999896,35.35987587274667,39.1570186595705,52.11790746607113,54.08757551768656,58.83005730314079,26.973952259066778,46.21481542274653,58.4,66.23157551768657,1214.4,1.0
4319.999999999982,34.80494176289204,38.64381675726503,51.94162964548957,53.952669519643734,58.85182025734588,27.545581013065544,45.98624957398752,58.1,66.09666951964374,1214.4,1.0
4439.999999999928,34.655319728108225,38.489152684801184,51.78271294822889,53.81519610586133,58.85411461185606,27.84928089767942,45.76365004152863,57.9,65.95919610586134,1214.4,1.0
4559.99999999984,34.80838616890247,38.5551172790004,51.65152559983153,53.67428919405586,58.85150752373772,27.896347253159774,45.544410778615756,57.7,65.81828919405586,1214.4,1.0
4680.000000000037,35.059803988965086,38.72462906222256,51.55834095396972,53.55633227766987,58.84852282772334,27.695349340588166,45.32605195818119,57.5,65.70033227766987,1214.4,1.0
4799.999999999914,35.47603263303506,39.035141442198665,51.50795130599687,53.454290244914034,58.8434135259227,27.2583785069952,45.10626224688069,57.3,65.59829024491404,1214.4,1.0
4920.00000000004,35.9185131975716,39.37953146832308,51.49815593627051,53.37872961800451,58.841806958290704,26.59406413815975,44.8829384913277,57.0,65.52272961800452,1214.4,1.0
5040.000000000111,36.350218628959965,39.722070242916175,51.520790433204866,53.35500178745343,58.84771316267148,25.714423223199162,44.65422172463252,56.8,65.49900178745344,1214.4,1.0
5159.9999999998945,36.7466569894421,40.04425720737072,51.56284778651036,53.3534109058545,58.861112678513166,24.634071220509384,44.418528479327755,56.6,65.49741090585451,1214.4,1.0
5279.999999999982,37.08982707560472,40.3263415440361,51.614381634096446,53.36469081214602,58.882287943899996,23.37027018261199,44.17457652925122,56.3,65.50869081214603,1214.4,1.0
5399.999999999836,37.360598072516495,40.5493669438207,51.661218190494765,53.38737230118147,58.90730745294269,21.942507886709336,43.92140436928951,56.1,65.53137230118148,1214.4,1.0
5519.99999999994,37.546922789903135,40.70188835612669,51.68701616094455,53.397833236050474,58.92850979749238,20.407234793604687,43.658383963795295,55.8,65.54183323605048,1214.4,1.0
5639.999999999753,37.77770364465556,40.98882384255944,52.46160206025053,54.00282604399854,59.02166991869268,18.835113578473567,43.76346849122771,64.90000000067448,75.19482604399855,2119.2,1.0
5759.999999999735,38.04029550896024,41.30748453624142,53.048232214655,54.52861809095873,59.166957833323636,17.580989350555797,44.11075297738776,65.3,75.72061809095874,2119.2,1.0
5879.999999999986,38.293883074110795,41.613140630458986,53.59635871626932,55.057050523438136,59.34690062432844,16.664821198620928,44.447552366723755,65.6,76.24905052343814,2119.2,1.0
5999.99999999981,38.510645963930244,41.88547370088537,54.115064824918704,55.58187780581875,59.551567732142644,16.060316679132256,44.774460310085175,66.0,76.77387780581876,2119.2,1.0
6031.1010345150735,38.56240836947006,41.95247908639112,54.246852645774254,55.71616416570464,59.60577219893702,15.921988459817385,44.84862291662664,66.0,76.90816416570465,2119.2,0.23773955303368624
6031.101034515074,38.56240836947006,41.95247908639112,54.246852645774254,55.71616416570464,59.60577219893702,15.921988459817385,44.84862291662664,66.0,76.90816416570465,2119.2,0.23773955303358454
6119.999999999844,36.834516023819674,40.742815221550586,54.40229204379983,55.89001016680015,59.670084993596674,-2.0902073829880123,44.79664309151054,66.0,77.08201016680016,2119.2,0.0
6240.000000000073,35.53884776659669,39.68891977775547,54.44249218649435,56.00181778356466,59.738304682880425,-18.822940121045434,44.72729179844627,65.9,77.19381778356467,2119.2,0.0
6360.0000000000555,34.7381824292313,39.01539891303486,54.38712131151033,56.00127100254781,59.77852940472536,-30.518873265149665,44.659694312780495,65.8,77.19327100254782,2119.2,0.0
6480.000000000187,34.16913721897038,38.523895352157524,54.29359342645381,55.95956201525928,59.799017551654174,-39.67583212689004,44.593812086992685,65.8,77.15156201525929,2119.2,0.0
6599.999999999887,33.75205875555611,38.15285897268677,54.17907415358229,55.88830574213358,59.80252393440503,-47.006575093222295,44.529611350855646,65.7,77.08030574213359,2119.2,0.0
6720.000000000186,33.4358492752113,37.862810132461505,54.053979379569114,55.796526287400695,59.791609582820854,-52.97705532435913,44.46706200315578,65.7,76.9885262874007,2119.2,0.0
6839.99999999998,33.1875888027775,37.62790675783856,53.924476034490965,55.693059239788454,59.76845189887558,-57.89997173106656,44.406136580457364,65.6,76.88505923978846,2119.2,0.0
6960.000000000034,32.9855218853433,37.431007445041075,53.79433276797607,55.58367411960444,59.735034140399875,-62.00713665162422,44.346809355594836,65.5,76.77567411960445,2119.2,0.0
7079.999999999868,32.81503476180785,37.260494174720804,53.665678993332904,55.47193050694125,59.69307702756572,-65.47041795143986,44.2890556056543,65.5,76.66393050694126,2119.2,0.0
7199.999999999869,32.66615615585437,37.10843225869769,53.53955759025774,55.359932346286655,59.64416075692151,-68.42800066756979,44.232851074262655,65.4,76.55193234628666,2119.2,0.0
7319.999999999951,32.534298105501136,36.971184558021434,53.416656940417,55.248882617306776,59.58907250892844,-70.94762398545768,44.178171637115156,65.4,76.44088261730678,2119.2,0.0
7439.999999999761,32.41509755173695,36.84520869352224,53.29729373014419,55.139603445397086,59.52880871151905,-73.10409241505258,44.1249931637619,65.3,76.33160344539709,2119.2,0.0
7559.999999999834,32.30546790048328,36.728597474940955,53.18154535079867,55.032543208350205,59.46422969294508,-74.95751529625437,44.07329155384417,65.3,76.22454320835021,2119.2,0.0
7679.999999999877,32.20328141798905,36.619058031626366,53.0693562417847,54.928114199611514,59.39607059787431,-76.55605506815374,44.02304291310114,65.2,76.12011419961152,2119.2,0.0
7799.999999999843,32.107124318229864,36.515110780600764,52.960594573609285,54.82617919994391,59.32496141483324,-77.93872169025283,43.97422382444881,65.2,76.01817919994392,2119.2,0.0
7919.999999999753,32.01508157449746,36.41507108591264,52.854547608940095,54.72630484916158,59.251844821169016,-79.16807705927295,43.92681166292298,65.1,75.91830484916159,2119.2,0.0
8040.000000000182,31.92829842136996,36.320035258082044,52.752135052934136,54.63055399577911,59.176328254979126,-80.20660396399805,43.88078490071403,65.1,75.82255399577912,2119.2,0.0
8088.825151149661,31.893618366295016,36.28196787574319,52.71091580992527,54.59228466363379,59.14533606558416,-80.60704458517583,43.877512943799275,65.1,75.7842846636338,2119.2,0.960375234411377
8088.825151149662,31.893618366295016,36.28196787574319,52.71091580992527,54.59228466363379,59.14533606558416,-80.60704458517583,43.877512943799275,65.1,75.7842846636338,2119.2,0.9603752344114509
8160.00000000006,33.48709621736327,37.41787460937519,52.80140308589506,54.68901971027492,59.18077024783213,-64.77345841635241,44.08108171867605,65.3,75.88101971027493,2119.2,1.0
8279.999999999893,35.2003307322413,38.85121232654063,53.07309245705653,54.85005475963544,59.27246530272333,-42.32547954092479,44.416560665494735,65.6,76.04205475963545,2119.2,1.0
8399.999999999793,36.42064818754562,39.91223336577309,53.41184324433152,55.119281772159866,59.40274084357043,-25.079469222991406,44.74253123450943,65.9,76.31128177215987,2119.2,1.0
8520.00000000018,37.316735335169426,40.72110010465855,53.79960124162261,55.46444990033649,59.57055740052152,-12.655086163876547,45.06180530762508,66.2,76.6564499003365,2119.2,1.0
8639.999999999964,38.0479091946562,41.406214746693365,54.237095288897706,55.873103116789366,59.770797169797845,-3.0602364897836765,45.387544863217514,66.6,77.06510311678937,2119.2,1.0
8760.0000000002,38.648722430389114,41.99145464138411,54.7052019681791,56.3235452091057,60.00101597017556,4.344219692930324,45.72108934572429,66.9,77.51554520910571,2119.2,1.0
8879.999999999856,39.129331416397804,42.4831584814699,55.181180221074214,56.796079835564,60.25465415829569,10.063598218919026,46.061591437926865,67.2,77.98807983556401,2119.2,1.0
8999.999999999975,39.48864895673381,42.87694914005681,55.6451789593587,57.27176920072145,60.525119075115185,14.504988383125863,46.40792678156245,67.6,78.46376920072146,2119.2,1.0
9119.99999999968,39.73063460861118,43.17511485440548,56.091458635238155,57.74314462573051,60.81002761304927,17.983330780147128,46.758716084025956,67.9,78.93514462573052,2119.2,1.0
9239.999999999867,39.84597067853821,43.367686384198066,56.50494643989964,58.18602661704972,61.10167247722558,20.728071860169507,47.1123516739655,68.3,79.37802661704973,2119.2,1.0
9360.000000000075,39.84978256480679,43.466854706923584,56.881358117153184,58.603886930610884,61.399773214518405,22.90278283561628,47.46702823816657,68.7,79.79588693061089,2119.2,1.0
9479.99999999971,39.676851306952244,43.414430343976335,57.209992715166834,58.982903080780716,61.69502047438232,24.616713925911483,47.82077741675795,69.0,80.17490308078072,2119.2,1.0
9599.999999999827,39.44922201165713,43.31129874961755,57.49516394811974,59.315125065143434,61.980298289930715,25.946872320338173,48.17150586051482,69.4,80.50712506514344,2119.2,1.0
9719.999999999716,39.061983127672704,43.091340338029795,57.72456836086326,59.59639743771288,62.252087907898556,26.94114389281856,48.51703626086678,69.7,80.78839743771289,2119.2,1.0
9840.00000000008,38.6037832852727,42.73287367205694,57.893749344370576,59.82173379062476,62.510242453952685,27.632294516956733,48.855150751579956,70.0,81.01373379062477,2119.2,1.0
9960.000000000076,38.57467809436383,42.73447326660795,58.05279454021178,60.01194726534982,62.752150880200986,28.051403849131248,49.18363595651201,70.4,81.20394726534983,2119.2,1.0
10080.000000000222,38.90917622962252,43.01400479987126,58.228225497815004,60.18657135410655,62.98670061229609,28.21261535615139,49.50032883037855,70.7,81.37857135410655,2119.2,1.0
10199.99999999998,39.36571596736195,43.40381099395961,58.42966731357711,60.36912019803685,63.22700027632936,28.123772374964005,49.80316232196288,71.0,81.56112019803686,2119.2,1.0
10319.999999999789,39.889040489857564,43.86219591336402,58.65552377272792,60.55879352229624,63.46668042057365,27.793300198452016,50.09020979689556,71.3,81.75079352229625,2119.2,1.0
10439.99999999958,40.5661161801454,44.444777668116046,58.91955428576591,60.766551050328985,63.71089942718379,27.23476368648096,50.35972710444356,71.5,81.95855105032899,2119.2,1.0
10559.999999999964,41.24018154857316,45.03655501074638,59.210648551701695,61.02097298086261,63.96320489338001,26.456946006012288,50.610191172068134,71.8,82.21297298086262,2119.2,1.0
10680.000000000131,41.87638896508486,45.6048573091424,59.521253245497576,61.3005461048885,64.2234588812994,25.472347195588497,50.84033407003305,72.0,82.4925461048885,2119.2,1.0
10799.999999999673,42.4592573470934,46.13445470576454,59.83981854623801,61.58426409949607,64.49034158409489,24.297085115647008,51.04917160722524,72.2,82.77626409949607,2119.2,1.0
10920.000000000195,42.97005862908787,46.60554889998923,60.15338781389232,61.86372724028092,64.76483247878974,22.949419658853003,51.236025692562556,72.4,83.05572724028093,2119.2,1.0
11039.99999999988,43.33633684769825,46.91371799102518,60.11306823778631,61.8325112686681,65.00368946454199,21.45020650438056,51.23610331772056,68.5,79.0885112686681,1725.6000000000001,1.0
11159.999999999744,43.573630873919114,47.11031101019182,60.13641552437525,61.852758236450256,65.21136379838788,19.90112138306523,51.107093237551204,68.4,79.10875823645026,1725.6000000000001,1.0
11279.999999999505,43.70794373699516,47.226052656125376,60.17656439562353,61.890721208319405,65.39685960588514,18.459368078722036,50.96530790872988,68.2,79.1467212083194,1725.6000000000001,1.0
11400.000000000153,43.771794864580215,47.28670453830256,60.25308692860449,61.96250501077384,65.56920904090975,17.40034117887774,50.82378020605727,68.1,79.21850501077384,1725.6000000000001,1.0
11519.99999999947,43.77062637949382,47.30148683428462,60.35278503113358,62.059724669728496,65.73368431939616,16.669731132909533,50.6863087023818,67.9,79.3157246697285,1725.6000000000001,1.0
11608.321024306646,43.729921805705544,47.28215096435889,60.42860247646439,62.13378269320583,65.84793578124669,16.279854915471788,50.57769448343085,67.8,79.38978269320583,1725.6000000000001,0.19961007096933442
11608.321024306648,43.729921805705544,47.28215096435889,60.42860247646439,62.13378269320583,65.84793578124669,16.279854915471788,50.57769448343084,67.8,79.38978269320583,1725.6000000000001,0.19961007096913513
11640.000000000053,42.86843921604452,46.71874036554601,60.39402690545313,62.097388981363906,65.85528333859611,9.078563547162332,50.44038246540202,67.7,79.3533889813639,1725.6000000000001,0.0
11759.999999999973,40.93221164494133,45.11535209168346,60.14001455919009,61.93344907029075,65.85511928064068,-11.32649326902282,49.9285716905315,67.2,79.18944907029075,1725.6000000000001,0.0
11879.999999999993,39.64390025008976,43.98961937055765,59.7804184003445,61.67055049147359,65.80804059567743,-25.567272948228663,49.43193841642893,66.7,78.92655049147359,1725.6000000000001,0.0
11999.99999999962,38.743722057162984,43.172025325948425,59.376942638536946,61.337447138253594,65.71371320661439,-35.76997043439596,48.94996869027587,66.2,78.5934471382536,1725.6000000000001,0.0
12120.000000000273,38.0317663067479,42.50701436399862,58.962757366774554,60.97587136845789,65.58793111141364,-43.86025994679457,48.48217416323059,65.7,78.23187136845789,1725.6000000000001,0.0
12239.999999999687,37.50445856426643,42.0374920856101,58.88221071028403,60.88507888678123,65.46999167894216,-50.40185998561762,48.192569117626505,69.4,82.07707888678124,2119.2,0.0
12359.999999999665,37.10511332706824,41.67592754261506,58.71732324070973,60.731240881425606,65.35264470170824,-55.76478779743894,48.02319259133313,69.2,81.92324088142561,2119.2,0.0
12480.000000000146,36.78938674114801,41.38099599601401,58.53610697371272,60.5621827899879,65.23181080397092,-60.21857190539984,47.85867486315257,69.0,81.75418278998791,2119.2,0.0
12599.999999999969,36.528311448904674,41.12978481733114,58.34917690682511,60.3852818664451,65.1063834658068,-63.959033370473975,47.698886629995755,68.9,81.5772818664451,2119.2,0.0
12720.000000000111,36.304725356771314,40.9090320700642,58.161307230544935,60.20500814812755,64.97638853001973,-67.1208348788796,47.54370293250437,68.7,81.39700814812755,2119.2,0.0
12839.999999999756,36.10579777931014,40.70867651540766,57.97495479049758,60.02420244178717,64.84246649091614,-69.82950800672674,47.39300258897877,68.6,81.21620244178717,2119.2,0.0
12960.000000000375,35.92596534611738,40.52436335879679,57.79142788679627,59.84447512730685,64.70504065038722,-72.14365362503708,47.24666783732537,68.4,81.03647512730686,2119.2,0.0
13079.99999999963,35.76011491953369,40.35249313662064,57.611490260663345,59.66697273188424,64.5647431264835,-74.12896330491557,47.10458416869376,68.3,80.85897273188425,2119.2,0.0
13199.999999999774,35.60470668289315,40.190179878613264,57.43548256797834,59.49236893969464,64.4221820863234,-75.8386355030994,46.966640322700826,68.2,80.68436893969465,2119.2,0.0
13319.999999999578,35.45744591703135,40.03500842872012,57.263509912699135,59.32103784650417,64.27790913440134,-77.31557716700635,46.832728402983314,68.0,80.51303784650418,2119.2,0.0
13440.000000000373,35.31678821399265,39.88576054197938,57.09553986416313,59.15315300466693,64.13241246867477,-78.59473839503238,46.702744063770446,67.9,80.34515300466694,2119.2,0.0
13559.999999999454,35.18062418409227,39.740619480178395,56.93081346254945,58.988184906596416,63.98625093928041,-79.73301615642302,46.57658671404479,67.8,80.18018490659642,2119.2,0.0
13661.89723137618,35.068633489523904,39.620709067120174,56.79367961093982,58.85060993632027,63.86171634764372,-80.58815723405024,46.48123893704619,67.7,80.04260993632028,2119.2,0.7553679246304554
13661.897231376184,35.068633489523904,39.620709067120174,56.79367961093982,58.85060993632027,63.86171634764372,-80.58815723405024,46.4812389370462,67.7,80.04260993632028,2119.2,0.7553679246308992
13679.99999999996,35.5969855275477,39.93041632796019,56.80324277996948,58.87595714912425,63.8587731649132,-76.37924904254578,46.52128352807507,67.7,80.06795714912425,2119.2,1.0
13799.999999999933,37.62588564449044,41.55735195508686,56.95606927038932,58.94806744392491,63.863398377849535,-51.4486272262896,46.78619667711865,68.0,80.14006744392492,2119.2,1.0
13920.000000000067,38.97041123755213,42.720098038974925,57.214640306473825,59.112890494322414,63.91132001603569,-31.97449100973003,47.04344364201621,68.2,80.30489049432242,2119.2,1.0
14039.99999999948,39.91636469874231,43.56196720732163,57.51393031490397,59.35705328429913,63.99634671886764,-17.89650937406094,47.29329768806349,68.5,80.54905328429913,2119.2,1.0
14159.999999999736,40.67429592478868,44.25559987293343,57.87224721290602,59.67365187472501,64.11393460809688,-6.969997629921011,47.545849895919666,68.7,80.86565187472502,2119.2,1.0
14280.00000000043,41.285908485240896,44.837346590497305,58.26901075988246,60.043418935724844,64.26513704774982,1.4310730160908633,47.80830392493877,69.0,81.23541893572485,2119.2,1.0
14399.999999999738,41.77496621183684,45.321692458701534,58.68559953452473,60.447599654587066,64.4428764528327,7.904739451718228,48.0799017607683,69.3,81.63959965458707,2119.2,1.0
14519.999999999693,42.144416566922416,45.702496989772385,59.10034441264037,60.862366180137315,64.64241125052229,12.90744275562588,48.35960211904019,69.5,82.05436618013732,2119.2,1.0
14639.999999999902,42.39702572269539,45.99006132677897,59.500694208806465,61.27427920397349,64.8582864455513,16.802438719327768,48.646100372537425,69.8,82.4662792039735,2119.2,1.0
14760.000000000198,42.53314739166109,46.17810264847304,59.87477432043926,61.671341412916036,65.08534349715421,19.86178798802007,48.937853001221754,70.1,82.86334141291604,2119.2,1.0
14879.999999999522,42.544068272229595,46.27050947919247,60.21352139056046,62.043627240155615,65.31973881282534,22.279406406606256,49.23310632296518,70.4,83.23562724015562,2119.2,1.0
15000.000000000256,42.3653037520499,46.208513448394854,60.50747965231676,62.38402037473804,65.55674333324077,24.188728902508103,49.529929213964984,70.7,83.57602037473805,2119.2,1.0
15119.999999999667,42.1329232943134,46.08809050920797,60.75670137786108,62.68114187451408,65.78846738565045,25.683936587515234,49.82624946287425,71.0,83.87314187451409,2119.2,1.0
15239.99999999997,41.79987861722077,45.894300610454195,60.960712153934935,62.93433695807852,66.00487423406031,26.823726841017162,50.11989331845375,71.3,84.12633695807853,2119.2,1.0
15359.999999999754,41.38109226574153,45.612452695836794,61.10929624816583,63.13586463241734,66.2102233579343,27.648182921902105,50.4086276863006,71.6,84.32786463241735,2119.2,1.0
15479.999999999842,41.11354170851678,45.386520495696914,61.2241606834458,63.29236774284669,66.40261839920481,28.18822744891554,50.690204310419595,71.9,84.4843677428467,2119.2,1.0
15599.999999999685,41.18998871980739,45.4745570653717,61.3446330458944,63.42298447808071,66.58405152025534,28.465452868679336,50.96240514742893,72.1000000015736,84.61498447808071,2119.2,1.0
15720.00000000013,41.56221496497204,45.76966150649946,61.48428396156157,63.54933356612577,66.76751039801826,28.490624844980573,51.22308801744498,72.4,84.74133356612577,2119.2,1.0
15839.999999999505,42.02044841349391,46.15794069920588,61.6510136220021,63.69059044641847,66.95385696622446,28.2716440340061,51.470231510078705,72.7,84.88259044641848,2119.2,1.0
15960.000000000036,42.63098923758798,46.67732829431071,61.85218612578552,63.840535283095164,67.14225466589426,27.820409803307257,51.70197805191359,72.9,85.03253528309517,2119.2,1.0
16080.000000000364,43.24552414095638,47.209525994497426,62.08457840289333,64.01598245421786,67.33727537356918,27.14470557968849,51.91667401654842,73.1,85.20798245421787,2119.2,1.0
16199.999999999518,43.85708624096628,47.74655184386722,62.341674852291476,64.23969073838839,67.54081339325126,26.25778292428015,52.112905789808885,73.3,85.4316907383884,2119.2,1.0
16320.00000000012,44.42502988671498,48.254605469945545,62.611707007849475,64.47451568917404,67.75183480514255,25.173661503410756,52.28953079463017,73.5,85.66651568917405,2119.2,1.0
16439.999999999764,44.79976031281939,48.50556096924879,62.11600712846814,64.05713094218652,67.89289449850719,23.909283845461857,52.067729816441265,64.2,76.20113094218652,1214.4,1.0
16559.999999999785,45.00479676942973,48.61297763940479,61.81430177053363,63.76473292486048,67.98478584508473,22.48425895850295,51.57974539873967,63.7,75.90873292486049,1214.4,1.0
16679.99999999979,45.074055864158424,48.61593703085248,61.548811078715744,63.4933350856046,68.03710932094157,20.961376663426847,51.08966418477634,63.2,75.6373350856046,1214.4,1.0
16842.59999999963,45.33864676749823,46.920506622366815,51.26732838754492,51.5658397116793,51.20906726878951,36.373278717725384,50.421822796037006,62.6,63.7098397116793,1214.4,1.0
16962.599999999846,42.58485668988527,44.71017454139104,51.48988198238624,52.04633891298835,51.90302905379451,28.58866755119044,49.93805458973418,62.1,64.19033891298835,1214.4,1.0
17082.599999999355,40.88088579219806,43.32656193103105,51.540504341661574,52.25869650568029,52.50370251811489,24.14392233673118,49.46862020558057,61.6,64.4026965056803,1214.4,1.0
17185.135227168852,39.77891173196275,42.426651150421435,51.52859531631833,52.36990571299049,52.96508699397987,21.53825778430803,49.068794877039,61.2,64.51390571299049,1214.4,0.20943848312274546
17185.13522716886,39.77891173196275,42.426651150421435,51.52859531631833,52.36990571299049,52.96508699397987,21.53825778430803,49.06879487703895,61.2,64.51390571299049,1214.4,0.20943848312196175
17202.600000000155,39.06023164888751,41.95963266422302,51.4926080339975,52.35240183945592,53.024272461565374,17.052244523246202,48.946961891245586,61.1,64.49640183945593,1214.4,0.0
17322.600000000086,36.0800394398907,39.50449587516147,51.102258723765544,52.1664623077682,53.36775620923669,-6.11253930501357,48.121131573757786,60.3,64.3104623077682,1214.4,0.0
17442.599999999784,34.12210708047036,37.80513265892347,50.56687852021912,51.82799525131878,53.60665980629034,-21.748093269648734,47.31953008136439,59.5,63.97199525131878,1214.4,0.0
17562.600000000417,32.757954009237665,36.58003127662346,49.98092993531634,51.403444758381056,53.74471867692938,-32.791119107582944,46.541275487028244,58.7,63.547444758381054,1214.4,0.0
17682.59999999952,31.684546294903328,35.591847626760625,49.38848934432548,50.936734014239846,53.81520777033853,-41.48491618160958,45.78553194413583,57.9,63.080734014239844,1214.4,0.0
17802.599999999526,30.810021343838855,34.767941692122804,48.80379842420257,50.44819681270212,53.827821589029554,-48.474293294807296,45.05150607735883,57.2,62.59219681270212,1214.4,0.0
17922.60000000048,30.074523761741716,34.061014390699995,48.23455880526012,49.9523960230822,53.790770590134855,-54.18029093016463,44.338443607677426,56.5,62.0963960230822,1214.4,0.0
18042.600000000133,29.43838112470985,33.43908931236075,47.68454730036348,49.459653104775384,53.71140756116165,-58.90136618119894,43.64562625210236,55.8,61.60365310477538,1214.4,0.0
18162.59999999937,28.873913033638132,32.87959647660699,47.15496512458668,48.977329930167116,53.59632362810686,-62.856071116778736,42.972368929028136,55.1,61.121329930167114,1214.4,0.0
18282.599999999726,28.500585317187642,32.58336486987616,47.42709495920269,49.14914050259961,53.530511887170235,-66.18150310084812,42.920192484698866,64.1,70.34114050259961,2119.2,0.0
18402.599999999846,28.254369026705774,32.39631977353531,47.50366718059564,49.209605410110385,53.49033021894678,-69.03494145531135,42.902838396727816,64.1,70.40160541011039,2119.2,0.0
18522.59999999996,28.096498779308433,32.27749887899864,47.53008959565403,49.233830661599654,53.463797145340095,-71.46918109452002,42.88590266422988,64.1,70.42583066159966,2119.2,0.0
18642.599999999748,27.99347660795553,32.198591644499686,47.540129660498735,49.24746286887995,53.44380398737968,-73.55461155180723,42.86939322919335,64.1,70.43946286887996,2119.2,0.0
18762.599999999904,27.924106569051105,32.14384507134969,47.54024616236575,49.25497902734736,53.42706253555065,-75.34838485360572,42.8533171801444,64.0,70.44697902734737,2119.2,0.0
18882.599999999784,27.875663878176738,32.10399752313498,47.53409564838745,49.25384188255646,53.41204662478674,-76.89644040367153,42.837681014001355,64.0,70.44584188255646,2119.2,0.0
19002.59999999999,27.840426768107193,32.07335817428333,47.52424167357424,49.24676715039823,53.39801435570104,-78.23607618640278,42.82249096607617,64.0,70.43876715039823,2119.2,0.0
19122.599999999555,27.812094098058083,32.04734841332146,47.51259842294655,49.23629430911933,53.38448644376109,-79.4274977859327,42.80775335520955,64.0,70.42829430911934,2119.2,0.0
19237.470233940203,27.79188321132858,32.02696786603883,47.49985047036125,49.22283800746936,53.37203818974274,-80.39635107397083,42.80402870452283,64.0,70.41483800746937,2119.2,0.798654211373079
19237.470233940203,27.79188321132858,32.02696786603883,47.49985047036125,49.22283800746936,53.37203818974274,-80.39635107397083,42.80402870452283,64.0,70.41483800746937,2119.2,0.798654211373079
19242.600000000217,27.998068360595425,32.12517131981633,47.50956234979577,49.23528092968485,53.37686565804415,-79.17999958249064,42.81972695997488,64.0,70.42728092968485,2119.2,1.0
19362.60000000061,30.272418867771876,33.91810233856643,47.793539940002006,49.47209482993196,53.513190692673675,-53.737902614146435,43.191035587827116,64.4,70.66409482993197,2119.2,1.0
19482.59999999945,31.7990741770667,35.232529294768824,48.18541813756747,49.77762159578805,53.69128811266313,-33.624231520854295,43.551919669351165,64.7,70.96962159578806,2119.2,1.0
19602.600000000126,32.90439321681254,36.221287809685066,48.61897970525638,50.14721722485274,53.908359827639345,-19.04891260995464,43.902661816515334,65.1,71.33921722485275,2119.2,1.0
19722.599999999875,33.80799924810975,37.05564675728692,49.107752423414524,50.58229174168798,54.1582338481561,-7.747693881666294,44.25155560306831,65.4,71.77429174168799,2119.2,1.0
19842.599999999726,34.555194182185176,37.770498247915896,49.63513679982634,51.06812904359185,54.440067617255465,0.927999672073156,44.607809310988976,65.8,72.26012904359186,2119.2,1.0
19962.59999999965,35.1751866485547,38.387605830867244,50.18484241761769,51.60608771000989,54.75070571731811,7.603053844754243,44.970780581995065,66.2,72.7980877100099,2119.2,1.0
20082.599999999675,35.67130944252358,38.907137295903624,50.73244538909762,52.15538796158023,55.082324717897336,12.750171279207734,45.33952518342261,66.5,73.34738796158024,2119.2,1.0
20202.599999999777,36.046503416000235,39.326181477049545,51.263713312875495,52.702033969376544,55.430626295718696,16.747962036699505,45.71283087088401,66.9,73.89403396937655,2119.2,1.0
20322.6000000002,36.302282115202274,39.64731179400752,51.76836115888614,53.23268572884615,55.79056934705238,19.88130805262051,46.08924126405908,67.3,74.42468572884616,2119.2,1.0
20442.599999999242,36.428315682518644,39.861241892704584,52.23721829225116,53.73746069528653,56.15723539258994,22.35370672756136,46.46708407203107,67.66000000197019,74.92946069528654,2119.2,1.0
20562.599999999642,36.35807009022301,39.91149117004011,52.658980474619796,54.2074531823111,56.52508238586364,24.305493527049748,46.84450338228557,68.0,75.3994531823111,2119.2,1.0
20682.600000000177,36.23771913980863,39.9057326170626,53.033754582656684,54.63294875993927,56.886830872781275,25.83611109008723,47.21949566351091,68.4,75.82494875993928,2119.2,1.0
20802.59999999949,36.00253505173845,39.81442551144676,53.363984843387925,55.01165184985393,57.234623223525716,27.00650534049754,47.589949049253114,68.8,76.20365184985394,2119.2,1.0
20922.600000000148,35.65637895558791,39.61862106480294,53.63307848896534,55.33496499851623,57.568315160794896,27.859151718982332,47.95368536625889,69.1,76.52696499851623,2119.2,1.0
21042.600000000497,35.41779831407098,39.43887225936669,53.86042372427147,55.60947178380479,57.888730857501685,28.42535276339055,48.308504251808834,69.5,76.8014717838048,2119.2,1.0
21162.599999999715,35.57718194660282,39.60875518951826,54.08927061761233,55.855416359290814,58.19397422584933,28.728804225951478,48.65222857624097,69.8,77.04741635929082,2119.2,1.0
21282.599999999737,36.023677238209245,39.987446587566524,54.336724022380565,56.094334663497534,58.50057180713458,28.780383419275097,48.98275026137721,70.2,77.28633466349754,2119.2,1.0
21402.599999999642,36.56233114243753,40.45947173703354,54.61109848530367,56.34698699633327,58.8086949918486,28.588046823602156,49.2980754773376,70.5,77.53898699633328,2119.2,1.0
21522.59999999987,37.25441402248117,41.0635431267641,54.91752186418927,56.60745143840086,59.116266797431706,28.163473264634717,49.596368124229535,70.8,77.79945143840087,2119.2,1.0
21642.60000000026,37.954922101845625,41.68368982596803,55.255151440926,56.89374359252662,59.430236821018696,27.514223160914185,49.87599047505567,71.1,78.08574359252663,2119.2,1.0
21762.59999999922,38.6543010163586,42.30951015435727,55.6153842159315,57.22729853508645,59.74951466883448,26.653416638521435,50.13553988228652,71.3,78.41929853508645,2119.2,1.0
21882.599999999537,39.31133844266566,42.90780382920383,55.987713122711,57.56787428830705,60.07617739240419,25.594657503326346,50.373880537182885,71.6,78.75987428830706,2119.2,1.0
22002.60000000008,39.9094625786999,43.46000573489721,56.36321683602921,57.912805327583555,60.410406155809994,24.3548115899884,50.59016941585797,71.8,79.10480532758356,2119.2,1.0
22122.5999999995,40.42789945323733,43.94656081731722,56.72577810093708,58.24707098198053,60.74711850754528,22.953070851902567,50.78387574033552,72.0,79.43907098198054,2119.2,1.0
22242.599999999264,40.85855619949808,44.358616979799194,57.06164978326052,58.56119430488786,61.078556235964186,21.443248724829402,50.954793511261876,72.1,79.75319430488787,2119.2,1.0
22362.59999999958,41.19644502101397,44.69069326852974,57.37170082849974,58.86064774539068,61.400693792064544,19.895373327985908,51.10304691326832,72.3,80.05264774539069,2119.2,1.0
22482.599999999627,41.46807998463993,44.969454626069705,57.693083291073776,59.17495863762338,61.719364681077366,18.643273623537993,51.234158307697356,72.4,80.36695863762338,2119.2,1.0
22602.59999999988,41.67395532687652,45.19594054004426,58.02940245829495,59.509812572810915,62.035642527185644,17.725049354135024,51.3605327949387,72.5,80.70181257281092,2119.2,1.0
22722.60000000003,41.81718144745463,45.37503856188147,58.369916613677674,59.852344320676934,62.35127279960767,17.121297294042506,51.48280444837797,72.7,81.04434432067694,2119.2,1.0
22761.879006738283,41.854866785037586,45.42614134446842,58.479720526650624,59.96319243900473,62.453209882391036,16.952268802805122,51.512762848330254,72.7,81.15519243900474,2119.2,0.23111524124999316
22761.879006738283,41.854866785037586,45.42614134446842,58.479720526650624,59.96319243900473,62.453209882391036,16.952268802805122,51.512762848330254,72.7,81.15519243900474,2119.2,0.23111524124999316
22842.600000000017,40.19131306437782,44.24455353172334,58.51770076436276,60.02457425288429,62.572592477040075,0.0752028777027931,51.33204279655593,72.5,81.2165742528843,2119.2,0.0
22962.6000000009,38.77386460591157,43.068417155100974,58.42366888961044,60.025303849237844,62.71254173474864,-17.221627418471257,51.069266884008314,72.3,81.21730384923785,2119.2,0.0
23082.599999999922,37.8627209278219,42.28423972138853,58.24871677823427,59.93010654116188,62.80581732007164,-29.282181194060342,50.814253937399776,72.0,81.12210654116188,2119.2,0.0
23202.599999999475,37.193574330400054,41.69261164528575,58.04500711087496,59.788332365282315,62.866608037385674,-38.695664238841715,50.56676284669253,71.8,80.98033236528232,2119.2,0.0
23322.600000000526,36.685060978387696,41.23036676228105,57.82862651437324,59.62019302916832,62.89944438374016,-46.21370838307263,50.326564933533994,71.5,80.81219302916833,2119.2,0.0
23442.599999999216,36.28464874153917,40.85658912023655,57.608970009448456,59.43832861733961,62.90841072465554,-52.3256945255053,50.09344249793995,71.3,80.63032861733961,2119.2,0.0
23562.59999999937,35.958742707087254,40.54462991608614,57.391407157153935,59.24983647872841,62.89689705611676,-57.35608502073376,49.86718746811612,71.1,80.44183647872842,2119.2,0.0
23682.599999999955,35.68401404369189,40.275812398500705,57.17890089734806,59.0599794465283,62.86823456989816,-61.555511345354944,49.64760020335427,70.8,80.25197944652831,2119.2,0.0
23802.59999999966,35.4462826322827,40.0387530934014,56.972945456843945,58.871762236086056,62.824879737929905,-65.08759253497533,49.434488486696566,70.6,80.06376223608606,2119.2,0.0
23922.599999999926,35.23430241547658,39.8242798328958,56.77386631668918,58.6868254887857,62.769540006947864,-68.10163145398062,49.227666729245705,70.4,79.87882548878571,2119.2,0.0
24042.599999999267,35.04327913354814,39.6284738297428,56.58207873941711,58.506697550739545,62.70346880345528,-70.66759893132289,49.02695539216155,70.2,79.69869755073955,2119.2,0.0
24162.59999999892,34.86843788265554,39.44736267700978,56.39747639134407,58.33143764738361,62.62829631599021,-72.86246767474952,48.83218061664167,70.0,79.52343764738362,2119.2,0.0
24282.599999999962,34.706316576760855,39.27865684633929,56.219758815009186,58.161119582707784,62.545445391429894,-74.74797912484479,48.643174037708576,69.8,79.35311958270779,2119.2,0.0
24402.599999999857,34.55445975362568,39.11971708575891,56.04853937719713,57.995752443597496,62.456141855142164,-76.37352813404945,48.45977274510294,69.6,79.1877524435975,2119.2,0.0
24522.59999999969,34.41116588109577,38.968758996255985,55.8833960548767,57.835220728608306,62.36144348012891,-77.77906963161891,48.281819345005694,69.5,79.02722072860831,2119.2,0.0
24642.600000000402,34.273866183124824,38.82346989832172,55.72296059356114,57.67856965973465,62.2630109738829,-79.02846725534042,48.109162070355026,69.3,78.87056965973466,2119.2,0.0
24762.600000000562,34.14429902285195,38.685481010095714,55.56874811890856,57.52714417767038,62.16004872363368,-80.08359591342844,47.94165488540911,69.1,78.71914417767039,2119.2,0.0
24814.37853407104,34.06788826666599,38.578192086883746,55.16454707083443,57.19547041203202,62.10075323290937,-80.51383791394716,47.64361670840766,59.8,69.33947041203203,1214.4,0.9563856498725501
24814.37853407104,34.06788826666599,38.578192086883746,55.16454707083443,57.19547041203202,62.10075323290937,-80.51383791394716,47.64361670840766,59.8,69.33947041203203,1214.4,0.9563856498725501
24882.599999999067,35.51155983875208,39.525948069464675,54.81006314026115,56.941821725130694,62.081125274775616,-65.04620883543606,47.41287248162687,59.6,69.0858217251307,1214.4,1.0
25002.599999999715,36.92921783804326,40.60209568828617,54.473380119139506,56.512684839183635,62.019015147036896,-42.49089699913492,47.01646070402974,59.2,68.65668483918364,1214.4,1.0
25122.600000000664,37.78378533299741,41.26009570043772,54.26948895312955,56.256680296459535,61.953749332731604,-25.69200664791333,46.63177351373035,58.8,68.40068029645954,1214.4,1.0
25242.600000000042,38.36588422274184,41.71385374909812,54.14281750435583,56.09570557905738,61.893746143989745,-12.745254486833403,46.26056509223372,58.4,68.23970557905739,1214.4,1.0
25362.59999999993,38.767478072820666,42.03776442375664,54.094963386637744,56.02033146814438,61.847367775300256,-2.779784294606202,45.91535312886415,58.1,68.16433146814438,1214.4,1.0
25482.599999998973,39.035423971130626,42.263839773735015,54.1037536208043,56.01084770196735,61.815435155802845,4.866250971630677,45.59729188721192,57.73999999759835,68.15484770196736,1214.4,1.0
25602.5999999996,39.18813975172458,42.4043636309255,54.1410213907692,56.038666090934896,61.79534539036598,10.737509625266966,45.30499350339433,57.5,68.1826660909349,1214.4,1.0
25722.600000000144,39.22572807375286,42.45531167627695,54.18430394243347,56.08604982564685,61.78272327969171,15.26877609220088,45.0368183354517,57.2,68.23004982564686,1214.4,1.0
25842.59999999923,39.155804388743206,42.42278498789699,54.226736103385235,56.143305425403355,61.77665451563246,18.796545448061806,44.790894519410294,56.9,68.28730542540336,1214.4,1.0
25962.599999999053,38.96705110993594,42.29414598917862,54.250003027722016,56.18725009445507,61.77196096731552,21.565702490616843,44.56514193485838,56.7,68.33125009445507,1214.4,1.0
26082.600000000097,38.67766258560067,42.08173856459865,54.24787881924664,56.219674109454104,61.76737447469924,23.750678352591592,44.357300358123474,56.5,68.36367410945411,1214.4,1.0
26202.599999999384,38.21992208333933,41.72662279808088,54.209060895917276,56.224838829885016,61.75724992424358,25.467457311732346,44.16496152521378,56.3,68.36883882988502,1214.4,1.0
26322.599999999387,37.71528607046963,41.32916800250376,54.13836051344009,56.19555075960892,61.736082991992475,26.79749949923263,43.98560475214376,56.1,68.33955075960893,1214.4,1.0
26442.600000000493,37.09483832148868,40.84484436929563,54.02362671637093,56.12764180837996,61.69943321030627,27.79145439701034,43.816635664891415,56.0,68.27164180837997,1214.4,1.0
26562.59999999996,36.38229974906085,40.230656035357526,53.858923582288696,56.01302145162674,61.647986640347256,28.483602979701175,43.65542747647403,55.8,68.15702145162675,1214.4,1.0
26682.5999999998,36.067232053164446,39.930028853160024,53.68981320065012,55.87237556645027,61.58157641519688,28.90555955326454,43.49936412048402,55.7,68.01637556645028,1214.4,1.0
26802.600000000053,36.079381132916694,39.8927927966547,53.54061856232107,55.72041390262302,61.508168347235596,29.071180488781636,43.3458844186519,55.5,67.86441390262303,1214.4,1.0
26922.599999999977,36.2907724434142,40.0133834887385,53.42321744026469,55.58220467088199,61.43976756211896,28.991338670371817,43.19252633768705,55.3,67.726204670882,1214.4,1.0
27042.600000000257,36.57097160238385,40.21135420769514,53.33853702636338,55.459916915980784,61.37236042577882,28.672727893653303,43.03697029299691,55.2,67.60391691598079,1214.4,1.0
27162.5999999999,37.006803533000436,40.53881724256928,53.296480360009866,55.35807664778747,61.31153581006379,28.12882176657223,42.87708039843288,55.0,67.50207664778748,1214.4,1.0
27282.59999999903,37.58132532648489,41.092571801647864,54.05803990509179,55.913094145718446,61.33824957911861,27.368344227718126,43.3130994089178,64.5,77.10509414571845,2119.2,1.0
27402.60000000033,38.216234135191996,41.707717213197895,54.6366212895764,56.41204753317243,61.42857939276371,26.403746538835662,43.7576142983115,64.9,77.60404753317243,2119.2,1.0
27522.599999999555,38.85393960795244,42.322300513148775,55.170115177363414,56.88307221205446,61.562791515551,25.25091242821884,44.17530658617776,65.4,78.07507221205447,2119.2,1.0
27642.599999999195,39.449634393924896,42.89731277891576,55.66771866848444,57.32741221590345,61.73292421854086,23.927879286609482,44.56557540238906,65.76000000262029,78.51941221590346,2119.2,1.0
27762.59999999949,39.97136735717362,43.40603155750739,56.12242867820703,57.743512302157455,61.92385271620901,22.455181365366627,44.92814077429958,66.1,78.93551230215746,2119.2,1.0
