t,el_deg
0.0,-77.19199081998087
60.0,-75.92397368341943
120.0,-74.52833183615186
180.0,-73.03577597939672
240.0,-71.46897953087246
300.0,-69.84454110506397
360.0,-68.17463454087965
420.0,-66.4682513072369
480.0,-64.73209406035893
540.0,-62.97120633424955
600.0,-61.18941502716284
660.0,-59.38964189259771
720.0,-57.57412412597555
780.0,-55.74457158903146
840.0,-53.902279434748664
900.0,-52.04820888440023
960.0,-50.183044829057636
1020.0,-48.30723619168387
1080.0,-46.4210226311192
1140.0,-44.52445106937365
1200.0,-42.61738236426474
1260.0,-40.69948978068998
1320.0,-38.77024891097383
1380.0,-36.82891842947093
1440.0,-34.874510231974355
1500.0,-32.90574655641367
1560.0,-30.92100043126134
1620.0,-28.918214039583155
1680.0,-26.894787061284674
1740.0,-24.847423364844964
1800.0,-22.771918431017912
1860.0,-20.662862328870133
1920.0,-18.51321802985078
1980.0,-16.313716115301524
2040.0,-14.051974750135447
2100.0,-11.711209274148192
2160.0,-9.268340872264845
2220.0,-6.691286732100422
2280.0,-3.9353914886448824
2340.0,-0.9400539897456128
2400.0,2.368678063327523
2460.0,6.045996782079706
2520.0,9.988631296150208
2580.0,13.541851513021996
2640.0,15.156794246311994
2700.0,13.713205142213598
2760.0,10.242085935078295
2820.0,6.317081864204582
2880.0,2.6334893977730838
2940.0,-0.6880555417770845
3000.0,-3.6976992857796116
3060.0,-6.46833874877033
3120.0,-9.060597741408598
3180.0,-11.519386960857263
3240.0,-13.87705650725673
3300.0,-16.15691846168948
3360.0,-18.375956927132435
3420.0,-20.54672934128442
3480.0,-22.67866709696405
3540.0,-24.778964037084606
3600.0,-26.85318857387216
3660.0,-28.905710733058534
3720.0,-30.940004245148383
3780.0,-32.95886366537066
3840.0,-34.96456185329605
3900.0,-36.95896665843731
3960.0,-38.94362782322148
4020.0,-40.919842703230174
4080.0,-42.888706474113924
4140.0,-44.85115087603981
4200.0,-46.80797439276109
4260.0,-48.759865966343305
4320.0,-50.707423781642454
4380.0,-52.65117026150318
4440.0,-54.591564070607795
4500.0,-56.529010089305864
4560.0,-58.46386705288788
4620.0,-60.39645429432106
4680.0,-62.327057084570576
4740.0,-64.25593111552824
4800.0,-66.18330624576312
4860.0,-68.10938964351577
4920.0,-70.03436841874662
4980.0,-71.95841180155169
5040.0,-73.88167286866435
5100.0,-75.80428967826273
5160.0,-77.72638582851121
5220.0,-79.64806889213004
5280.0,-81.56942541063123
5340.0,-83.49050381438829
5400.0,-85.41125120587726
5460.0,-87.33117169984556
5520.0,-89.24374783747736
5580.0,-88.81420280827182
5640.0,-86.89705459482407
5700.0,-84.9757831257724
5760.0,-83.05339678336533
5820.0,-81.1302187377845
5880.0,-79.20627401177732
5940.0,-77.28151071839929
6000.0,-75.35584597635884
6060.0,-73.42917877001923
6120.0,-71.50139374596459
6180.0,-69.57236181823643
6240.0,-67.64193938506781
6300.0,-65.70996678682678
6360.0,-63.776266226968474
6420.0,-61.840639270159755
6480.0,-59.90286358319033
6540.0,-57.96268962583256
6600.0,-56.01983614467408
6660.0,-54.073985091361585
6720.0,-52.12477545699988
6780.0,-50.17179581201821
6840.0,-48.214575215205
6900.0,-46.25257205437256
6960.0,-44.28516024249043
7020.0,-42.31161201523492
7080.0,-40.33107631811615
7140.0,-38.342551483477855
7200.0,-36.34485000952503
7260.0,-34.33655374828936
7320.0,-32.31595483141416
7380.0,-30.280978181540398
7440.0,-28.229078121234227
7500.0,-26.157098759581952
7560.0,-24.061082868528057
7620.0,-21.936006393687876
7680.0,-19.7754038986077
7740.0,-17.570831543834235
7800.0,-15.311084624300781
7860.0,-12.981039583678431
7920.0,-10.55992201875309
7980.0,-8.01870820685931
8040.0,-5.316311790940663
8100.0,-2.3944684430082916
8160.0,0.8269161290893576
8220.0,4.443574464426706
8280.0,8.50534583497528
8340.0,12.754837316361296
8400.0,16.007550726173854
8460.0,16.264153883415
8520.0,13.33470924945646
8580.0,9.159989082353878
8640.0,5.0790110091194025
8700.0,1.4298663378722591
8760.0,-1.8161986154867729
8820.0,-4.752396947317942
8880.0,-7.460291825055055
8940.0,-9.999931217447545
9000.0,-12.41379308268057
9060.0,-14.731880786232532
9120.0,-16.975635883102512
9180.0,-19.160629321712126
9240.0,-21.298360679090816
9300.0,-23.397460962248843
9360.0,-25.464504381351947
9420.0,-27.50456412431991
9480.0,-29.521598646937854
9540.0,-31.518724133684138
9600.0,-33.49840924117169
9660.0,-35.462615846510396
9720.0,-37.41290157851601
9780.0,-39.35049475363763
9840.0,-41.27634886493078
9900.0,-43.191181853219376
9960.0,-45.09550261911215
10020.0,-46.9896280091067
10080.0,-48.87369068599618
10140.0,-50.74763870802476
10200.0,-52.61122656417385
10260.0,-54.463996743810846
10320.0,-56.30525005470266
10380.0,-58.134001802180116
10440.0,-59.9489194213887
10500.0,-61.74823492255804
10560.0,-63.52962283200266
10620.0,-65.29002820009352
10680.0,-67.02542468118962
10740.0,-68.7304700761429
10800.0,-70.39801345373441
10860.0,-72.01838783231548
10920.0,-73.5784004766146
10980.0,-75.05992191366302
11040.0,-76.43801789592294
11100.0,-77.67877764119343
11160.0,-78.73759094593345
11220.0,-79.55984960500263
11280.0,-80.08741614995027
11340.0,-80.2731107381369
11400.0,-80.098525200743
11460.0,-79.58253836289397
11520.0,-78.77283168656837
11580.0,-77.72804525428481
11640.0,-76.50323569672716
11700.0,-75.14337869082476
11760.0,-73.6826728088529
11820.0,-72.14628244157375
11880.0,-70.55253089358332
11940.0,-68.91478589257657
12000.0,-67.24288349431299
12060.0,-65.54414731429607
12120.0,-63.82410312212083
12180.0,-62.0869776898021
12240.0,-60.33604853666438
12300.0,-58.57389135756782
12360.0,-56.80255711552352
12420.0,-55.02370048575258
12480.0,-53.238674377832425
12540.0,-51.448600667105715
12600.0,-49.65442382003635
12660.0,-47.85695307620686
12720.0,-46.05689575068969
12780.0,-44.254885033857164
12840.0,-42.45150406739008
12900.0,-40.647308086054466
12960.0,-38.842846229880415
13020.0,-37.0386846853033
13080.0,-35.235433047744856
13140.0,-33.43377627185922
13200.0,-31.634515424458357
13260.0,-29.838621138556515
13320.0,-28.04730700416444
13380.0,-26.262130259457678
13440.0,-24.485133560687753
13500.0,-22.719045656446774
13560.0,-20.967566940526446
13620.0,-19.23577568133179
13680.0,-17.530701875547656
13740.0,-15.862124244961112
13800.0,-14.24364147915712
13860.0,-12.694028603995891
13920.0,-11.238770361483024
13980.0,-9.911412669067381
14040.0,-8.753953098942052
14100.0,-7.815041557337586
14160.0,-7.144724955369138
14220.0,-6.785572611528072
14280.0,-6.7624430040974355
14340.0,-7.0753807861474725
14400.0,-7.699545320159885
14460.0,-8.592205949701146
14520.0,-9.702947208522083
14580.0,-10.982587552334122
14640.0,-12.388512031469922
14700.0,-13.8865436991376
14760.0,-15.450601404277487
14820.0,-17.061372611356628
14880.0,-18.704784679220474
14940.0,-20.370642813444746
15000.0,-22.05154794989643
15060.0,-23.74208735224779
15120.0,-25.4382486401312
15180.0,-27.13700246693849
15240.0,-28.836007004203715
15300.0,-30.533398570661745
15360.0,-32.22764161598163
15420.0,-33.91742039217604
15480.0,-35.601558729109705
15540.0,-37.2789591260601
15600.0,-38.9485547763102
15660.0,-40.6092700143567
15720.0,-42.259985908332446
15780.0,-43.89950852779627
15840.0,-45.52653794691688
15900.0,-47.139636292779954
15960.0,-48.73719381346322
16020.0,-50.31739057643393
16080.0,-51.87815382143013
16140.0,-53.417108584888766
16200.0,-54.93152062700096
16260.0,-56.418230262285576
16320.0,-57.87357595271106
16380.0,-59.293306969907235
16440.0,-60.672485358832326
16500.0,-62.00537909719834
16560.0,-63.28535106195078
16620.0,-64.50475343964712
16680.0,-65.65484189742881
16740.0,-66.7257356108713
16800.0,-67.70645664311466
16860.0,-68.58509373391828
16920.0,-69.34913916362156
16980.0,-69.98603821407501
17040.0,-70.48395927269038
17100.0,-70.83273484081033
17160.0,-71.02484922048023
17220.0,-71.05628598624887
17280.0,-70.9270371466975
17340.0,-70.64113844134543
17400.0,-70.2062208643283
17460.0,-69.63269532298222
17520.0,-68.93276510672099
17580.0,-68.11946053511308
17640.0,-67.20583295598405
17700.0,-66.2043695582829
17760.0,-65.12662812167753
17820.0,-63.98305468410134
17880.0,-62.78293477282659
17940.0,-61.53443165440003
18000.0,-60.24467441177717
18060.0,-58.919869920995424
18120.0,-57.56542126980391
18180.0,-56.18604294611805
18240.0,-54.785867463064754
18300.0,-53.36854130736323
18360.0,-51.937309916813774
18420.0,-50.49509240972839
18480.0,-49.04454730480295
18540.0,-47.58813067338429
18600.0,-46.12814827812629
18660.0,-44.66680275606739
18720.0,-43.20623820150181
18780.0,-41.74858217372087
18840.0,-40.295987344242754
18900.0,-38.85067361817643
18960.0,-37.414971983403206
19020.0,-35.99137125203207
19080.0,-34.582568830252264
19140.0,-33.191526565115815
19200.0,-31.821532549924182
19260.0,-30.476269529116763
19320.0,-29.159889313208666
19380.0,-27.877093529480906
19440.0,-26.633216319929385
19500.0,-25.434305429648546
19560.0,-24.287193012019145
19620.0,-23.19954389506027
19680.0,-22.179864060112497
19740.0,-21.237447232758576
19800.0,-20.382234290063813
19860.0,-19.624561090297618
19920.0,-18.974778443308367
19980.0,-18.44274499601125
20040.0,-18.037222964347887
20100.0,-17.765236057494704
20160.0,-17.631479925442402
20220.0,-17.63788430353225
20280.0,-17.78341077707071
20340.0,-18.064127745002082
20400.0,-18.47354774391561
20460.0,-19.0031609383273
20520.0,-19.643068977561466
20580.0,-20.38262182469074
20640.0,-21.210981217740677
20700.0,-22.117566263073897
20760.0,-23.09236749943969
20820.0,-24.12613853937437
20880.0,-25.210487042931472
20940.0,-26.337890817499037
21000.0,-27.501663326701344
21060.0,-28.6958885841428
21120.0,-29.915340357227134
21180.0,-31.15539595503843
21240.0,-32.41195112371411
21300.0,-33.681339730913685
21360.0,-34.960260427148164
21420.0,-36.24570996069197
21480.0,-37.534924157663475
21540.0,-38.82532508342646
21600.0,-40.114473933880646
21660.0,-41.40002873102771
21720.0,-42.67970597602087
21780.0,-43.951245469401094
21840.0,-45.21237760562295
21900.0,-46.460792551463776
21960.0,-47.694110752171795
22020.0,-48.90985494337582
22080.0,-50.105422211843624
22140.0,-51.278057803678735
22200.0,-52.42482963870717
22260.0,-53.54260453307003
22320.0,-54.62802688077468
22380.0,-55.67750102003943
22440.0,-56.68717898377215
22500.0,-57.652955842938546
22560.0,-58.57047537601936
22620.0,-59.43514918304532
22680.0,-60.24219321680121
22740.0,-60.98668393047538
22800.0,-61.663638561458114
22860.0,-62.268119862071686
22920.0,-62.79536518254031
22980.0,-63.24093620226877
23040.0,-63.600882070373906
23100.0,-63.87190501987335
23160.0,-64.05151457410557
23220.0,-64.1381551727373
23280.0,-64.13129314127207
23340.0,-64.03145260167419
23400.0,-63.84019591278136
23460.0,-63.56005053121492
23520.0,-63.19439141285245
23580.0,-62.747291724119314
23640.0,-62.223357244087765
23700.0,-61.627559125744554
23760.0,-60.96507721837733
23820.0,-60.24116257133867
23880.0,-59.46102395251892
23940.0,-58.62973988929543
24000.0,-57.75219527173417
24060.0,-56.83303961409467
24120.0,-55.87666422885465
24180.0,-54.887193758958794
24240.0,-53.86848929277316
24300.0,-52.82415978005283
24360.0,-51.75757929749507
24420.0,-50.671908199836004
24480.0,-49.57011667358509
24540.0,-48.45500963355542
24600.0,-47.329252236498434
24660.0,-46.19539564206026
24720.0,-45.05590227616113
24780.0,-43.91317173557549
24840.0,-42.769565701945666
24900.0,-41.62743317094287
24960.0,-40.48913562535204
25020.0,-39.3570723610143
25080.0,-38.23370606866023
25140.0,-37.12158873274417
25200.0,-36.02338781347022
25260.0,-34.94191255406519
25320.0,-33.88014016326455
25380.0,-32.84124075128714
25440.0,-31.82860146591728
25500.0,-30.845846747079484
25560.0,-29.89685428884077
25620.0,-28.98576389317823
25680.0,-28.116976483222754
25740.0,-27.295139979937776
25800.0,-26.525118427732856
25860.0,-25.811940777251582
25920.0,-25.160726266720296
25980.0,-24.576584574942878
26040.0,-24.064491038973948
26100.0,-23.629139767388903
26160.0,-23.27478201864478
26220.0,-23.00505902697463
26280.0,-22.822843240184536
26340.0,-22.73010236284147
26400.0,-22.727800364945477
26460.0,-22.815846549771724
26520.0,-22.99309866171656
26580.0,-23.257419707263033
26640.0,-23.605781917862775
26700.0,-24.034406309694333
26760.0,-24.5389237404348
26820.0,-25.114542323436275
26880.0,-25.756208845753434
26940.0,-26.45875387080898
27000.0,-27.217014432635967
27060.0,-28.025931486704085
27120.0,-28.88062212970306
27180.0,-29.776428592324034
27240.0,-30.708947166289978
27300.0,-31.67404070953076
27360.0,-32.66783826578143
27420.0,-33.686725574353154
27480.0,-34.7273280409138
27540.0,-35.7864900392797
27600.0,-36.861251064465854
27660.0,-37.94882048826932
27720.0,-39.046551722389
27780.0,-40.15191637307892
27840.0,-41.26247872815173
27900.0,-42.37587075288568
27960.0,-43.489767645054386
28020.0,-44.601863832047805
28080.0,-45.70984987170537
28140.0,-46.81138883888142
28200.0,-47.90409389934218
28260.0,-48.98550570383364
28320.0,-50.05307016448116
28380.0,-51.104116654508736
28440.0,-52.13583688344706
28500.0,-53.14526487792894
28560.0,-54.12925870721851
28620.0,-55.084484853200074
28680.0,-56.00740643321098
28740.0,-56.89427675796281
28800.0,-57.74114047773568
28860.0,-58.54384363410994
28920.0,-59.298056272409355
28980.0,-59.99930918795573
29040.0,-60.643047415866945
29100.0,-61.22470198315678
29160.0,-61.73978032435964
29220.0,-62.183974029652106
29280.0,-62.553280377010324
29340.0,-62.84413161886954
29400.0,-63.05352365828715
29460.0,-63.179134006880915
29520.0,-63.21941852035053
29580.0,-63.17367728036423
29640.0,-63.04208276140405
29700.0,-62.825667270659785
29760.0,-62.52627113257546
29820.0,-62.14645726989649
29880.0,-61.689400946426204
29940.0,-61.158765024191794
30000.0,-60.55857106384854
30060.0,-59.893075333151025
30120.0,-59.16665612710399
30180.0,-58.383717828279146
30240.0,-57.548612374641394
30300.0,-56.66557934506933
30360.0,-55.738703077745
30420.0,-54.77188489801965
30480.0,-53.76882808687874
30540.0,-52.73303318639582
30600.0,-51.66780140372065
30660.0,-50.576244173715125
30720.0,-49.46129737248998
30780.0,-48.32573839797778
30840.0,-47.1722065185219
30900.0,-46.00322407425277
30960.0,-44.821219454794665
31020.0,-43.62855112353461
31080.0,-42.427532738510884
31140.0,-41.22045947619432
31200.0,-40.009635766742704
31260.0,-38.79740474289867
31320.0,-37.586179770126265
31380.0,-36.37847846916759
31440.0,-35.17695972447676
31500.0,-33.984463649935535
31560.0,-32.8040558710669
31620.0,-31.639074810783004
31680.0,-30.49318283741189
31740.0,-29.37042011919878
31800.0,-28.275259759113318
31860.0,-27.212661619192964
31920.0,-26.18812076069785
31980.0,-25.207704536225144
32040.0,-24.278070154752758
32100.0,-23.406452239794078
32160.0,-22.600607845672812
32220.0,-21.86870606778357
32280.0,-21.219150155011693
32340.0,-20.660325715325026
32400.0,-20.200277253831786
32460.0,-19.84632857348017
32520.0,-19.604677768061663
32580.0,-19.480011103559775
32640.0,-19.475187116337217
32700.0,-19.591038608935335
32760.0,-19.82632460812148
32820.0,-20.17784043014822
32880.0,-20.64066604871664
32940.0,-21.20851402416167
33000.0,-21.874125522276664
33060.0,-22.62966559381593
33120.0,-23.46707887153305
33180.0,-24.37838167078574
33240.0,-25.355881067566738
33300.0,-26.39232295137714
33360.0,-27.48097825059993
33420.0,-28.615679699297292
33480.0,-29.79082254571632
33540.0,-31.0013392710943
33600.0,-32.24265951425737
33660.0,-33.51066082491984
33720.0,-34.80161576602262
33780.0,-36.112138528845975
33840.0,-37.439133021961
33900.0,-38.779743439490254
33960.0,-40.131307662336134
34020.0,-41.49131339702947
34080.0,-42.85735666758107
34140.0,-44.22710202264913
34200.0,-45.59824421291802
34260.0,-46.96846947159572
34320.0,-48.33541708433377
34380.0,-49.69663928395176
34440.0,-51.04955906890237
34500.0,-52.39142500956627
34560.0,-53.71926222165057
34620.0,-55.02981877267199
34680.0,-56.31950697606008
34740.0,-57.58433937642663
34800.0,-58.819859780917376
34860.0,-60.021070901275614
34920.0,-61.18236086929117
34980.0,-62.29743433511077
35040.0,-63.35925550930514
35100.0,-64.36001514912127
35160.0,-65.29113768801558
35220.0,-66.14334911947506
35280.0,-66.90682902509789
35340.0,-67.57146889867117
35400.0,-68.12725060598852
35460.0,-68.56474089134394
35520.0,-68.8756699916596
35580.0,-69.05353091299449
35640.0,-69.09410875617833
35700.0,-68.99584429953855
35760.0,-68.7599577335935
35820.0,-68.39030658236376
35880.0,-67.89300925423034
35940.0,-67.27591131420787
36000.0,-66.54799067239006
36060.0,-65.71878900591275
36120.0,-64.7979298049259
36180.0,-63.79475105517181
36240.0,-62.718055980781465
36300.0,-61.57596555396638
36360.0,-60.37585208410343
36420.0,-59.124330640269534
36480.0,-57.82728857492082
36540.0,-56.489937631347345
36600.0,-55.11687743938931
36660.0,-53.71216286234175
36720.0,-52.27937049086066
36780.0,-50.82166161863612
36840.0,-49.341840501570694
36900.0,-47.842407094366436
36960.0,-46.32560562892009
37020.0,-44.79346808850683
37080.0,-43.247854538583816
37140.0,-41.690490810610186
37200.0,-40.1230047135803
37260.0,-38.54696201006836
37320.0,-36.963903591702355
37380.0,-35.375385563730234
37440.0,-33.783024338107765
37500.0,-32.188549446629466
37560.0,-30.593867200783013
37620.0,-29.001140461581592
37680.0,-27.412889403371484
37740.0,-25.832121815941743
37800.0,-24.262502679933295
37860.0,-22.70857569896127
37920.0,-21.176051829646727
37980.0,-19.672180894436394
38040.0,-18.20621953450132
38100.0,-16.789997332810007
38160.0,-15.438555048846363
38220.0,-14.170773872411868
38280.0,-13.009822822197842
38340.0,-11.983127909912975
38400.0,-11.12145490181757
38460.0,-10.45670522592173
38520.0,-10.018303651487777
38580.0,-9.828675502690063
38640.0,-9.899050048170473
38700.0,-10.227142271405583
38760.0,-10.797702374620583
38820.0,-11.585691234830199
38880.0,-12.560777770198486
38940.0,-13.6916305090353
39000.0,-14.949023735111448
39060.0,-16.307522299066356
39120.0,-17.74601296137113
39180.0,-19.247511269872803
39240.0,-20.79861853177861
39300.0,-22.38887723063514
39360.0,-24.010158435931526
39420.0,-25.656137102011076
39480.0,-27.321867657220682
39540.0,-29.003451802851686
39600.0,-30.69778372267452
39660.0,-32.4023553727406
39720.0,-34.11510926019873
39780.0,-35.834325840009
39840.0,-37.5585369376418
39900.0,-39.28645814019783
39960.0,-41.0169348566494
40020.0,-42.748897991643716
40080.0,-44.481326075824434
40140.0,-46.213211314856075
40200.0,-47.94352734443844
40260.0,-49.67119706853881
40320.0,-51.39505779665256
40380.0,-53.11382271605661
40440.0,-54.826035408963634
40500.0,-56.53001474511981
40560.0,-58.22378622142003
40620.0,-59.90499462980759
40680.0,-61.570791183893526
40740.0,-63.217685824691294
40800.0,-64.84135219305765
40860.0,-66.43636861620092
40920.0,-67.99587383454931
40980.0,-69.51111134364382
41040.0,-70.97083630163871
41100.0,-72.36056853505178
41160.0,-73.661713838155
41220.0,-74.85067168328882
41280.0,-75.89824396463763
41340.0,-76.7699761260111
41400.0,-77.42838241150206
41460.0,-77.83789899041128
41520.0,-77.97220905334427
41580.0,-77.82135394536414
41640.0,-77.39474957142886
41700.0,-76.71816178643286
41760.0,-75.82660970724054
41820.0,-74.75707129500569
41880.0,-73.54355452290628
41940.0,-72.21487880515966
42000.0,-70.79432598134623
42060.0,-69.30021683868617
42120.0,-67.74678763740319
42180.0,-66.14505474676275
42240.0,-64.50354999946535
42300.0,-62.828903991717404
42360.0,-61.12629399101317
42420.0,-59.39978086827812
42480.0,-57.65256145946691
42540.0,-55.88715686670226
42600.0,-54.10555301925195
42660.0,-52.30930564362085
42720.0,-50.49961854554
42780.0,-48.67740165647158
42840.0,-46.84331347001949
42900.0,-44.99779119083744
42960.0,-43.141070486069566
43020.0,-41.2731971809797
43080.0,-39.39403051027594
43140.0,-37.50323907311813
43200.0,-35.60028884396809
43260.0,-33.68442246575621
43320.0,-31.754628360878222
43380.0,-29.809597446417914
43440.0,-27.847664304342718
43500.0,-25.866728482070105
43560.0,-23.86415021945137
43620.0,-21.836612983225397
43680.0,-19.779944795194922
43740.0,-17.688888879692563
43800.0,-15.556820758847136
43860.0,-13.375426625723076
43920.0,-11.134412981873778
43980.0,-8.821465674644271
44040.0,-6.423061593593685
44100.0,-3.9277059373411465
44160.0,-1.335474680876034
44220.0,1.3175290434076277
44280.0,3.9055585366114975
44340.0,6.128573855002499
44400.0,7.48228651153133
44460.0,7.493887395564691
44520.0,6.1513831336994444
44580.0,3.917622222325223
44640.0,1.3043614484919488
44700.0,-1.3792593591399238
44760.0,-4.0030254702722825
44820.0,-6.529669575225474
44880.0,-8.959314460175646
44940.0,-11.3040271145832
45000.0,-13.577913239698253
45060.0,-15.793781034320245
45120.0,-17.96232335338516
45180.0,-20.09217743053339
45240.0,-22.190237297664186
45300.0,-24.261994489226993
45360.0,-26.31183622237992
45420.0,-28.34328660082175
45480.0,-30.359195312346223
45540.0,-32.361883198305
45600.0,-34.353253996551636
45660.0,-36.334880500974855
45720.0,-38.30807042350736
45780.0,-40.27391792142475
45840.0,-42.23334342314521
45900.0,-44.1871247876205
45960.0,-46.135921714569164
46020.0,-48.08029488073035
46080.0,-50.020720890104414
46140.0,-51.95760382784012
46200.0,-53.891283973223
46260.0,-55.82204396834387
46320.0,-57.750112905061215
46380.0,-59.67566751920128
46440.0,-61.59883119602674
46500.0,-63.51966934467484
46560.0,-65.43818018405301
46620.0,-67.35427865138533
46680.0,-69.26776944402276
46740.0,-71.17830190237984
46800.0,-73.08529287390904
46860.0,-74.98778976904133
46920.0,-76.88421435853878
46980.0,-78.77184991957506
47040.0,-80.64571903673443
47100.0,-82.49583145465367
47160.0,-84.29932166520713
47220.0,-85.99301602516796
47280.0,-87.35686407575942
47340.0,-87.70026317260378
47400.0,-86.6886013366943
47460.0,-85.09910742392763
47520.0,-83.33267930529482
47580.0,-81.49857289471288
47640.0,-79.63229828040974
47700.0,-77.74818425392367
47760.0,-75.85297647726773
47820.0,-73.95020443524079
47880.0,-72.04185007631034
47940.0,-70.12907410223382
48000.0,-68.21256498860032
48060.0,-66.29271995045379
48120.0,-64.36974435636338
48180.0,-62.44370865107928
48240.0,-60.51458171929887
48300.0,-58.58225045469955
48360.0,-56.646530406717766
48420.0,-54.707171189727084
48480.0,-52.76385712218172
48540.0,-50.81620474026229
48600.0,-48.863757183719585
48660.0,-46.905975496595566
48720.0,-44.9422265340178
48780.0,-42.9717668820187
48840.0,-40.993721870113674
48900.0,-39.00705834137844
48960.0,-37.010549353252166
49020.0,-35.00272780686399
49080.0,-32.981826080109855
49140.0,-30.945695124166104
49200.0,-28.89169599389879
49260.0,-26.816551830339066
49320.0,-24.716142789050153
49380.0,-22.585216874402285
49440.0,-20.41697405193119
49500.0,-18.202454662012872
49560.0,-15.929617268198372
49620.0,-13.581908483206588
49680.0,-11.135972433000832
49740.0,-8.557849315301958
49800.0,-5.796404296757896
49860.0,-2.771462029969438
49920.0,0.6485788812237264
49980.0,4.690267016649889
50040.0,9.756368164851164
50100.0,16.515506282398555
50160.0,25.3496409109089
50220.0,31.675509950862708
50280.0,26.610310286527156
50340.0,17.5749242685153
50400.0,10.484341902755215
50460.0,5.2106631243037524
50520.0,1.0472131158511455
50580.0,-2.4462843047012575
50640.0,-5.517046836035728
50700.0,-8.307633978795561
50760.0,-10.904228699066248
50820.0,-13.361410021915969
50880.0,-15.715196252299203
50940.0,-17.990216234878506
51000.0,-20.203830732892346
51060.0,-22.368600285146176
51120.0,-24.493817457624782
51180.0,-26.586490187708662
51240.0,-28.651990624939128
51300.0,-30.694494256340548
51360.0,-32.71728362182256
51420.0,-34.72296235540964
51480.0,-36.71360841349857
51540.0,-38.69088511994866
51600.0,-40.656122287262406
51660.0,-42.610375537635214
51720.0,-44.55446967035741
51780.0,-46.48902892375071
51840.0,-48.41449766632391
51900.0,-50.33115213220571
51960.0,-52.23910420440305
52020.0,-54.13829714391491
52080.0,-56.028492455994495
52140.0,-57.90924617189805
52200.0,-59.77987160124081
52260.0,-61.63938385803008
52320.0,-63.48641874167551
52380.0,-65.31911488966313
52440.0,-67.13494010190855
52500.0,-68.93043422187792
52560.0,-70.70082070005824
52620.0,-72.43941031213578
52680.0,-74.13667021407555
52740.0,-75.77875202808035
52800.0,-77.34516051091079
52860.0,-78.80514745306547
52920.0,-80.11258977386288
52980.0,-81.20043242402426
53040.0,-81.98006740166356
53100.0,-82.35783158465894
53160.0,-82.27571116763174
53220.0,-81.74846312107128
53280.0,-80.85363147694235
53340.0,-79.68720903084173
53400.0,-78.33098714752224
53460.0,-76.8440646196039
53520.0,-75.26640798985835
53580.0,-73.62460036463344
53640.0,-71.93644624229916
53700.0,-70.21407577998046
53760.0,-68.46592478994951
53820.0,-66.69798373021904
53880.0,-64.91459117625462
53940.0,-63.11894610538709
54000.0,-61.31344489277854
54060.0,-59.49990743709862
54120.0,-57.679731875928795
54180.0,-55.85400243059138
54240.0,-54.02356591481827
54300.0,-52.18908692549967
54360.0,-50.35108835079219
54420.0,-48.509981300570864
54480.0,-46.66608827226349
54540.0,-44.819660648595715
54600.0,-42.97089287660728
54660.0,-41.119934240888824
54720.0,-39.26689933293215
54780.0,-37.41187822739495
54840.0,-35.55494749144036
54900.0,-33.69618344327511
54960.0,-31.83567960627456
55020.0,-29.97357128237613
55080.0,-28.11007110954944
55140.0,-26.24552335758608
55200.0,-24.38048595810979
55260.0,-22.515857865023555
55320.0,-20.653077552594397
55380.0,-18.794434323519848
55440.0,-16.943557774289282
55500.0,-15.106185661066515
55560.0,-13.291356541118711
55620.0,-11.513219910808578
55680.0,-9.793659877807409
55740.0,-8.165772068123287
55800.0,-6.6776783353996345
55860.0,-5.394913847659834
55920.0,-4.397784112111244
55980.0,-3.76933887287811
56040.0,-3.573430807127817
56100.0,-3.8316616445361946
56160.0,-4.514277753216635
56220.0,-5.552085495540213
56280.0,-6.860337795410939
56340.0,-8.35964715640205
56400.0,-9.98650635540846
56460.0,-11.694889116493968
56520.0,-13.453412061585151
56580.0,-15.24143346029463
56640.0,-17.04564102133997
56700.0,-18.8575261860454
56760.0,-20.67166015296338
56820.0,-22.484565072093577
56880.0,-24.29398975917131
56940.0,-26.09844853338395
57000.0,-27.896927507909112
57060.0,-29.688696340199826
57120.0,-31.473186435049058
57180.0,-33.249910149408834
57240.0,-35.018406353182705
57300.0,-36.77820174775948
57360.0,-38.528781852832424
57420.0,-40.26956742082043
57480.0,-41.999893421987366
57540.0,-43.71898854206998
57600.0,-45.42595359196707
57660.0,-47.11973746251904
57720.0,-48.79910925184602
57780.0,-50.46262563878872
57840.0,-52.10859097347385
57900.0,-53.73500975957447
57960.0,-55.33952851878989
58020.0,-56.91936515761838
58080.0,-58.47122320241669
58140.0,-59.991188176798715
58200.0,-61.47460355392945
58260.0,-62.915924527427904
58320.0,-64.30854985074183
58380.0,-65.64463610665453
58440.0,-66.91490614750342
58500.0,-68.10847647734698
58560.0,-69.21274529333901
58620.0,-70.21341079834967
58680.0,-71.09471267034183
58740.0,-71.84000596381394
58800.0,-72.43275504467478
58860.0,-72.85795029868726
58920.0,-73.10379252184846
58980.0,-73.16330435594426
59040.0,-73.03542360344586
59100.0,-72.72522013420087
59160.0,-72.24315832583547
59220.0,-71.6036522576634
59280.0,-70.8233491934978
59340.0,-69.91954974046995
59400.0,-68.90900885422408
59460.0,-67.80717933497431
59520.0,-66.62783837761074
59580.0,-65.38298999727812
59640.0,-64.08293815822476
59700.0,-62.736449172829744
59760.0,-61.350949015607526
59820.0,-59.9327231439363
59880.0,-58.48710252746921
59940.0,-57.01862817684673
60000.0,-55.53119304035129
60060.0,-54.028162373770684
60120.0,-52.512475169686915
60180.0,-50.986729601532424
60240.0,-49.453255398475385
60300.0,-47.914175832906786
60360.0,-46.37146170731313
60420.0,-44.82697952319851
60480.0,-43.28253530399718
60540.0,-41.7399167940394
60600.0,-40.20093430500704
60660.0,-38.667462773657846
60720.0,-37.14148623134297
60780.0,-35.62514641856452
60840.0,-34.12079733735194
60900.0,-32.63106767756317
60960.0,-31.158933174939243
61020.0,-29.70780100746711
61080.0,-28.28160816632947
61140.0,-26.884935278766584
61200.0,-25.523135457179933
61260.0,-24.202477321578655
61320.0,-22.930294018686148
61380.0,-21.715126848364633
61440.0,-20.56684083893872
61500.0,-19.49667812622568
61560.0,-18.51720150972072
61620.0,-17.64207003927805
61680.0,-16.885588269655074
61740.0,-16.26199095747432
61800.0,-15.784473907455427
61860.0,-15.46405738459877
61920.0,-15.308454656591913
61980.0,-15.321170535048699
62040.0,-15.50104469704606
62100.0,-15.842358308387077
62160.0,-16.33547780741057
62220.0,-16.96787539620176
62280.0,-17.725297592946333
62340.0,-18.59286689423895
62400.0,-19.555972249777128
62460.0,-20.600890017332045
62520.0,-21.71514594884159
62580.0,-22.88766735999977
62640.0,-24.108786988318283
62700.0,-25.37015465583498
62760.0,-26.66460051428047
62820.0,-27.985980032677105
62880.0,-29.329019417189492
62940.0,-30.68917171146445
63000.0,-32.06248819652075
63060.0,-33.44550626442894
63120.0,-34.8351529581157
63180.0,-36.22866287293597
63240.0,-37.62350742378267
63300.0,-39.01733467600647
63360.0,-40.407916865864784
63420.0,-41.79310426367575
63480.0,-43.170783813556646
63540.0,-44.5388412672244
63600.0,-45.89512572252001
63660.0,-47.23741565691653
63720.0,-48.563385719996546
63780.0,-49.870573710621734
63840.0,-51.15634727075591
63900.0,-52.417870645658624
63960.0,-53.65207032490619
64020.0,-54.85560175108188
64080.0,-56.02481673434021
64140.0,-57.15573362638339
64200.0,-58.24401246898536
64260.0,-59.284938346630476
64320.0,-60.27341723565431
64380.0,-61.20398972402975
64440.0,-62.07086891615632
64500.0,-62.86800921621801
64560.0,-63.58921278742889
64620.0,-64.22827697027357
64680.0,-64.77918496125025
64740.0,-65.23633348315879
64800.0,-65.59478542234281
64860.0,-65.85052701327068
64920.0,-66.00070301327156
64980.0,-66.04380102629378
65040.0,-65.9797595584259
65100.0,-65.80998371027306
65160.0,-65.5372658291861
65220.0,-65.16562271670273
65280.0,-64.70007188664991
65340.0,-64.14637573374085
65400.0,-63.51078156715421
65460.0,-62.79978080801421
65520.0,-62.01990291159417
65580.0,-61.17755171050428
65640.0,-60.27888527656297
65700.0,-59.329735815258715
65760.0,-58.33556355368926
65820.0,-57.30143772136244
65880.0,-56.23203756044201
65940.0,-55.13166822676013
66000.0,-54.00428572985795
66060.0,-52.85352795774547
66120.0,-51.682748773122945
66180.0,-50.49505335746485
66240.0,-49.29333358514668
66300.0,-48.080302715142665
66360.0,-46.858529057023425
66420.0,-45.63046852712312
66480.0,-44.398496201500855
66540.0,-43.164937174181865
66600.0,-41.9320965104945
66660.0,-40.702289931193945
66720.0,-39.47787388069297
66780.0,-38.26127661814882
66840.0,-37.05503013567319
66900.0,-35.86180323178632
66960.0,-34.68443586047007
67020.0,-33.525974682681955
67080.0,-32.38970948013258
67140.0,-31.27920969235506
67200.0,-30.19835989861306
67260.0,-29.151391748430868
67320.0,-28.142910816659292
67380.0,-27.177912724396588
67440.0,-26.261784831459384
67500.0,-25.400286866804255
67560.0,-24.599503725958446
67620.0,-23.86576350479484
67680.0,-23.20551494724505
67740.0,-22.625161220008735
67800.0,-22.130851618707453
67860.0,-21.728239366248978
67920.0,-21.422220924582387
67980.0,-21.216680297788123
68040.0,-21.114264813974295
68100.0,-21.11622067865612
68160.0,-21.222310228253416
68220.0,-21.43082276365457
68280.0,-21.73867754423723
68340.0,-22.141604602840218
68400.0,-22.634379534614833
68460.0,-23.211084181675815
68520.0,-23.8653662996935
68580.0,-24.59067690851451
68640.0,-25.380470576011806
68700.0,-26.228362780725085
68760.0,-27.128243353978768
68820.0,-28.07435011159537
68880.0,-29.061308905246094
68940.0,-30.084147184462957
69000.0,-31.138287902363658
69060.0,-32.219529731448745
69120.0,-33.324018440350166
69180.0,-34.44821313848973
69240.0,-35.58884999643584
69300.0,-36.742905796021425
69360.0,-37.90756120742459
69420.0,-39.08016617436268
69480.0,-40.2582064506166
69540.0,-41.439271868660995
69600.0,-42.621026162394855
69660.0,-43.80117815024264
69720.0,-44.9774540370292
69780.0,-46.147570569307824
69840.0,-47.309208794339085
69900.0,-48.45998812796692
69960.0,-49.59744109502517
70020.0,-50.718987391317874
70080.0,-51.82190906375289
70140.0,-52.90332574205982
70200.0,-53.960170893297196
70260.0,-54.98916973656483
70320.0,-55.986819888553924
70380.0,-56.94937621216172
70440.0,-57.87284181509001
70500.0,-58.75296763852835
70560.0,-59.585263495419575
70620.0,-60.365024168747794
70680.0,-61.0873731105337
70740.0,-61.74732797435944
70800.0,-62.339889297747355
70860.0,-62.86015320308896
70920.0,-63.30344608166492
70980.0,-63.66547607746653
71040.0,-63.942492656893556
71100.0,-64.13144233375336
71160.0,-64.23010655326411
71220.0,-64.23720762805691
71280.0,-64.15247077932844
71340.0,-63.976635192365755
71400.0,-63.71141256763866
71460.0,-63.359398397536346
71520.0,-62.92394619922924
71580.0,-62.40901819540493
71640.0,-61.8190266968178
71700.0,-61.15867904384764
71760.0,-60.432836111036494
71820.0,-59.64639090276512
71880.0,-58.80417039825693
71940.0,-57.91086111467166
72000.0,-56.97095632989253
72060.0,-55.98872337026286
72120.0,-54.96818614568751
72180.0,-53.91312078144319
72240.0,-52.82706087108685
72300.0,-51.71330983807282
72360.0,-50.57495831488648
72420.0,-49.41490493007933
72480.0,-48.23587932281515
72540.0,-47.04046658489044
72600.0,-45.83113271708004
72660.0,-44.61025032594097
72720.0,-43.38012583296527
72780.0,-42.14302654312696
72840.0,-40.901209138637554
72900.0,-39.65694940871354
72960.0,-38.41257373164313
73020.0,-37.170492801286294
73080.0,-35.93323812714059
73140.0,-34.70350185507843
73200.0,-33.48418041070241
73260.0,-32.278422429661425
73320.0,-31.089680737131193
73380.0,-29.92176919984472
73440.0,-28.778922225328166
73500.0,-27.665856181665514
73560.0,-26.587829177863888
73620.0,-25.550694286278347
73680.0,-24.560938845442696
73740.0,-23.625699710968494
73800.0,-22.752741476325745
73860.0,-21.950382469160846
73920.0,-21.227352846835306
73980.0,-20.59257173605513
74040.0,-20.054837962689124
74100.0,-19.622441263033927
74160.0,-19.302718730417986
74220.0,-19.10159959884987
74280.0,-19.02319592083819
74340.0,-19.06950038198738
74400.0,-19.24024143303928
74460.0,-19.532920914046553
74520.0,-19.943026875339864
74580.0,-20.464384125781656
74640.0,-21.089585774523165
74700.0,-21.81044539608341
74760.0,-22.618416877244947
74820.0,-23.50494863241833
74880.0,-24.461754606659852
74940.0,-25.481001489571394
75000.0,-26.555421277128715
75060.0,-27.67836347383214
75120.0,-28.843802338357893
75180.0,-30.04631322076185
75240.0,-31.281029497675792
75300.0,-32.543588724033874
75360.0,-33.83007468961008
75420.0,-35.13695803117576
75480.0,-36.461039668461
75540.0,-37.79939693980979
75600.0,-39.14933346240298
75660.0,-40.50833256535596
75720.0,-41.874013904256316
75780.0,-43.24409266821835
75840.0,-44.61634066377855
75900.0,-45.988548499952834
75960.0,-47.35848798306789
76020.0,-48.72387430759031
76080.0,-50.082326103956596
76140.0,-51.43132392718336
76200.0,-52.76816523958534
76260.0,-54.08991551742771
76320.0,-55.393354701299835
76380.0,-56.67491849429899
76440.0,-57.93063438033303
76500.0,-59.15605287100734
76560.0,-60.346175494837915
76620.0,-61.49538255069326
76680.0,-62.59736609716961
76740.0,-63.64507604373645
76800.0,-64.63069224231701
76860.0,-65.54563877375178
76920.0,-66.38066152818455
76980.0,-67.1259922704504
77040.0,-67.77162037920331
77100.0,-68.30768401322891
77160.0,-68.72497330487484
77220.0,-69.01550989456786
77280.0,-69.17313546554632
77340.0,-69.19401828742325
77400.0,-69.07698378274641
77460.0,-68.823602195458
77520.0,-68.43801430397525
77580.0,-67.92653408163909
77640.0,-67.29710823040614
77700.0,-66.55872776560379
77760.0,-65.72087497735023
77820.0,-64.79306114153925
77880.0,-63.78447929967024
77940.0,-62.703771547898185
78000.0,-61.55889516477682
78060.0,-60.35706500591742
78120.0,-59.104751287014125
78180.0,-57.80771195401534
78240.0,-56.47104620443564
78300.0,-55.09925807265097
78360.0,-53.69632312306113
78420.0,-52.265753894418836
78480.0,-50.81066165894229
78540.0,-49.3338133791916
78600.0,-47.83768359427836
78660.0,-46.32450158706608
78720.0,-44.79629399529331
78780.0,-43.25492481150085
78840.0,-41.70213223670756
78900.0,-40.13956461809833
78960.0,-38.56881626069723
79020.0,-36.991464631337934
79080.0,-35.40911067118501
79140.0,-33.823424334767694
79200.0,-32.23619802348007
79260.0,-30.649411355517078
79320.0,-29.06531180801142
79380.0,-27.486516815800133
79440.0,-25.916145713193885
79500.0,-24.35799033565357
79560.0,-22.816737175637297
79620.0,-21.298254922496966
79680.0,-19.809961907983723
79740.0,-18.361284008295364
79800.0,-16.964200587706877
79860.0,-15.633846458676969
79920.0,-14.389081801827887
79980.0,-13.252852463818378
80040.0,-12.252048881951557
80100.0,-11.416481218145185
80160.0,-10.776625439858918
80220.0,-10.36009564566252
80280.0,-10.187391440159768
80340.0,-10.268116836330423
80400.0,-10.599067276938095
80460.0,-11.164983153932242
80520.0,-11.941638844665597
80580.0,-12.90003573595471
80640.0,-14.010336357778296
80700.0,-15.2446927966008
80760.0,-16.578785006343768
80820.0,-17.99231533963136
80880.0,-19.46884592316525
80940.0,-20.995312215827415
81000.0,-22.561437252972443
81060.0,-24.159168833337322
81120.0,-25.78219259504311
81180.0,-27.425534353001893
81240.0,-29.085245993114643
81300.0,-30.75816199360738
81360.0,-32.44171235444782
81420.0,-34.13377962972932
81480.0,-35.832588283504684
81540.0,-37.5366195750313
81600.0,-39.244544266056
81660.0,-40.95516864024557
81720.0,-42.66738989684104
81780.0,-44.38015789113842
81840.0,-46.09244077155264
81900.0,-47.80319242010013
81960.0,-49.5113197943642
82020.0,-51.21564823455924
82080.0,-52.91488303854157
82140.0,-54.60756415894494
82200.0,-56.29201225869609
82260.0,-57.96626166325222
82320.0,-59.627975783532634
82380.0,-61.27433863470646
82440.0,-62.901914015840525
82500.0,-64.50646112222242
82560.0,-66.08269189387407
82620.0,-67.62395152146546
82680.0,-69.1218002943726
82740.0,-70.56547519229613
82800.0,-71.94121992583042
82860.0,-73.23150564759749
82920.0,-74.41424634684313
82980.0,-75.46227404186625
83040.0,-76.34359549370399
83100.0,-77.02321598237047
83160.0,-77.46726602768447
83220.0,-77.64928705419288
83280.0,-77.55676097113756
83340.0,-77.19465237803584
83400.0,-76.5838285273991
83460.0,-75.75535384805437
83520.0,-74.74380023254815
83580.0,-73.58217547331898
83640.0,-72.2992456797559
83700.0,-70.91874503185232
83760.0,-69.45964951495513
83820.0,-67.93688306549363
83880.0,-66.36210150017034
83940.0,-64.74439808928028
84000.0,-63.09088303421347
84060.0,-61.407138046742986
84120.0,-59.697564169014576
84180.0,-57.96564576237584
84240.0,-56.21414871865715
84300.0,-54.44526984328923
84360.0,-52.660749109809
84420.0,-50.86195395559515
84480.0,-49.04994231064298
84540.0,-47.22550922030141
84600.0,-45.3892205527818
84660.0,-43.54143623364476
84720.0,-41.682324706723044
84780.0,-39.81186926597396
84840.0,-37.92986758774166
84900.0,-36.03592323704751
84960.0,-34.12942949204263
85020.0,-32.20954405985473
85080.0,-30.275153071641085
85140.0,-28.324821981202376
85200.0,-26.356730189114092
85260.0,-24.368585339920866
85320.0,-22.357512535412237
85380.0,-20.319913728628972
85440.0,-18.251294861386867
85500.0,-16.146066196469555
85560.0,-13.997345108020108
85620.0,-11.796848250676646
85680.0,-9.535107788691588
85740.0,-7.2025991712573205
85800.0,-4.793197883928349
85860.0,-2.3132035038266707
85920.0,0.19749310133799405
85980.0,2.622604430631349
86040.0,4.707204272704745
86100.0,6.039987642324706
86160.0,6.223571916786235
86220.0,5.195287363565592
86280.0,3.287612795004279
86340.0,0.9338259232952427
86400.0,-1.5653244757357416
