t,p_sun_w,p_nadir_w,incidence_nadir
0.0,12808.183402522167,5896.570028386717,0.4603752025619475
60.0,12808.187071514558,5944.877269884072,0.46414666156036205
120.0,12808.190740549184,5993.071423291038,0.4679092890393721
180.0,12808.19440962606,6041.151570779855,0.4716630133471115
240.0,12808.198078745176,6089.116796690863,0.4754077630010713
300.0,12808.20174790654,6136.966187549352,0.47914346668941404
360.0,12808.205417112596,6184.69883200728,0.48287005326633187
420.0,12808.20908635846,6232.313821166397,0.48658745177764157
480.0,12808.212755646555,6279.810248135621,0.49029559142567647
540.0,12808.216424976903,6327.187208354401,0.4939944015948974
600.0,12808.220094349484,6374.443799535083,0.49768381184730365
660.0,12808.22376376431,6421.5791216780535,0.5013637519236129
720.0,12808.227433221382,6468.592277089733,0.5050341517446669
780.0,12808.231102720689,6515.482370400543,0.5086949414128343
840.0,12808.234772262247,6562.248508580226,0.512346051213205
900.0,12808.238441846035,6608.88980095583,0.5159874116149964
960.0,12808.242111472066,6655.405359228316,0.5196189532728471
1020.0,12808.24578114281,6701.794297416267,0.5232406070223227
1080.0,12808.249450853316,6748.055732167899,0.5268523039046782
1140.0,12808.253120606072,6794.18878233406,0.5304539751329155
1200.0,12808.256790401074,6840.192569280386,0.5340455521165574
1260.0,12808.260460238303,6886.066216831715,0.5376269664572074
1320.0,12808.264130117766,6931.808851286954,0.541198149949709
1380.0,12808.26780003947,6977.419601436456,0.5447590345835019
1440.0,12808.271470003414,7022.897598579406,0.5483095525439807
1500.0,12808.275140009599,7068.241976538788,0.551849636213662
1560.0,12808.278810058013,7113.451871678793,0.5553792181735443
1620.0,12808.28248014867,7158.526422920913,0.5588982312043622
1680.0,12808.286150281558,7203.464771761313,0.5624066082879452
1740.0,12808.289820459135,7248.266062214143,0.5659042826026806
1800.0,12808.293490676493,7292.929441114793,0.5693911875476242
1860.0,12808.297160936087,7337.454057706373,0.5728672567095655
1920.0,12808.300831237912,7381.839063943387,0.576332423887169
1980.0,12808.30450158197,7426.083614434635,0.5797866230864069
2040.0,12808.308171968263,7470.186866460259,0.583229788521891
2100.0,12808.31184239678,7514.14797998739,0.5866618546180938
2160.0,12808.315512867533,7557.966117687149,0.5900827560106744
2220.0,12808.319183380518,7601.640444948947,0.5934924275475961
2280.0,12808.322853935742,7645.170129897179,0.5968908042904283
2340.0,12808.326524533188,7688.554343407879,0.6002778215156485
2400.0,12808.330195175336,7731.7922590545695,0.6036534147102949
2460.0,12808.33386585724,7774.883053398653,0.6070175195951057
2520.0,12808.337536581375,7817.8259055937615,0.6103700720929305
2580.0,12808.341207347738,7860.6199976765065,0.6137110083518948
2640.0,12808.344878156337,7903.264514511948,0.6170402647410258
2700.0,12808.348549007153,7945.758643810115,0.6203577778515432
2760.0,12808.352219900207,7988.101576140959,0.6236634844980236
2820.0,12808.355890835479,8030.292504950826,0.62695732171969
2880.0,12808.359561812991,8072.330626575928,0.6302392267814592
2940.0,12808.363232832717,8114.21514025978,0.633509137175307
3000.0,12808.366903894666,8155.945248166561,0.6367669906213076
3060.0,12808.37057500132,8197.520155332288,0.6400127250636987
3120.0,12808.374246147727,8238.939069940156,0.6432462786928728
3180.0,12808.377917336355,8280.201202945078,0.646467589915323
3240.0,12808.381588567205,8321.305768348459,0.649676597375587
3300.0,12808.385259840292,8362.251983148848,0.6528732399522714
3360.0,12808.388931155587,8403.039067356518,0.6560574567591918
3420.0,12808.392602513115,8443.666244008124,0.6592291871465125
3480.0,12808.396273912867,8484.132739182469,0.6623883707019811
3540.0,12808.399945354831,8524.437782013427,0.665534947251936
3600.0,12808.403616839018,8564.580604706754,0.6686688568626169
3660.0,12808.407288365428,8604.560442552842,0.671790039841162
3720.0,12808.41095993652,8644.376533880517,0.6748984367318708
3780.0,12808.414631547383,8684.028120318508,0.6779939883371336
3840.0,12808.418303200453,8723.514446439196,0.6810766356888456
3900.0,12808.421974895742,8762.834760019668,0.6841463200692992
3960.0,12808.425646633246,8801.9883119948,0.6872029830073959
4020.0,12808.429318412971,8840.974356471454,0.6902465662797517
4080.0,12808.432990234924,8879.792150742243,0.693277011911773
4140.0,12808.436662099082,8918.440955300757,0.6962942621788456
4200.0,12808.44033400546,8956.920033853883,0.6992982596072939
4260.0,12808.444005954058,8995.22865333785,0.7022889469756343
4320.0,12808.447677944881,9033.366083930174,0.7052662673155081
4380.0,12808.451349977906,9071.331599065481,0.7082301639129175
4440.0,12808.45502205561,9109.124475390016,0.7111805803045327
4500.0,12808.458694173078,9146.743993007203,0.7141174602974135
4560.0,12808.462366332746,9184.189435144937,0.7170407479422144
4620.0,12808.466038534629,9221.460088399546,0.7199503875527737
4680.0,12808.469710778745,9258.555242692099,0.7228463237025671
4740.0,12808.473383065053,9295.474191282545,0.725728501225815
4800.0,12808.477055393581,9332.216230781947,0.7285968652184298
4860.0,12808.480727764325,9368.780661166338,0.7314513610391032
4920.0,12808.48440017728,9405.166785790958,0.7342919343104156
4980.0,12808.48807263244,9441.37391140174,0.7371185309197326
5040.0,12808.491745129806,9477.401348150464,0.7399310970203866
5100.0,12808.495417671866,9513.248409552225,0.7427295790282133
5160.0,12808.49909025366,9548.91441271569,0.7455139236401026
5220.0,12808.502762877666,9584.398678031428,0.7482840778088037
5280.0,12808.506435543877,9619.700529400845,0.7510399887613728
5340.0,12808.5101082523,9654.819294195282,0.7537816039958348
5400.0,12808.513781002934,9689.754303269372,0.7565088712822264
5460.0,12808.51745379577,9724.504890972727,0.7592217386635091
5520.0,12808.521126630822,9759.070395162962,0.761920154456583
5580.0,12808.524799508072,9793.450157219193,0.764604067253344
5640.0,12808.528472427537,9827.643522053035,0.7672734259215376
5700.0,12808.5321453892,9861.649838122605,0.7699281796058567
5760.0,12808.535818395536,9895.468457393456,0.7725682777247379
5820.0,12808.539491441617,9929.098735552789,0.7751936699876822
5880.0,12808.543164529903,9962.540031719758,0.7778043063717467
5940.0,12808.54683766039,9995.791708658493,0.7804001371387673
6000.0,12808.55051083308,10028.853132740338,0.7829811128322631
6060.0,12808.55418404797,10061.723673956481,0.7855471842784219
6120.0,12808.557857305077,10094.402705928564,0.7880983025869258
6180.0,12808.561530604378,10126.889605922086,0.7906344191520033
6240.0,12808.56520394588,10159.183754857098,0.7931554856532567
6300.0,12808.5688773296,10191.284537320462,0.7956614540566218
6360.0,12808.572550755498,10223.191341578091,0.7981522766153274
6420.0,12808.576224226064,10254.903559539242,0.8006279058669439
6480.0,12808.579897736374,10286.420586954457,0.8030882946494597
6540.0,12808.583571288891,10317.74182314824,0.8055333960794852
6600.0,12808.587244883594,10348.86667121605,0.8079631635682474
6660.0,12808.590918520511,10379.794537989457,0.8103775508187127
6720.0,12808.594592199614,10410.524834047992,0.8127765118265171
6780.0,12808.598265920922,10441.056973729173,0.8151600008807423
6840.0,12808.601939684419,10471.390375140965,0.8175279725648935
6900.0,12808.605613490128,10501.52446017181,0.8198803817576769
6960.0,12808.609287338024,10531.458654501928,0.8222171836338877
7020.0,12808.612961228115,10561.192387615047,0.8245383336653197
7080.0,12808.616635160404,10590.725092808088,0.826843787621524
7140.0,12808.620309137357,10620.056207160425,0.8291335015672481
7200.0,12808.623983154037,10649.185171713722,0.831407431877115
7260.0,12808.627657212915,10678.111431228215,0.8336655352156369
7320.0,12808.631331313994,10706.834434363,0.8359077685519286
7380.0,12808.635005457256,10735.353633644725,0.8381340891571047
7440.0,12808.638679642712,10763.66848547677,0.8403444546049927
7500.0,12808.642353870364,10791.778450151034,0.8425388227730555
7560.0,12808.646028140218,10819.682991856984,0.8447171518430956
7620.0,12808.64970245225,10847.381578692371,0.8468794003020952
7680.0,12808.653376806478,10874.873682673904,0.8490255269430428
7740.0,12808.65705120291,10902.158779746327,0.8511554908656457
7800.0,12808.660725643982,10929.236349754856,0.8532692514740151
7860.0,12808.664400124775,10956.10587660793,0.8553667684900231
7920.0,12808.668074647778,10982.766848056961,0.8574480019351249
7980.0,12808.671749212957,11009.218755860285,0.8595129121438184
8040.0,12808.675423820327,11035.461095753542,0.8615614597611605
8100.0,12808.679098469891,11061.49336745969,0.8635936057435526
8160.0,12808.682773161643,11087.315074698963,0.8656093113595174
8220.0,12808.686447895576,11112.925725197509,0.867608538190372
8280.0,12808.6901226717,11138.324830697149,0.8695912481309886
8340.0,12808.693797490017,11163.511906965232,0.8715574033905648
8400.0,12808.697472350517,11188.486473802866,0.8735069664932662
8460.0,12808.70114725567,11213.248055020784,0.8754399002761712
8520.0,12808.704822200534,11237.796178584409,0.8773561679012724
8580.0,12808.708497187585,11262.13037641798,0.8792557328391705
8640.0,12808.71217221683,11286.250184550841,0.8811385588811702
8700.0,12808.71584728826,11310.155143091142,0.8830046101370592
8760.0,12808.719522401867,11333.844796235508,0.8848538510358611
8820.0,12808.723197557654,11357.318692276987,0.8866862463264552
8880.0,12808.726872755635,11380.576383614083,0.8885017610782809
8940.0,12808.730547995785,11403.617426759061,0.8903003606819893
9000.0,12808.734223278132,11426.441382346962,0.8920820108501399
9060.0,12808.737898602656,11449.047815143136,0.8938466776177961
9120.0,12808.741573971833,11471.43629402246,0.8955943273407232
9180.0,12808.74524938071,11493.606392096415,0.8973249267060034
9240.0,12808.748924831774,11515.557686542064,0.8990384427176447
9300.0,12808.752600325022,11537.28975873032,0.9007348427072875
9360.0,12808.756275860453,11558.80219420313,0.9024140943322497
9420.0,12808.759951438058,11580.094582682244,0.9040761655762102
9480.0,12808.76362705784,11601.166518076263,0.9057210247497587
9540.0,12808.767302719807,11622.017598488888,0.9073486404910389
9600.0,12808.770978423947,11642.647426226327,0.9089589817663283
9660.0,12808.774654170262,11663.055607805316,0.9105520178706614
9720.0,12808.778329958757,11683.241753960041,0.9121277184283709
9780.0,12808.782005789431,11703.205479649765,0.9136860533936827
9840.0,12808.78568166474,11722.946404041862,0.9152269930492152
9900.0,12808.78935757977,11742.4641506178,0.9167505080149547
9960.0,12808.793033536967,11761.758347031273,0.9182565692361281
10020.0,12808.796709536338,11780.828625214795,0.9197451479922227
10080.0,12808.800385577884,11799.674621362443,0.9212162158954659
10140.0,12808.804061661616,11818.29597593602,0.9226697448913038
10200.0,12808.807737787516,11836.692333672321,0.9241057072589717
10260.0,12808.811413955578,11854.863343589841,0.9255240756120132
10320.0,12808.815090165817,11872.80865899544,0.926924822898801
10380.0,12808.81876641823,11890.52793749125,0.9283079224030769
10440.0,12808.822442712823,11908.020840980595,0.9296733477444126
10500.0,12808.826119052042,11925.28703565478,0.9310210728770005
10560.0,12808.829795430982,11942.326192080793,0.9323510720972124
10620.0,12808.833471852075,11959.137985084602,0.9336633200334198
10680.0,12808.837148315337,11975.722093839615,0.9349577916536087
10740.0,12808.84082482078,11992.078201852584,0.936234462264104
10800.0,12808.844501368394,12008.205996969089,0.9374933075099966
10860.0,12808.848177958169,12024.105171379857,0.9387343033756369
10920.0,12808.851854590126,12039.775421626458,0.9399574261850749
10980.0,12808.855531264235,12055.21644860745,0.9411626526025468
11040.0,12808.859207980511,12070.427957583624,0.9423499596328758
11100.0,12808.86288473896,12085.409658183831,0.9435193246219318
11160.0,12808.866561542043,12100.161264394781,0.9446707252556512
11220.0,12808.87023838482,12114.682494630564,0.9458041395661924
11280.0,12808.873915269764,12128.973071640914,0.94691954592368
11340.0,12808.877592196885,12143.032722581793,0.9480169230424434
11400.0,12808.881269166164,12156.861179004296,0.9490962499799709
11460.0,12808.884946177597,12170.458176859522,0.9501575061372853
11520.0,12808.888623231198,12183.823456503836,0.9512006712593554
11580.0,12808.892300326987,12196.956762703716,0.9522257254354735
11640.0,12808.895977464912,12209.857844640846,0.9532326490996592
11700.0,12808.899654645005,12222.526455916615,0.954221423030998
11760.0,12808.90333186726,12234.962354556983,0.9551920283540302
11820.0,12808.90700913415,12247.165303005746,0.9561444465380363
11880.0,12808.910686440733,12259.1350681753,0.9570786594017385
11940.0,12808.914363789481,12270.871421380893,0.9579946491070606
12000.0,12808.918041180377,12282.37413839222,0.958892398163894
12060.0,12808.921718613437,12293.642999426094,0.9597718894293373
12120.0,12808.925396088653,12304.677789150199,0.9606331061079931
12180.0,12808.929073606037,12315.478296687583,0.9614760317523146
12240.0,12808.932751165583,12326.044315620422,0.9623006502629019
12300.0,12808.936428767283,12336.37564399433,0.9631069458888374
12360.0,12808.940106411144,12346.472084321778,0.96389490322795
12420.0,12808.943784097162,12356.333443586336,0.9646645072271486
12480.0,12808.947461825324,12365.959533245983,0.9654157431826788
12540.0,12808.951139598112,12375.350169230383,0.9661485967397224
12600.0,12808.954817410606,12384.505171971186,0.9668630538955071
12660.0,12808.958495265242,12393.424366364456,0.9675591009952615
12720.0,12808.962173162034,12402.107581801976,0.9682367247353951
12780.0,12808.965851100987,12410.55465216724,0.9688959121630024
12840.0,12808.969529082098,12418.765415838769,0.9695366506761226
12900.0,12808.97320710535,12426.73971569316,0.9701589280239763
12960.0,12808.976885170758,12434.47739910824,0.9707627323072084
13020.0,12808.980563278332,12441.978317965806,0.9713480519781041
13080.0,12808.98424142805,12449.242328654625,0.9719148758408249
13140.0,12808.987919619916,12456.269292073088,0.9724631930516104
13200.0,12808.991597856413,12463.059073629898,0.972992993118646
13260.0,12808.995276132584,12469.611543255322,0.973504265903693
13320.0,12808.998954450906,12475.926575390034,0.9739970016200887
13380.0,12809.002632811389,12482.004048997052,0.9744711908344291
13440.0,12809.00631121401,12487.843847561617,0.9749268244663738
13500.0,12809.009989658784,12493.445859093386,0.9753638937888124
13560.0,12809.013668145702,12498.809976128638,0.9757823904280389
13620.0,12809.017346674773,12503.936095732357,0.9761823063639137
13680.0,12809.021025246006,12508.824119500181,0.9765636339300131
13740.0,12809.024703859372,12513.47395356031,0.9769263658137834
13800.0,12809.02838251489,12517.885508575358,0.9772704950566774
13860.0,12809.032061215015,12522.058699746509,0.9775960150542956
13920.0,12809.035739954832,12525.993446805784,0.9779029195565313
13980.0,12809.039418736786,12529.689674031022,0.9781912026676148
14040.0,12809.043097560889,12533.147310238875,0.9784608588463138
14100.0,12809.046776427136,12536.366288788135,0.978711882906008
14160.0,12809.050455335531,12539.346547581097,0.9789442700147933
14220.0,12809.054134286067,12542.088029064742,0.9791580156955747
14280.0,12809.05781327875,12544.590680231873,0.9793531158261529
14340.0,12809.061492313573,12546.854452622172,0.9795295666393088
14400.0,12809.06517139053,12548.87930232308,0.9796873647228695
14460.0,12809.068850509655,12550.665189970809,0.979826507019785
14520.0,12809.07252967337,12552.212080757923,0.9799469908285391
14580.0,12809.076208876759,12553.519944406642,0.9800488138018092
14640.0,12809.079888122302,12554.588755210103,0.9801319739485593
14700.0,12809.083567409976,12555.418492006118,0.9801964696327491
14760.0,12809.087246739797,12556.009138184194,0.9802422995736861
14820.0,12809.090926111758,12556.360681685968,0.9802694628460643
14880.0,12809.094605525854,12556.473115005314,0.9802779588799696
14940.0,12809.098284982085,12556.346435188703,0.9802677874609083
15000.0,12809.101964480453,12555.980643835079,0.9802389487297956
15060.0,12809.105644020969,12555.375747096079,0.9801914431829731
15120.0,12809.109323603625,12554.531755675795,0.9801252716721908
15180.0,12809.113003228415,12553.448684830677,0.9800404354045983
15240.0,12809.116682897811,12552.126554381031,0.9799369359434518
15300.0,12809.120362606875,12550.565388663763,0.9798147752051811
15360.0,12809.124042358066,12548.765216601882,0.9796739554636825
15420.0,12809.127722151403,12546.726071657618,0.9795144793474109
15480.0,12809.131401986875,12544.447991843503,0.9793363498400589
15540.0,12809.135081864477,12541.93101972137,0.9791395702804774
15600.0,12809.138761784225,12539.175202401964,0.9789241443626412
15660.0,12809.1424417461,12536.180591543638,0.9786900761355534
15720.0,12809.146121750096,12532.947243351784,0.9784373700031946
15780.0,12809.149801796239,12529.475218577621,0.9781660307244281
15840.0,12809.153481884507,12525.764582517097,0.9778760634129183
15900.0,12809.157162017382,12521.81540502589,0.9775674735381078
15960.0,12809.16084218991,12517.627760453443,0.9772402669208246
16020.0,12809.16452240458,12513.201727738062,0.9768944497395713
16080.0,12809.16820266139,12508.537390341628,0.9765300285261849
16140.0,12809.171882960314,12503.634836263816,0.9761470101667583
16200.0,12809.17556330137,12498.494158040283,0.9757454019014933
16260.0,12809.179243684564,12493.115452741386,0.9753252113246045
16320.0,12809.18292410988,12487.498821969808,0.9748864463841337
16380.0,12809.186604577324,12481.644371859149,0.9744291153818363
16440.0,12809.1902850869,12475.552213071682,0.9739532269730073
16500.0,12809.193965638597,12469.222460796376,0.973458790166328
16560.0,12809.197646234903,12462.655234767299,0.9729458143251098
16620.0,12809.20132687087,12455.850659179054,0.972414309161449
16680.0,12809.205007548946,12448.808862807406,0.9718642847445141
16740.0,12809.208688269153,12441.529978925582,0.971295751494759
16800.0,12809.21236903149,12434.01414532145,0.9707087201850797
16860.0,12809.21604983595,12426.261504295508,0.9701032019406569
16920.0,12809.219730682544,12418.272202657989,0.9694792082387267
16980.0,12809.223411571247,12410.046391725808,0.9688367509083461
17040.0,12809.227092502091,12401.584227320292,0.9681758421302084
17100.0,12809.230773475045,12392.885869763802,0.9674964944363875
17160.0,12809.234454490124,12383.951483876972,0.9667987207101143
17220.0,12809.238135549791,12374.781239000373,0.9660825341872864
17280.0,12809.241816649122,12365.375308891731,0.9653479484491841
17340.0,12809.24549779057,12355.73387187163,0.9645949774327327
17400.0,12809.24917897413,12345.857110721518,0.9638236354232805
17460.0,12809.252860199822,12335.745212704238,0.9630339370560136
17520.0,12809.256541467634,12325.39836956115,0.9622258973157356
17580.0,12809.260222777564,12314.816777508247,0.9613995315365603
17640.0,12809.263904129613,12304.00063723213,0.960554855401598
17700.0,12809.26758552379,12292.950153886866,0.9596918849427087
17760.0,12809.27126696007,12281.66553708962,0.9588106365401642
17820.0,12809.27494843848,12270.147000917046,0.9579111269223589
17880.0,12809.278629958999,12258.39476390065,0.9569933731654557
17940.0,12809.282311524114,12246.40904905345,0.9560573926952751
18000.0,12809.285993128866,12234.190083745645,0.9551032032783316
18060.0,12809.289674775751,12221.738099879389,0.9541308230343656
18120.0,12809.293356464741,12209.053333765107,0.9531402704274317
18180.0,12809.297038195844,12196.136026147338,0.9521315642677244
18240.0,12809.300719969067,12182.986422199876,0.9511047237112016
18300.0,12809.304401784397,12169.604771520706,0.95005976825919
18360.0,12809.308083641856,12155.991328128079,0.9489967177580734
18420.0,12809.311765541415,12142.146350455112,0.9479155923988782
18480.0,12809.3154474831,12128.070101345309,0.9468164127169145
18540.0,12809.319129466892,12113.762848046943,0.9456991995913449
18600.0,12809.322811495262,12099.224862243076,0.9445639742473401
18660.0,12809.326493563278,12084.456419909264,0.9434107582456999
18720.0,12809.330175673413,12069.457801512992,0.9422395734973297
18780.0,12809.333857825644,12054.229291871905,0.9410504422529029
18840.0,12809.337540019995,12038.771180183214,0.9398433871049683
18900.0,12809.341222256451,12023.083760017678,0.9386184309874862
18960.0,12809.34490453503,12007.167329313717,0.937375597175363
19020.0,12809.348586855704,11991.022190372554,0.9361149092840776
19080.0,12809.352269218496,11974.648649852017,0.934836391269189
19140.0,12809.355951623396,11958.04701876089,0.9335400674259025
19200.0,12809.3596340704,11941.217612452587,0.9322259623885705
19260.0,12809.36331656198,11924.160750658373,0.9308941011331082
19320.0,12809.3669990932,11906.87675732737,0.9295445089652191
19380.0,12809.37068166653,11889.365960850311,0.9281772115367869
19440.0,12809.374364281965,11871.628693899971,0.926792234834136
19500.0,12809.378046939517,11853.665293463897,0.9253896051804043
19560.0,12809.381729639155,11835.476100837543,0.923969349235012
19620.0,12809.385412380912,11817.061461617393,0.9225314939931163
19680.0,12809.389095164765,11798.421725695262,0.9210760667851741
19740.0,12809.39277799072,11779.557247251107,0.9196030952763747
19800.0,12809.39646085879,11760.468384746606,0.9181126074661397
19860.0,12809.400143768959,11741.155500917706,0.9166046316875429
19920.0,12809.403826723703,11721.61896281132,0.9150791966099949
19980.0,12809.40750971808,11701.859141607962,0.9135363312261041
20040.0,12809.411192754547,11681.87641286848,0.9119760648698794
20100.0,12809.414875833121,11661.671156358876,0.9103984272037565
20160.0,12809.418558953812,11641.243756084501,0.908803448221094
20220.0,12809.422242116587,11620.594600283179,0.9071911582456377
20280.0,12809.425925321466,11599.724081417176,0.9055615879308868
20340.0,12809.429608568444,11578.632596166814,0.9039147682596008
20400.0,12809.433291857527,11557.320545422308,0.9022507305431583
20460.0,12809.436975188704,11535.78833427575,0.9005695064209338
20520.0,12809.44065856198,11514.036372014461,0.8988711278597746
20580.0,12809.444341977365,11492.06507211269,0.8971556271533544
20640.0,12809.448025437303,11469.874852270152,0.8954230369250107
20700.0,12809.45170893687,11447.46613421783,0.8936733901132698
20760.0,12809.455392478547,11424.839343989765,0.8919067199920302
20820.0,12809.459076062303,11401.99491172849,0.8901230601560675
20880.0,12809.462759688166,11378.933271723674,0.8883224445238704
20940.0,12809.466443356132,11355.65486240307,0.88650490733694
21000.0,12809.470127066175,11332.160126325385,0.8846704831592322
21060.0,12809.473810818321,11308.449510171256,0.8828192068764475
21120.0,12809.477494612554,11284.523464734257,0.8809511136953347
21180.0,12809.481178448901,11260.382444913674,0.8790662391431213
21240.0,12809.48486232732,11236.026909704282,0.8771646190667217
21300.0,12809.488546250317,11211.457322239907,0.8752462896359592
21360.0,12809.49223021293,11186.674149580822,0.873311287327653
21420.0,12809.495914217636,11161.677863008998,0.871359648947647
21480.0,12809.499598264427,11136.468937816964,0.8693914116150062
21540.0,12809.503282353311,11111.047853349204,0.8674066127650757
21600.0,12809.5069664843,11085.415092993258,0.8654052901487873
21660.0,12809.510650657365,11059.57114416978,0.8633874818318856
21720.0,12809.51433487252,11033.516498324683,0.8613532261943082
21780.0,12809.518019129766,11007.251650918133,0.8593025619293307
21840.0,12809.52170342911,10980.77710141688,0.8572355280429654
21900.0,12809.525387770538,10954.093353283037,0.8551521638530876
21960.0,12809.529072156525,10927.200914020617,0.8530525089929
22020.0,12809.532756582124,10900.100294947037,0.850936603393755
22080.0,12809.536441049811,10872.792011510091,0.8488044873089106
22140.0,12809.540125559584,10845.276583060897,0.8466562012964631
22200.0,12809.543810111452,10817.554532898423,0.8444917862226587
22260.0,12809.547494705399,10789.626388258763,0.8423112832610571
22320.0,12809.551179341428,10761.492680306388,0.8401147338918445
22380.0,12809.55486401956,10733.153944123338,0.8379021799009916
22440.0,12809.55854873976,10704.61071869859,0.8356736633794253
22500.0,12809.56223350205,10675.863546919112,0.833429226722325
22560.0,12809.56591830642,10646.91297555801,0.831168912628201
22620.0,12809.569603155347,10617.759555323817,0.8288927641025794
22680.0,12809.573288043888,10588.40384061652,0.8266008244395971
22740.0,12809.576972974513,10558.846389865703,0.8242931372474381
22800.0,12809.58065794721,10529.087765288052,0.821969746430043
22860.0,12809.584342961993,10499.128532934652,0.8196306961906394
22920.0,12809.588028018861,10468.969262679515,0.8172760310308474
22980.0,12809.59171311781,10438.610528210209,0.814905795749948
23040.0,12809.595398258838,10408.052907015144,0.8125200354438887
23100.0,12809.599083441946,10377.296980374274,0.8101187955045576
23160.0,12809.602768667126,10346.343333347319,0.8077021216188645
23220.0,12809.60645393439,10315.192554761954,0.8052700597678165
23280.0,12809.610139243738,10283.845237204061,0.8028226562257581
23340.0,12809.613824597624,10252.301977067487,0.8003599575641019
23400.0,12809.617509991134,10220.563374295167,0.797882010631732
23460.0,12809.62119542671,10188.630032739035,0.7953888625821799
23520.0,12809.624880904363,10156.502559901499,0.7928805608540542
23580.0,12809.62856642409,10124.18156698475,0.7903571531747384
23640.0,12809.632251985906,10091.667668880758,0.7878186875596077
23700.0,12809.635937589785,10058.961484157699,0.785265212310972
23760.0,12809.639623235742,10026.063635049895,0.7826967760172858
23820.0,12809.643308923776,9992.97474744526,0.780113427552171
23880.0,12809.646994653884,9959.69545087257,0.7775152160734216
23940.0,12809.650680426053,9926.226378491172,0.7749021910222007
24000.0,12809.654366242781,9892.568167143203,0.7722744021269644
24060.0,12809.658052099106,9858.721457080446,0.7696318993827401
24120.0,12809.661737997503,9824.686892343776,0.7669747330798479
24180.0,12809.665423937984,9790.46512049034,0.764302953783201
24240.0,12809.66910992052,9756.056792645411,0.7616166123362061
24300.0,12809.672795945135,9721.46256349174,0.7589157598599272
24360.0,12809.676482011813,9686.683091255089,0.7562004477519603
24420.0,12809.680168120578,9651.719037693581,0.7534707276855978
24480.0,12809.683854271394,9616.57106808419,0.750726651608778
24540.0,12809.687540464289,9581.239851209539,0.7479682717430488
24600.0,12809.69122669925,9545.726059346469,0.7451956405826788
24660.0,12809.694912978748,9510.030368321075,0.742408810898809
24720.0,12809.698599297855,9474.15345722186,0.7396078357176313
24780.0,12809.702285659023,9438.096008797876,0.7367927683506122
24840.0,12809.705972062251,9401.858709171083,0.7339636623726083
24900.0,12809.709658507554,9365.442247893337,0.7311205716261718
24960.0,12809.713344994923,9328.847317932334,0.7282635502204543
25020.0,12809.717031524351,9292.074615657726,0.7253926525301218
25080.0,12809.720718095854,9255.124840829443,0.7225079331944407
25140.0,12809.724404709414,9217.99869658362,0.7196094471161831
25200.0,12809.728091365048,9180.696889418408,0.7166972494605138
25260.0,12809.73177806274,9143.220129182135,0.7137713956540701
25320.0,12809.73546480496,9105.56912913035,0.7108319413892745
25380.0,12809.739151586784,9067.74460562629,0.7078789426015002
25440.0,12809.742838410666,9029.747278556546,0.7049124555006983
25500.0,12809.746525276609,8991.577871030478,0.7019325365484793
25560.0,12809.75021218461,8953.23710943963,0.6989392424626147
25620.0,12809.753899134688,8914.725723442865,0.695932630215875
25680.0,12809.757586126816,8876.044445951797,0.6929127570348952
25740.0,12809.761273161004,8837.194013118553,0.6898796803992148
25800.0,12809.764960237248,8798.175164320784,0.6868334580401103
25860.0,12809.76864735557,8758.988642146964,0.6837741479394444
25920.0,12809.772334515936,8719.635192383741,0.6807018083286837
25980.0,12809.776021718362,8680.115564000773,0.6776164976877076
26040.0,12809.779708965321,8640.430509211517,0.6745182747494279
26100.0,12809.783396251867,8600.580783160269,0.6714071984758768
26160.0,12809.787083580464,8560.567144354598,0.6682833280911827
26220.0,12809.790770951131,8520.39035435476,0.6651467230578442
26280.0,12809.794458363845,8480.051177831017,0.6619974430810771
26340.0,12809.798145818617,8439.550382551563,0.6588355481078683
26400.0,12809.801833315441,8398.888739366448,0.655661098325722
26460.0,12809.805520854326,8358.0670221937,0.652474154161575
26520.0,12809.809208435268,8317.086008003236,0.6492747762805421
26580.0,12809.812896058264,8275.946476804005,0.6460630255849104
26640.0,12809.816583723312,8234.64921162818,0.6428389632129058
26700.0,12809.820271432885,8193.194998592571,0.6396026505433626
26760.0,12809.823959182033,8151.58462657727,0.6363541491711324
26820.0,12809.827646973241,8109.81888767068,0.6330935209410801
26880.0,12809.831334806508,8067.898576848722,0.6298208279235386
26940.0,12809.83502268182,8025.82449203425,0.6265361324188228
27000.0,12809.838710599186,7983.5974340841185,0.6232394969562175
27060.0,12809.842398558596,7941.2182067726035,0.6199309842926853
27120.0,12809.846086560065,7898.687616776753,0.6166106574117203
27180.0,12809.84977460357,7856.006473659872,0.6132785795220611
27240.0,12809.853462689141,7813.175589857827,0.6099348140566181
27300.0,12809.85715081676,7770.195780662759,0.6065794246712055
27360.0,12809.860838988887,7727.067864286365,0.6032124752493627
27420.0,12809.864527200605,7683.792661527874,0.5998340298768988
27480.0,12809.868215454364,7640.370996233444,0.5964441528770592
27540.0,12809.871903750165,7596.803694964916,0.5930429087851306
27600.0,12809.875592088018,7553.091587060951,0.589630362353097
27660.0,12809.87928046793,7509.23550462361,0.5862065785485924
27720.0,12809.882968889873,7465.236282501092,0.5827716225535543
27780.0,12809.88665735386,7421.094758272557,0.5793255597630349
27840.0,12809.890345859894,7376.811772230985,0.5758684557838656
27900.0,12809.894034407977,7332.388167368882,0.5724003764335398
27960.0,12809.89772299812,7287.824789361532,0.5689213877389052
28020.0,12809.901411632763,7243.122486632093,0.5654315559411379
28080.0,12809.905100306973,7198.282110008315,0.561930947469378
28140.0,12809.908789023233,7153.304513198392,0.5584196289772206
28200.0,12809.912477781534,7108.190552446825,0.5548976673162912
28260.0,12809.916166581874,7062.9410865986465,0.5513651295411469
28320.0,12809.919855424263,7017.556977085293,0.5478220829081738
28380.0,12809.92354430869,6972.0390879066945,0.54426859487419
28440.0,12809.92723323517,6926.3882856157725,0.5407047330952325
28500.0,12809.930922203674,6880.605439300259,0.5371305654251411
28560.0,12809.934611214212,6834.691420568375,0.5335461599144367
28620.0,12809.938300266798,6788.647103531268,0.5299515848089509
28680.0,12809.941989361427,6742.473364785215,0.526346908548438
28740.0,12809.945678500575,6696.171083481661,0.52273219977194
28800.0,12809.949367679284,6649.741140970806,0.5191075272903679
28860.0,12809.953056900025,6603.184421292664,0.5154729601242284
28920.0,12809.9567461628,6556.50181082108,0.5118285674762383
28980.0,12809.960435467614,6509.694198333068,0.5081744187366367
29040.0,12809.964124814473,6462.762474990789,0.5045105834817777
29100.0,12809.967814203364,6415.707534325125,0.5008371314728483
29160.0,12809.971503634286,6368.530272217367,0.49715413265443775
29220.0,12809.975193107244,6321.23158688442,0.49346165715338236
29280.0,12809.97888262224,6273.812378859196,0.48975977527723513
29340.0,12809.982572179273,6226.2735509755785,0.4860485575130916
29400.0,12809.986261780814,6178.616008436755,0.4823280745328308
29460.0,12809.98995142192,6130.840658451903,0.4785983971651262
29520.0,12809.993641105048,6082.948410738382,0.4748595964340885
29580.0,12809.997330830205,6034.940177157181,0.47111174353118007
29640.0,12810.001020597403,5986.816871784,0.4673549098206708
29700.0,12810.004710406629,5938.579410890597,0.463589166838182
29760.0,12810.008400257893,5890.228712927809,0.45981458628935995
29820.0,12810.012090151184,5841.765698506898,0.45603124004842005
29880.0,12810.015780086513,5793.191290384267,0.4522392001569527
29940.0,12810.019470063855,5744.506413441337,0.44843853882235374
30000.0,12810.023160083236,5695.7119946690655,0.4446293284166128
30060.0,12810.026850147118,5646.808963237494,0.4408116414816603
30120.0,12810.030540250564,5597.798250125119,0.43698555070077344
30180.0,12810.034230396028,5548.680788630982,0.4331511289380405
30240.0,12810.037920583529,5499.457514002855,0.4293084492096758
30300.0,12810.041610813047,5450.129363509405,0.42545758468956985
30360.0,12810.045301084592,5400.697276421111,0.4215986087077966
30420.0,12810.048991398173,5351.162193993159,0.41773159474927957
30480.0,12810.052681753767,5301.525059445882,0.4138566164522654
30540.0,12810.0563721514,5251.786817949504,0.4099737476071299
30600.0,12810.060062591052,5201.948416603095,0.4060830621547385
30660.0,12810.063753072729,5152.010804419544,0.4021846341852701
30720.0,12810.067443598913,5101.974932394029,0.39827853794348633
30780.0,12810.071134164635,5051.841753130594,0.3943648477998895
30840.0,12810.074824772382,5001.612221359489,0.39044363829064216
30900.0,12810.07851542216,4951.287293560323,0.38651498408846025
30960.0,12810.082206113955,4900.8679280354045,0.38257896000826086
31020.0,12810.085896847768,4850.355084890387,0.37863564100564967
31080.0,12810.089587623608,4799.749726014872,0.37468510217540724
31140.0,12810.093278441462,4749.05281506621,0.37072741875022497
31200.0,12810.096969301356,4698.265317450203,0.36676266609919655
31260.0,12810.100660203247,4647.388200301593,0.362790919726298
31320.0,12810.10435114718,4596.422432467985,0.3588122552691277
31380.0,12810.108042133124,4545.368984488851,0.35482674849727197
31440.0,12810.111733163552,4494.228828669962,0.3508344753180446
31500.0,12810.115424233529,4443.002938700907,0.3468355117469011
31560.0,12810.119115345533,4391.6922901800735,0.3428299339480119
31620.0,12810.122806499548,4340.297860235042,0.3388178182049027
31680.0,12810.126497695592,4288.820627593859,0.3347992409259482
31740.0,12810.130188933636,4237.261572565189,0.33077427864282427
31800.0,12810.133880213698,4185.621677021647,0.3267430080092046
31860.0,12810.137571535777,4133.901924380426,0.3227055057992497
31920.0,12810.141262899879,4082.103299582962,0.3186618489060191
31980.0,12810.144954305993,4030.2267890791445,0.31461211434023834
32040.0,12810.14864575412,3978.2733808053817,0.31055637922858664
32100.0,12810.152337246745,3926.244064260351,0.3064947208195503
32160.0,12810.1560287789,3874.1398301171957,0.3024272164533885
32220.0,12810.159720353065,3821.961670755322,0.2983539436032874
32280.0,12810.163411969243,3769.7105798758116,0.29427497984557816
32340.0,12810.167103627446,3717.387552573433,0.29019040286529774
32400.0,12810.170795327655,3664.9935853165393,0.28610029045462054
32460.0,12810.174487069875,3612.5296759306016,0.2820047205115713
32520.0,12810.1781788541,3559.996823576359,0.2779037710383205
32580.0,12810.181870680337,3507.396028733284,0.2737975201398924
32640.0,12810.1855625486,3454.728293179096,0.2696860460225663
32700.0,12810.189254458855,3401.994619971367,0.2655694269924413
32760.0,12810.192946413605,3349.1960135197355,0.26144774146102073
32820.0,12810.196638407886,3296.333479198134,0.25732106791514625
32880.0,12810.200330444173,3243.4080238795555,0.2531894849584367
32940.0,12810.204022522465,3190.4206555481287,0.24905307128120985
33000.0,12810.207714642778,3137.3723833717977,0.24491190566610463
33060.0,12810.21140680509,3084.264217681775,0.24076606698647768
33120.0,12810.215099009412,3031.0971699559727,0.2366156342051088
33180.0,12810.218791255737,2977.8722527968207,0.23246068637246994
33240.0,12810.22248354407,2924.590479914488,0.22830130262541481
33300.0,12810.226175874406,2871.252866106036,0.22413756218555203
33360.0,12810.229868246743,2817.860427237014,0.21996954435780763
33420.0,12810.233560663573,2764.414180313858,0.21579732853603498
33480.0,12810.237253119925,2710.9151430933593,0.2116209941726971
33540.0,12810.240945618285,2657.3643346210374,0.20744062082063983
33600.0,12810.244638158638,2603.7627748405907,0.2032562881027742
33660.0,12810.248330740997,2550.111484666672,0.19906807571771432
33720.0,12810.25202336536,2496.411485964314,0.19487606343817163
33780.0,12810.25571603173,2442.663801532171,0.1906803311096464
33840.0,12810.2594087401,2388.869455079979,0.1864809586486685
33900.0,12810.26310149047,2335.02947121159,0.1822780260414722
33960.0,12810.266794282827,2281.144875404145,0.1780716133423709
34020.0,12810.270487117197,2227.21669398907,0.17386180067227286
34080.0,12810.274179993577,2173.2459541311127,0.16964866821704533
34140.0,12810.277872914425,2119.233683905373,0.1654322962334956
34200.0,12810.281565874786,2065.180911898821,0.1612127650183928
34260.0,12810.285258877155,2011.088667757401,0.15699015495098168
34320.0,12810.28895192152,1956.9579817877518,0.15276454646202275
34380.0,12810.292645007881,1902.7898850340134,0.14853602003975475
34440.0,12810.296338136248,1848.5854092569173,0.1443046562282622
34500.0,12810.3000313066,1794.345586913417,0.14007053562588578
34560.0,12810.303724518968,1740.0714511388105,0.1358337388838258
34620.0,12810.307417773309,1685.7640357257833,0.13159434670450737
34680.0,12810.311111069648,1631.424375105434,0.1273524398400978
34740.0,12810.314804407984,1577.0535043260109,0.12310809909084766
34800.0,12810.318497790804,1522.652459130008,0.11886140531108545
34860.0,12810.322191213128,1468.2222755546884,0.1146124393781269
34920.0,12810.325884677459,1413.7639904804637,0.11036128223494134
34980.0,12810.329578183773,1359.2786412313872,0.10610801485906059
35040.0,12810.333271732083,1304.7672656523862,0.10185271826858325
35100.0,12810.336965322378,1250.230902086964,0.09759547352043456
35160.0,12810.34065895467,1195.6705893594083,0.09333636170897702
35220.0,12810.344352628963,1141.0873667539247,0.08907546396438193
35280.0,12810.348046345234,1086.482273995141,0.08481286145110727
35340.0,12810.351740103499,1031.85635122843,0.08054863536636139
35400.0,12810.355433903753,977.2106389988064,0.07628286693845597
35460.0,12810.359127748481,922.5461783279721,0.07201563743280605
35520.0,12810.362821632716,867.8640103144147,0.06774702812076973
35580.0,12810.366515558948,813.1651766818927,0.06347712032237762
35640.0,12810.37020952716,758.4507193798999,0.05920599537520273
35700.0,12810.373903537356,703.7216806604313,0.05493373464033795
35760.0,12810.377597589544,648.979103057056,0.05066041950076247
35820.0,12810.381291683714,594.2240293640455,0.04638613135971259
35880.0,12810.384985819885,539.4575026184642,0.04211095163928347
35940.0,12810.388679998032,484.68056607909074,0.03783496177878384
36000.0,12810.392374218176,429.8942632070458,0.03355824323322356
36060.0,12810.396068480295,375.09963764463066,0.029280877471661887
36120.0,12810.399762786874,320.2977332917312,0.02500294598316666
36180.0,12810.403457132965,265.48959390729556,0.020724530245725258
36240.0,12810.407151521043,210.6762636560995,0.01644571176889447
36300.0,12810.410845951099,155.85878671009763,0.012166572062703116
36360.0,12810.414540423148,101.03820732492476,0.007887192643618176
36420.0,12810.418234937171,46.21556981916355,0.003607655032926426
36480.0,12810.421929493174,0.0,0.0
36540.0,12810.425624091156,0.0,0.0
36600.0,12810.429318731129,0.0,0.0
36660.0,12810.433013413085,0.0,0.0
36720.0,12810.436708137013,0.0,0.0
36780.0,12810.440402902923,0.0,0.0
36840.0,12810.444097713302,0.0,0.0
36900.0,12810.447792563167,0.0,0.0
36960.0,12810.451487455015,0.0,0.0
37020.0,12810.45518238885,0.0,0.0
37080.0,12810.458877364657,0.0,0.0
37140.0,12810.462572382434,0.0,0.0
37200.0,12810.466267442192,0.0,0.0
37260.0,12810.469962543937,0.0,0.0
37320.0,12810.473657687651,0.0,0.0
37380.0,12810.477352873335,0.0,0.0
37440.0,12810.481048101014,0.0,0.0
37500.0,12810.484743373121,0.0,0.0
37560.0,12810.488438684735,0.0,0.0
37620.0,12810.492134038319,0.0,0.0
37680.0,12810.495829433894,0.0,0.0
37740.0,12810.49952487142,0.0,0.0
37800.0,12810.503220350938,0.0,0.0
37860.0,12810.50691587241,0.0,0.0
37920.0,12810.510611435868,0.0,0.0
37980.0,12810.514307041289,0.0,0.0
38040.0,12810.51800268868,0.0,0.0
38100.0,12810.521698378054,0.0,0.0
38160.0,12810.52539411186,0.0,0.0
38220.0,12810.529089885165,0.0,0.0
38280.0,12810.53278570044,0.0,0.0
38340.0,12810.536481557683,0.0,0.0
38400.0,12810.540177456893,0.0,0.0
38460.0,12810.543873398083,0.0,0.0
38520.0,12810.547569381226,0.0,0.0
38580.0,12810.551265406333,0.0,0.0
38640.0,12810.554961473417,0.0,0.0
38700.0,12810.558657582462,0.0,0.0
38760.0,12810.562353733478,0.0,0.0
38820.0,12810.566049928937,0.0,0.0
38880.0,12810.569746163881,0.0,0.0
38940.0,12810.573442440784,0.0,0.0
39000.0,12810.577138759649,0.0,0.0
39060.0,12810.58083512049,0.0,0.0
39120.0,12810.584531523284,0.0,0.0
39180.0,12810.588227968045,0.0,0.0
39240.0,12810.591924454777,0.0,0.0
39300.0,12810.595620983451,0.0,0.0
39360.0,12810.599317554099,0.0,0.0
39420.0,12810.6030141667,0.0,0.0
39480.0,12810.606710821277,0.0,0.0
39540.0,12810.610407520278,0.0,0.0
39600.0,12810.61410425876,0.0,0.0
39660.0,12810.617801039216,0.0,0.0
39720.0,12810.621497861615,0.0,0.0
39780.0,12810.625194725977,0.0,0.0
39840.0,12810.628891632296,0.0,0.0
39900.0,12810.63258858058,0.0,0.0
39960.0,12810.63628557081,0.0,0.0
40020.0,12810.639982603,0.0,0.0
40080.0,12810.643679677149,0.0,0.0
40140.0,12810.647376793255,0.0,0.0
40200.0,12810.65107395379,0.0,0.0
40260.0,12810.654771153808,0.0,0.0
40320.0,12810.658468395772,0.0,0.0
40380.0,12810.662165679698,0.0,0.0
40440.0,12810.665863005566,0.0,0.0
40500.0,12810.669560373399,0.0,0.0
40560.0,12810.673257783179,0.0,0.0
40620.0,12810.676955234909,0.0,0.0
40680.0,12810.680652728595,0.0,0.0
40740.0,12810.68435026423,0.0,0.0
40800.0,12810.688047841813,0.0,0.0
40860.0,12810.691745463839,0.0,0.0
40920.0,12810.69544312532,0.0,0.0
40980.0,12810.699140828756,0.0,0.0
41040.0,12810.702838574136,0.0,0.0
41100.0,12810.706536361484,0.0,0.0
41160.0,12810.710234190761,0.0,0.0
41220.0,12810.713932061983,0.0,0.0
41280.0,12810.71762997517,0.0,0.0
41340.0,12810.721327930292,0.0,0.0
41400.0,12810.725025927357,0.0,0.0
41460.0,12810.728723966378,0.0,0.0
41520.0,12810.732422049821,0.0,0.0
41580.0,12810.736120172725,0.0,0.0
41640.0,12810.739818337572,0.0,0.0
41700.0,12810.743516544382,0.0,0.0
41760.0,12810.747214793115,0.0,0.0
41820.0,12810.750913083803,0.0,0.0
41880.0,12810.754611416425,0.0,0.0
41940.0,12810.758309790997,0.0,0.0
42000.0,12810.762008207505,0.0,0.0
42060.0,12810.76570666595,0.0,0.0
42120.0,12810.769405166358,0.0,0.0
42180.0,12810.773103708689,0.0,0.0
42240.0,12810.776802295439,0.0,0.0
42300.0,12810.780500921663,0.0,0.0
42360.0,12810.784199589816,0.0,0.0
42420.0,12810.787898299901,0.0,0.0
42480.0,12810.791597051933,0.0,0.0
42540.0,12810.795295845906,0.0,0.0
42600.0,12810.798994681818,0.0,0.0
42660.0,12810.802693559655,0.0,0.0
42720.0,12810.806392479444,0.0,0.0
42780.0,12810.810091441152,0.0,0.0
42840.0,12810.81379044481,0.0,0.0
42900.0,12810.817489492876,0.0,0.0
42960.0,12810.821188580408,0.0,0.0
43020.0,12810.824887709863,0.0,0.0
43080.0,12810.828586881264,0.0,0.0
43140.0,12810.832286094583,0.0,0.0
43200.0,12810.835985349844,0.0,0.0
43260.0,12810.839684647035,0.0,0.0
43320.0,12810.843383986155,0.0,0.0
43380.0,12810.847083367224,0.0,0.0
43440.0,12810.850782790205,0.0,0.0
43500.0,12810.854482255134,0.0,0.0
43560.0,12810.858181764459,0.0,0.0
43620.0,12810.861881313238,0.0,0.0
43680.0,12810.865580903946,0.0,0.0
43740.0,12810.869280536597,0.0,0.0
43800.0,12810.87298021116,0.0,0.0
43860.0,12810.876679927655,0.0,0.0
43920.0,12810.880379686074,0.0,0.0
43980.0,12810.884079486435,0.0,0.0
44040.0,12810.887779328716,0.0,0.0
44100.0,12810.891479212922,0.0,0.0
44160.0,12810.895179139054,0.0,0.0
44220.0,12810.89887910959,0.0,0.0
44280.0,12810.902579119573,0.0,0.0
44340.0,12810.906279171482,0.0,0.0
44400.0,12810.909979265321,0.0,0.0
44460.0,12810.913679401077,0.0,0.0
44520.0,12810.917379578765,0.0,0.0
44580.0,12810.921079798372,0.0,0.0
44640.0,12810.924780059893,0.0,0.0
44700.0,12810.92848036334,0.0,0.0
44760.0,12810.932180708707,0.0,0.0
44820.0,12810.935881096008,0.0,0.0
44880.0,12810.93958152522,0.0,0.0
44940.0,12810.943281998841,0.0,0.0
45000.0,12810.946982511892,0.0,0.0
45060.0,12810.950683066865,0.0,0.0
45120.0,12810.954383663751,0.0,0.0
45180.0,12810.958084302574,0.0,0.0
45240.0,12810.961784983305,0.0,0.0
45300.0,12810.965485705945,0.0,0.0
45360.0,12810.96918647051,0.0,0.0
45420.0,12810.972887277,0.0,0.0
45480.0,12810.976588125397,0.0,0.0
45540.0,12810.980289015713,0.0,0.0
45600.0,12810.983989950431,0.0,0.0
45660.0,12810.987690924578,0.0,0.0
45720.0,12810.991391940635,0.0,0.0
45780.0,12810.995092998613,0.0,0.0
45840.0,12810.998794098508,0.0,0.0
45900.0,12811.002495240307,0.0,0.0
45960.0,12811.006196424032,0.0,0.0
46020.0,12811.009897649657,0.0,0.0
46080.0,12811.013598917203,0.0,0.0
46140.0,12811.017300226655,0.0,0.0
46200.0,12811.021001578014,0.0,0.0
46260.0,12811.024702973773,0.0,0.0
46320.0,12811.028404408968,0.0,0.0
46380.0,12811.032105886063,0.0,0.0
46440.0,12811.035807405067,0.0,0.0
46500.0,12811.039508965978,0.0,0.0
46560.0,12811.043210568801,0.0,0.0
46620.0,12811.046912213535,0.0,0.0
46680.0,12811.050613900174,0.0,0.0
46740.0,12811.054315628724,0.0,0.0
46800.0,12811.058017399166,0.0,0.0
46860.0,12811.061719211542,0.0,0.0
46920.0,12811.065421068282,0.0,0.0
46980.0,12811.069122964462,0.0,0.0
47040.0,12811.072824902543,0.0,0.0
47100.0,12811.07652688252,0.0,0.0
47160.0,12811.080228904399,0.0,0.0
47220.0,12811.08393096819,0.0,0.0
47280.0,12811.08763307389,0.0,0.0
47340.0,12811.091335221485,0.0,0.0
47400.0,12811.095037410994,0.0,0.0
47460.0,12811.098739642399,0.0,0.0
47520.0,12811.102441915693,0.0,0.0
47580.0,12811.106144230898,0.0,0.0
47640.0,12811.109846590489,0.0,0.0
47700.0,12811.113548989493,0.0,0.0
47760.0,12811.117251430407,0.0,0.0
47820.0,12811.120953913209,0.0,0.0
47880.0,12811.124656437913,0.0,0.0
47940.0,12811.12835900451,0.0,0.0
48000.0,12811.13206161301,0.0,0.0
48060.0,12811.135764263418,0.0,0.0
48120.0,12811.139466955708,0.0,0.0
48180.0,12811.143169689902,0.0,0.0
48240.0,12811.14687246599,0.0,0.0
48300.0,12811.15057528646,0.0,0.0
48360.0,12811.154278146338,0.0,0.0
48420.0,12811.157981048127,0.0,0.0
48480.0,12811.161683991793,0.0,0.0
48540.0,12811.165386977358,0.0,0.0
48600.0,12811.16909000481,0.0,0.0
48660.0,12811.172793074156,0.0,0.0
48720.0,12811.17649618541,0.0,0.0
48780.0,12811.180199338547,0.0,0.0
48840.0,12811.183902533583,0.0,0.0
48900.0,12811.187605770501,0.0,0.0
48960.0,12811.191309051788,0.0,0.0
49020.0,12811.195012372491,0.0,0.0
49080.0,12811.198715735092,0.0,0.0
49140.0,12811.202419139572,0.0,0.0
49200.0,12811.206122585954,0.0,0.0
49260.0,12811.20982607421,0.0,0.0
49320.0,12811.213529604365,0.0,0.0
49380.0,12811.217233176392,0.0,0.0
49440.0,12811.22093679032,0.0,0.0
49500.0,12811.224640446137,0.0,0.0
49560.0,12811.228344143838,0.0,0.0
49620.0,12811.232047885911,0.0,0.0
49680.0,12811.235751667382,0.0,0.0
49740.0,12811.239455490731,0.0,0.0
49800.0,12811.24315935597,0.0,0.0
49860.0,12811.246863263104,0.0,0.0
49920.0,12811.250567212113,0.0,0.0
49980.0,12811.254271203006,0.0,0.0
50040.0,12811.25797523578,0.0,0.0
50100.0,12811.261679310439,0.0,0.0
50160.0,12811.265383426995,0.0,0.0
50220.0,12811.269087585411,0.0,0.0
50280.0,12811.272791785723,0.0,0.0
50340.0,12811.276496030392,0.0,0.0
50400.0,12811.280200314459,0.0,0.0
50460.0,12811.283904640406,0.0,0.0
50520.0,12811.287609008243,0.0,0.0
50580.0,12811.291313417943,0.0,0.0
50640.0,12811.29501786954,0.0,0.0
50700.0,12811.298722362999,0.0,0.0
50760.0,12811.30242689834,0.0,0.0
50820.0,12811.306131475556,0.0,0.0
50880.0,12811.309836094651,0.0,0.0
50940.0,12811.313540755631,0.0,0.0
51000.0,12811.317245460974,0.0,0.0
51060.0,12811.320950205696,0.0,0.0
51120.0,12811.324654992293,0.0,0.0
51180.0,12811.328359820762,0.0,0.0
51240.0,12811.33206469111,0.0,0.0
51300.0,12811.335769603345,0.0,0.0
51360.0,12811.339474557437,0.0,0.0
51420.0,12811.343179553409,0.0,0.0
51480.0,12811.346884591256,0.0,0.0
51540.0,12811.35058967098,0.0,0.0
51600.0,12811.354294792556,0.0,0.0
51660.0,12811.357999958507,0.0,0.0
51720.0,12811.36170516384,0.0,0.0
51780.0,12811.36541041103,0.0,0.0
51840.0,12811.3691157001,0.0,0.0
51900.0,12811.372821031038,0.0,0.0
51960.0,12811.376526403863,0.0,0.0
52020.0,12811.38023181853,0.0,0.0
52080.0,12811.383937275088,0.0,0.0
52140.0,12811.387642773496,0.0,0.0
52200.0,12811.391348313779,0.0,0.0
52260.0,12811.395053895925,0.0,0.0
52320.0,12811.398759522426,0.0,0.0
52380.0,12811.402465188306,0.0,0.0
52440.0,12811.406170896065,0.0,0.0
52500.0,12811.409876645674,0.0,0.0
52560.0,12811.413582437146,0.0,0.0
52620.0,12811.417288270482,0.0,0.0
52680.0,12811.420994145694,0.0,0.0
52740.0,12811.424700062766,0.0,0.0
52800.0,12811.4284060217,0.0,0.0
52860.0,12811.432112022487,0.0,0.0
52920.0,12811.435818065138,0.0,0.0
52980.0,12811.43952414967,0.0,0.0
53040.0,12811.443230278528,0.0,0.0
53100.0,12811.446936446773,0.0,0.0
53160.0,12811.450642656868,0.0,0.0
53220.0,12811.454348908836,0.0,0.0
53280.0,12811.458055202645,0.0,0.0
53340.0,12811.461761538338,0.0,0.0
53400.0,12811.465467915874,0.0,0.0
53460.0,12811.469174335263,0.0,0.0
53520.0,12811.472880796524,0.0,0.0
53580.0,12811.476587299638,0.0,0.0
53640.0,12811.480293844603,0.0,0.0
53700.0,12811.484000433906,0.0,0.0
53760.0,12811.487707062597,0.0,0.0
53820.0,12811.491413733127,0.0,0.0
53880.0,12811.495120445528,0.0,0.0
53940.0,12811.498827199768,0.0,0.0
54000.0,12811.502533995867,0.0,0.0
54060.0,12811.50624083382,0.0,0.0
54120.0,12811.509947713623,0.0,0.0
54180.0,12811.513654635291,0.0,0.0
54240.0,12811.5173615988,0.0,0.0
54300.0,12811.52106860416,0.0,0.0
54360.0,12811.524775653868,0.0,0.0
54420.0,12811.528482742931,0.0,0.0
54480.0,12811.532189873853,0.0,0.0
54540.0,12811.535897046631,0.0,0.0
54600.0,12811.539604261243,0.0,0.0
54660.0,12811.54331151771,0.0,0.0
54720.0,12811.547018816022,0.0,0.0
54780.0,12811.550726156196,0.0,0.0
54840.0,12811.554433538206,0.0,0.0
54900.0,12811.558140962063,0.0,0.0
54960.0,12811.561848427777,0.0,0.0
55020.0,12811.565555937814,0.0,0.0
55080.0,12811.569263487207,0.0,0.0
55140.0,12811.572971078469,0.0,0.0
55200.0,12811.576678711563,0.0,0.0
55260.0,12811.580386386491,0.0,0.0
55320.0,12811.584094103282,0.0,0.0
55380.0,12811.587801861906,0.0,0.0
55440.0,12811.591509662372,0.0,0.0
55500.0,12811.595217504679,0.0,0.0
55560.0,12811.598925388846,0.0,0.0
55620.0,12811.602633314846,0.0,0.0
55680.0,12811.606341282682,0.0,0.0
55740.0,12811.610049294852,0.0,0.0
55800.0,12811.61375734637,0.0,0.0
55860.0,12811.617465439731,0.0,0.0
55920.0,12811.621173574931,0.0,0.0
55980.0,12811.624881751983,0.0,0.0
56040.0,12811.628589970867,0.0,0.0
56100.0,12811.632298231585,0.0,0.0
56160.0,12811.636006534145,0.0,0.0
56220.0,12811.639714878547,0.0,0.0
56280.0,12811.643423264779,0.0,0.0
56340.0,12811.647131692862,0.0,0.0
56400.0,12811.650840165245,0.0,0.0
56460.0,12811.65454867699,0.0,0.0
56520.0,12811.658257230569,0.0,0.0
56580.0,12811.661965825992,0.0,0.0
56640.0,12811.665674463242,0.0,0.0
56700.0,12811.669383142322,0.0,0.0
56760.0,12811.673091863246,0.0,0.0
56820.0,12811.676800625997,0.0,0.0
56880.0,12811.68050943058,0.0,0.0
56940.0,12811.684218277,0.0,0.0
57000.0,12811.687927165258,0.0,0.0
57060.0,12811.69163609782,0.0,0.0
57120.0,12811.695345069742,0.0,0.0
57180.0,12811.699054083489,0.0,0.0
57240.0,12811.702763139056,0.0,0.0
57300.0,12811.706472236463,0.0,0.0
57360.0,12811.710181375702,0.0,0.0
57420.0,12811.713890556768,0.0,0.0
57480.0,12811.71759977966,0.0,0.0
57540.0,12811.721309044378,0.0,0.0
57600.0,12811.725018350922,0.0,0.0
57660.0,12811.728727699307,0.0,0.0
57720.0,12811.732437091992,0.0,0.0
57780.0,12811.736146524028,0.0,0.0
57840.0,12811.739855997883,0.0,0.0
57900.0,12811.743565513561,0.0,0.0
57960.0,12811.747275071066,0.0,0.0
58020.0,12811.750984670409,0.0,0.0
58080.0,12811.754694311558,0.0,0.0
58140.0,12811.758403994538,0.0,0.0
58200.0,12811.762113719347,0.0,0.0
58260.0,12811.765823485974,0.0,0.0
58320.0,12811.769533294415,0.0,0.0
58380.0,12811.773243144684,0.0,0.0
58440.0,12811.77695303927,0.0,0.0
58500.0,12811.780662973188,0.0,0.0
58560.0,12811.784372948921,0.0,0.0
58620.0,12811.788082966475,0.0,0.0
58680.0,12811.791793025852,0.0,0.0
58740.0,12811.795503127041,0.0,0.0
58800.0,12811.799213270058,0.0,0.0
58860.0,12811.802923454894,0.0,0.0
58920.0,12811.806633681534,0.0,0.0
58980.0,12811.810343950003,0.0,0.0
59040.0,12811.814054260289,0.0,0.0
59100.0,12811.817764614882,0.0,0.0
59160.0,12811.821475008812,0.0,0.0
59220.0,12811.825185444544,0.0,0.0
59280.0,12811.828895922083,0.0,0.0
59340.0,12811.832606441447,0.0,0.0
59400.0,12811.836317002626,0.0,0.0
59460.0,12811.84002760563,0.0,0.0
59520.0,12811.843738250434,0.0,0.0
59580.0,12811.847448937066,0.0,0.0
59640.0,12811.851159665493,0.0,0.0
59700.0,12811.854870435742,0.0,0.0
59760.0,12811.858581250277,0.0,0.0
59820.0,12811.862292104151,0.0,0.0
59880.0,12811.866002999837,0.0,0.0
59940.0,12811.869713937322,0.0,0.0
60000.0,12811.873424916628,0.0,0.0
60060.0,12811.87713593774,0.0,0.0
60120.0,12811.880847000657,0.0,0.0
60180.0,12811.884558105387,0.0,0.0
60240.0,12811.88826925193,0.0,0.0
60300.0,12811.891980440272,0.0,0.0
60360.0,12811.895691670426,0.0,0.0
60420.0,12811.899402944882,0.0,0.0
60480.0,12811.903114258646,0.0,0.0
60540.0,12811.906825614215,0.0,0.0
60600.0,12811.910537011603,0.0,0.0
60660.0,12811.914248450785,0.0,0.0
60720.0,12811.917959931776,0.0,0.0
60780.0,12811.921671454564,0.0,0.0
60840.0,12811.925383019161,0.0,0.0
60900.0,12811.929094625575,0.0,0.0
60960.0,12811.932806273779,0.0,0.0
61020.0,12811.936517963793,0.0,0.0
61080.0,12811.940229695601,0.0,0.0
61140.0,12811.9439414717,0.0,0.0
61200.0,12811.947653287109,0.0,0.0
61260.0,12811.951365144327,0.0,0.0
61320.0,12811.955077043342,0.0,0.0
61380.0,12811.958788984162,0.0,0.0
61440.0,12811.962500966774,0.0,0.0
61500.0,12811.966212991189,0.0,0.0
61560.0,12811.969925057401,0.0,0.0
61620.0,12811.973637165413,0.0,0.0
61680.0,12811.977349315228,0.0,0.0
61740.0,12811.981061506829,0.0,0.0
61800.0,12811.984773742719,0.0,0.0
61860.0,12811.988486017926,0.0,0.0
61920.0,12811.99219833492,0.0,0.0
61980.0,12811.995910693706,0.0,0.0
62040.0,12811.999623094302,0.0,0.0
62100.0,12812.003335536683,0.0,0.0
62160.0,12812.007048020863,0.0,0.0
62220.0,12812.010760546826,0.0,0.0
62280.0,12812.01447311459,0.0,0.0
62340.0,12812.018185724151,0.0,0.0
62400.0,12812.0218983755,0.0,0.0
62460.0,12812.025611071134,0.0,0.0
62520.0,12812.029323806064,0.0,0.0
62580.0,12812.033036582792,0.0,0.0
62640.0,12812.036749401303,0.0,0.0
62700.0,12812.040462261617,0.0,0.0
62760.0,12812.04417516371,0.0,0.0
62820.0,12812.047888107605,0.0,0.0
62880.0,12812.051601093273,0.0,0.0
62940.0,12812.055314120733,0.0,0.0
63000.0,12812.05902718999,0.0,0.0
63060.0,12812.062740301028,0.0,0.0
63120.0,12812.066453456342,0.0,0.0
63180.0,12812.070166650952,0.0,0.0
63240.0,12812.073879887354,0.0,0.0
63300.0,12812.077593165548,0.0,0.0
63360.0,12812.081306485512,0.0,0.0
63420.0,12812.085019847269,0.0,0.0
63480.0,12812.088733250817,0.0,0.0
63540.0,12812.092446696142,0.0,0.0
63600.0,12812.096160183246,0.0,0.0
63660.0,12812.099873712137,0.0,0.0
63720.0,12812.103587282816,0.0,0.0
63780.0,12812.107300895272,0.0,0.0
63840.0,12812.111014552012,0.0,0.0
63900.0,12812.11472824803,0.0,0.0
63960.0,12812.11844198583,0.0,0.0
64020.0,12812.122155765408,0.0,0.0
64080.0,12812.125869586776,0.0,0.0
64140.0,12812.129583449925,0.0,0.0
64200.0,12812.133297354847,0.0,0.0
64260.0,12812.137011301555,0.0,0.0
64320.0,12812.140725290034,0.0,0.0
64380.0,12812.144439320293,0.0,0.0
64440.0,12812.148153392323,0.0,0.0
64500.0,12812.151867508632,0.0,0.0
64560.0,12812.155581664221,0.0,0.0
64620.0,12812.159295861586,0.0,0.0
64680.0,12812.163010100727,0.0,0.0
64740.0,12812.166724381652,0.0,0.0
64800.0,12812.17043870434,0.0,0.0
64860.0,12812.174153068807,0.0,0.0
64920.0,12812.177867475053,0.0,0.0
64980.0,12812.181581923063,0.0,0.0
65040.0,12812.18529641285,0.0,0.0
65100.0,12812.189010944403,0.0,0.0
65160.0,12812.192725520239,0.0,0.0
65220.0,12812.196440135343,0.0,0.0
65280.0,12812.200154792225,0.0,0.0
65340.0,12812.20386949087,0.0,0.0
65400.0,12812.207584231286,0.0,0.0
65460.0,12812.21129901347,0.0,0.0
65520.0,12812.215013837429,0.0,0.0
65580.0,12812.218728703165,0.0,0.0
65640.0,12812.222443610657,0.0,0.0
65700.0,12812.226158559934,0.0,0.0
65760.0,12812.229873550963,0.0,0.0
65820.0,12812.233588586243,0.0,0.0
65880.0,12812.237303660806,0.0,0.0
65940.0,12812.24101877715,0.0,0.0
66000.0,12812.244733935247,0.0,0.0
66060.0,12812.248449135113,0.0,0.0
66120.0,12812.25216437675,0.0,0.0
66180.0,12812.255879660139,0.0,0.0
66240.0,12812.259594985298,0.0,0.0
66300.0,12812.26331035223,0.0,0.0
66360.0,12812.26702576092,0.0,0.0
66420.0,12812.27074121137,0.0,0.0
66480.0,12812.274456703577,0.0,0.0
66540.0,12812.278172240034,0.0,0.0
66600.0,12812.281887815785,0.0,0.0
66660.0,12812.285603433276,0.0,0.0
66720.0,12812.289319092544,0.0,0.0
66780.0,12812.29303479356,0.0,0.0
66840.0,12812.296750536343,0.0,0.0
66900.0,12812.30046632088,0.0,0.0
66960.0,12812.30418214717,0.0,0.0
67020.0,12812.30789801524,0.0,0.0
67080.0,12812.311613925049,0.0,0.0
67140.0,12812.315329876634,0.0,0.0
67200.0,12812.319045872451,0.0,0.0
67260.0,12812.322761907535,0.0,0.0
67320.0,12812.326477984372,0.0,0.0
67380.0,12812.330194102982,0.0,0.0
67440.0,12812.333910263334,0.0,0.0
67500.0,12812.337626465445,0.0,0.0
67560.0,12812.341342709316,0.0,0.0
67620.0,12812.34505899493,0.0,0.0
67680.0,12812.348775322303,0.0,0.0
67740.0,12812.352491691427,0.0,0.0
67800.0,12812.356208102314,0.0,0.0
67860.0,12812.359924557439,0.0,0.0
67920.0,12812.36364105182,0.0,0.0
67980.0,12812.36735758795,0.0,0.0
68040.0,12812.371074165841,0.0,0.0
68100.0,12812.374790785478,0.0,0.0
68160.0,12812.378507446872,0.0,0.0
68220.0,12812.382224150011,0.0,0.0
68280.0,12812.38594089489,0.0,0.0
68340.0,12812.389657681535,0.0,0.0
68400.0,12812.393374509922,0.0,0.0
68460.0,12812.397091380055,0.0,0.0
68520.0,12812.40080829443,0.0,0.0
68580.0,12812.404525248056,0.0,0.0
68640.0,12812.408242243426,0.0,0.0
68700.0,12812.411959280545,0.0,0.0
68760.0,12812.415676359411,0.0,0.0
68820.0,12812.419393480028,0.0,0.0
68880.0,12812.423110642389,0.0,0.0
68940.0,12812.426827846484,0.0,0.0
69000.0,12812.430545092337,0.0,0.0
69060.0,12812.434262379924,0.0,0.0
69120.0,12812.437979709257,0.0,0.0
69180.0,12812.441697080323,0.0,0.0
69240.0,12812.44541449564,0.0,0.0
69300.0,12812.4491319502,0.0,0.0
69360.0,12812.452849446494,0.0,0.0
69420.0,12812.456566984545,0.0,0.0
69480.0,12812.460284564322,0.0,0.0
69540.0,12812.464002185845,0.0,0.0
69600.0,12812.467719849115,0.0,0.0
69660.0,12812.471437554113,0.0,0.0
69720.0,12812.47515530086,0.0,0.0
69780.0,12812.478873089334,0.0,0.0
69840.0,12812.482590919553,0.0,0.0
69900.0,12812.486308793994,0.0,0.0
69960.0,12812.490026707696,0.0,0.0
70020.0,12812.49374466312,0.0,0.0
70080.0,12812.497462660283,0.0,0.0
70140.0,12812.501180699182,0.0,0.0
70200.0,12812.504898779813,0.0,0.0
70260.0,12812.508616902194,0.0,0.0
70320.0,12812.512335066294,0.0,0.0
70380.0,12812.51605327213,0.0,0.0
70440.0,12812.519771519714,0.0,0.0
70500.0,12812.523489809008,0.0,0.0
70560.0,12812.527208142536,0.0,0.0
70620.0,12812.530926515316,0.0,0.0
70680.0,12812.534644929812,0.0,0.0
70740.0,12812.538363386044,0.0,0.0
70800.0,12812.542081884008,0.0,0.0
70860.0,12812.545800423706,0.0,0.0
70920.0,12812.549519005126,0.0,0.0
70980.0,12812.553237628279,0.0,0.0
71040.0,12812.55695629317,0.0,0.0
71100.0,12812.56067499978,0.0,0.0
71160.0,12812.564393748115,0.0,0.0
71220.0,12812.56811254068,0.0,0.0
71280.0,12812.571831372474,0.0,0.0
71340.0,12812.575550245998,0.0,0.0
71400.0,12812.57926916125,0.0,0.0
71460.0,12812.582988118222,0.0,0.0
71520.0,12812.58670711692,0.0,0.0
71580.0,12812.590426157341,0.0,0.0
71640.0,12812.594145239498,0.0,0.0
71700.0,12812.597864363373,0.0,0.0
71760.0,12812.601583528965,0.0,0.0
71820.0,12812.605302736289,0.0,0.0
71880.0,12812.609021985332,0.0,0.0
71940.0,12812.612741278588,0.0,0.0
72000.0,12812.616460611076,0.0,0.0
72060.0,12812.620179985297,0.0,0.0
72120.0,12812.623899401222,0.0,0.0
72180.0,12812.62761885887,0.0,0.0
72240.0,12812.631338358242,0.0,0.0
72300.0,12812.635057899342,0.0,0.0
72360.0,12812.638777482145,0.0,0.0
72420.0,12812.642497106686,0.0,0.0
72480.0,12812.646216772937,0.0,0.0
72540.0,12812.649936480895,0.0,0.0
72600.0,12812.65365623307,0.0,0.0
72660.0,12812.657376024481,0.0,0.0
72720.0,12812.661095857597,0.0,0.0
72780.0,12812.664815732434,0.0,0.0
72840.0,12812.668535648989,0.0,0.0
72900.0,12812.672255607253,0.0,0.0
72960.0,12812.675975607233,0.0,0.0
73020.0,12812.679695648922,0.0,0.0
73080.0,12812.683415732341,0.0,0.0
73140.0,12812.687135857459,0.0,0.0
73200.0,12812.690856024294,0.0,0.0
73260.0,12812.694576235339,0.0,0.0
73320.0,12812.698296485602,0.0,0.0
73380.0,12812.702016777574,0.0,0.0
73440.0,12812.705737111268,0.0,0.0
73500.0,12812.709457486659,0.0,0.0
73560.0,12812.713177903763,0.0,0.0
73620.0,12812.716898362576,0.0,0.0
73680.0,12812.7206188631,0.0,0.0
73740.0,12812.724339405346,0.0,0.0
73800.0,12812.728059989284,0.0,0.0
73860.0,12812.731780614946,0.0,0.0
73920.0,12812.735501284791,0.0,0.0
73980.0,12812.739221993857,0.0,0.0
74040.0,12812.742942744633,0.0,0.0
74100.0,12812.74666353712,0.0,0.0
74160.0,12812.750384371315,0.0,0.0
74220.0,12812.754105247199,0.0,0.0
74280.0,12812.757826164809,0.0,0.0
74340.0,12812.76154712411,0.0,0.0
74400.0,12812.765268125117,0.0,0.0
74460.0,12812.768989167818,0.0,0.0
74520.0,12812.772710252244,0.0,0.0
74580.0,12812.776431378357,0.0,0.0
74640.0,12812.780152548683,0.0,0.0
74700.0,12812.783873758197,0.0,0.0
74760.0,12812.787595009424,0.0,0.0
74820.0,12812.791316302348,0.0,0.0
74880.0,12812.795037636986,0.0,0.0
74940.0,12812.798759013305,0.0,0.0
75000.0,12812.802480431334,0.0,0.0
75060.0,12812.806201891051,0.0,0.0
75120.0,12812.809923392482,0.0,0.0
75180.0,12812.81364493561,0.0,0.0
75240.0,12812.817366520432,0.0,0.0
75300.0,12812.821088149452,0.0,0.0
75360.0,12812.82480981767,0.0,0.0
75420.0,12812.828531527583,0.0,0.0
75480.0,12812.832253279186,0.0,0.0
75540.0,12812.8359750725,0.0,0.0
75600.0,12812.839696907498,0.0,0.0
75660.0,12812.843418784207,0.0,0.0
75720.0,12812.847140702599,0.0,0.0
75780.0,12812.850862662679,0.0,0.0
75840.0,12812.854584664454,0.0,0.0
75900.0,12812.858306707925,0.0,0.0
75960.0,12812.862028795598,0.0,0.0
76020.0,12812.865750922458,0.0,0.0
76080.0,12812.869473091008,0.0,0.0
76140.0,12812.873195301252,0.0,0.0
76200.0,12812.876917553185,0.0,0.0
76260.0,12812.880639846806,0.0,0.0
76320.0,12812.884362182129,0.0,0.0
76380.0,12812.888084559127,0.0,0.0
76440.0,12812.891806977817,0.0,0.0
76500.0,12812.8955294382,0.0,0.0
76560.0,12812.899251940273,0.0,0.0
76620.0,12812.902974486526,0.0,0.0
76680.0,12812.90669707198,0.0,0.0
76740.0,12812.910419699112,0.0,0.0
76800.0,12812.914142367927,0.0,0.0
76860.0,12812.91786507843,0.0,0.0
76920.0,12812.921587830624,0.0,0.0
76980.0,12812.92531062451,0.0,0.0
77040.0,12812.929033460065,0.0,0.0
77100.0,12812.93275633732,0.0,0.0
77160.0,12812.936479256252,0.0,0.0
77220.0,12812.94020221687,0.0,0.0
77280.0,12812.94392521916,0.0,0.0
77340.0,12812.947648265641,0.0,0.0
77400.0,12812.951371351306,0.0,0.0
77460.0,12812.955094478652,0.0,0.0
77520.0,12812.958817647683,0.0,0.0
77580.0,12812.962540858385,0.0,0.0
77640.0,12812.966264110773,0.0,0.0
77700.0,12812.969987404835,0.0,0.0
77760.0,12812.97371074059,0.0,0.0
77820.0,12812.977434118015,0.0,0.0
77880.0,12812.981157537115,0.0,0.0
77940.0,12812.984880997903,0.0,0.0
78000.0,12812.988604502863,0.0,0.0
78060.0,12812.992328046996,0.0,0.0
78120.0,12812.996051632825,0.0,0.0
78180.0,12812.999775260309,0.0,0.0
78240.0,12813.003498929476,0.0,0.0
78300.0,12813.007222640319,0.0,0.0
78360.0,12813.010946392835,0.0,0.0
78420.0,12813.01467018704,0.0,0.0
78480.0,12813.018394022905,0.0,0.0
78540.0,12813.022117900451,0.0,0.0
78600.0,12813.025841819668,0.0,0.0
78660.0,12813.029565783052,0.0,0.0
78720.0,12813.033289785604,0.0,0.0
78780.0,12813.037013829848,0.0,0.0
78840.0,12813.040737915746,0.0,0.0
78900.0,12813.044462043332,0.0,0.0
78960.0,12813.048186212573,0.0,0.0
79020.0,12813.051910423492,0.0,0.0
79080.0,12813.055634676075,0.0,0.0
79140.0,12813.059358970331,0.0,0.0
79200.0,12813.063083306266,0.0,0.0
79260.0,12813.066807683857,0.0,0.0
79320.0,12813.070532105623,0.0,0.0
79380.0,12813.074256566551,0.0,0.0
79440.0,12813.077981069137,0.0,0.0
79500.0,12813.081705613402,0.0,0.0
79560.0,12813.08543019934,0.0,0.0
79620.0,12813.089154826932,0.0,0.0
79680.0,12813.092879496196,16.271119850640183,0.0012698822995872916
79740.0,12813.096604207121,71.12882307865195,0.00555125940869728
79800.0,12813.10032895971,125.9852827562514,0.009832536975575222
79860.0,12813.10405375397,180.83945442622453,0.014113633485497401
79920.0,12813.107778589892,235.69029367476412,0.018394467427222585
79980.0,12813.111503467477,290.5367561490654,0.02267495729436527
80040.0,12813.115228389217,345.377797486389,0.026955021579854136
80100.0,12813.11895335012,400.2123737050633,0.031234578806468016
80160.0,12813.122678352687,455.03944066638155,0.03551354748481059
80220.0,12813.126403396927,509.85795446572376,0.03979184614385399
80280.0,12813.130128482817,564.6668713601877,0.04406939332528647
80340.0,12813.133853610378,619.4651477895139,0.04834610758514524
80400.0,12813.13757877959,674.2517403935074,0.05262190749517634
80460.0,12813.14130399046,729.0256060334225,0.05689671164450348
80520.0,12813.14502924298,783.7857018125068,0.061170438641231395
80580.0,12813.148754537175,838.5309850938503,0.06544300711383874
80640.0,12813.152479873028,893.2604135211988,0.06971433571280271
80700.0,12813.15620525304,947.9729449469003,0.07398434310496094
80760.0,12813.159930672198,1002.6675378220127,0.07825294800401443
80820.0,12813.163656133023,1057.3431506585905,0.08252006912847734
80880.0,12813.167381635496,1111.9987424219432,0.0867856252323464
80940.0,12813.171107179629,1166.6332724567305,0.0910495350993189
81000.0,12813.174832765424,1221.2457005084807,0.09531171754447242
81060.0,12813.178558392869,1275.834986740894,0.0995720914156151
81120.0,12813.182284061968,1330.4000917567598,0.10383057559491797
81180.0,12813.186009772728,1384.9399766191668,0.10808708900057029
81240.0,12813.189735525128,1439.453602868632,0.11234155058811657
81300.0,12813.193461319193,1493.9399325442057,0.11659387935210305
81360.0,12813.197187157415,1548.3979281119384,0.12084399432047199
81420.0,12813.200913034781,1602.8265528516624,0.125091814584841
81480.0,12813.204638953799,1657.2247703243042,0.12933725925879047
81540.0,12813.20836491447,1711.5915447604777,0.13358024750828307
81600.0,12813.212090916786,1765.925840987536,0.1378206985459478
81660.0,12813.215816960772,1820.2266244507384,0.14205853163273158
81720.0,12813.219543046394,1874.4928612307424,0.14629366607926506
81780.0,12813.223269173675,1928.7235180642645,0.15052602124747397
81840.0,12813.226995342595,1982.9175623649771,0.15475551655221095
81900.0,12813.23072155317,2037.0739622405172,0.158982071462582
81960.0,12813.234447805387,2091.1916865150597,0.1632056055037089
82020.0,12813.238174101762,2145.2697046551684,0.16742603825090896
82080.0,12813.241900437275,2199.306987155654,0.17164328935993933
82140.0,12813.245626814447,2253.3025050115257,0.17585727852559152
82200.0,12813.249353233257,2307.2552301025453,0.18006792551183276
82260.0,12813.253079693714,2361.1641351210615,0.1842751501461409
82320.0,12813.25680619582,2415.0281935930843,0.18847887232114968
82380.0,12813.260532739563,2468.846379895621,0.19267901199600165
82440.0,12813.264259324966,2522.6176692772015,0.19687548919794925
82500.0,12813.267985952005,2576.341037878644,0.2010682240239765
82560.0,12813.271712620683,2630.0154627497755,0.2052571366421029
82620.0,12813.275439331013,2683.639921871937,0.20944214729313984
82680.0,12813.279166082988,2737.213394174851,0.21362317629200736
82740.0,12813.282892879093,2790.734859467792,0.21780014402231973
82800.0,12813.28661971436,2844.203298817496,0.22197297096604715
82860.0,12813.290346591259,2897.617694029077,0.2261415776627535
82920.0,12813.294073509793,2950.977028024128,0.23030588473927077
82980.0,12813.297800469974,3004.2802847718294,0.2344658129042811
83040.0,12813.301527471795,3057.5264493058494,0.23862128294963594
83100.0,12813.305254515264,3110.714507745004,0.24277221575196795
83160.0,12813.308981600358,3163.8434473133857,0.24691853227426253
83220.0,12813.31270872711,3216.9122563574742,0.25106015356719147
83280.0,12813.31643589549,3269.919924367713,0.25519700077079904
83340.0,12813.3201631055,3322.8654419957056,0.25932899511584195
83400.0,12813.323890359654,3375.7478009865367,0.2634560579184566
83460.0,12813.327617652958,3428.565994550329,0.26757811060936143
83520.0,12813.331344987884,3481.31901685189,0.2716950746937218
83580.0,12813.335072364465,3534.005863382861,0.27580687178039476
83640.0,12813.338799782663,3586.6255308937325,0.2799134235765754
83700.0,12813.342527242505,3639.177017410539,0.28401465188909675
83760.0,12813.346254743976,3691.6593222566844,0.28811047862613526
83820.0,12813.349982287082,3744.071446069475,0.29220082579849954
83880.0,12813.353709871837,3796.4123908203114,0.29628561552120647
83940.0,12813.357437498214,3848.681159834745,0.30036477001504713
84000.0,12813.36116516622,3900.876757809085,0.30443821160788154
84060.0,12813.364892878379,3952.9981907446136,0.30850586272944397
84120.0,12813.368620629648,4005.0444663117623,0.3125676459400069
84180.0,12813.372348422557,4057.014593350238,0.31662348389100653
84240.0,12813.37607625711,4108.90758223337,0.3206732993537184
84300.0,12813.37980413328,4160.722444801982,0.3247170152140372
84360.0,12813.383532051079,4212.458194380723,0.3287545544737489
84420.0,12813.387260010515,4264.113845799578,0.3327858402522112
84480.0,12813.390988011592,4315.688415409831,0.33681079578759876
84540.0,12813.394716054283,4367.1809211055315,0.3408293444385789
84600.0,12813.398444138602,4418.590382339796,0.34484140968558175
84660.0,12813.402172264567,4469.915820144996,0.3488469151323773
84720.0,12813.405900434642,4521.156257066122,0.3528457845008063
84780.0,12813.40962864385,4572.310717517932,0.3568379416589258
84840.0,12813.413356894684,4623.378227295905,0.36082331058243294
84900.0,12813.417085187151,4674.357813932865,0.36480181538276923
84960.0,12813.42081352124,4725.248506634251,0.3687733803020016
85020.0,12813.424541896962,4776.049336294166,0.3727379297140728
85080.0,12813.428270314305,4826.759335516533,0.3766953881264546
85140.0,12813.431998773269,4877.377538630863,0.38064568018137623
85200.0,12813.435727273858,4927.902981713166,0.38458873065745725
85260.0,12813.439455816071,4978.33470260213,0.3885244644709695
85320.0,12813.44318439992,5028.671740918567,0.39245280667735444
85380.0,12813.44691302538,5078.913138083596,0.3963736824726435
85440.0,12813.450641694973,5129.057937254485,0.4002870171883699
85500.0,12813.454370403675,5179.105183671444,0.404192736318948
85560.0,12813.458099154008,5229.053924183647,0.4080907654842129
85620.0,12813.461827945961,5278.903207594458,0.4119810304566758
85680.0,12813.46555677954,5328.652084598314,0.4158634571565185
85740.0,12813.469285654732,5378.299607799711,0.41973797165307647
85800.0,12813.473014571544,5427.844831729177,0.4236045001660834
85860.0,12813.476743529978,5477.2868128624195,0.4274629690671671
85920.0,12813.480472530036,5526.624609639158,0.43131330488131764
85980.0,12813.484201571704,5575.857282478904,0.43515543428812037
86040.0,12813.487930654996,5624.983893800555,0.43898928412328236
86100.0,12813.491659782416,5674.003507959747,0.44281478137365854
86160.0,12813.495388948944,5722.915191585903,0.44663185320390064
86220.0,12813.499118157084,5771.718013121776,0.4504404269200043
86280.0,12813.502847406844,5820.411043159148,0.4542404299958511
86340.0,12813.506576698226,5868.993354377445,0.4580317900683329
86400.0,12813.510306031214,5917.4640215622985,0.46181443493880026
