% Time (s), T mean (K), T max (K), T min (K), q_sun_zenith (W/m^2), q_ir_nadir (W/m^2)
0 295.350 307.350 292.350 64.05 191.64
60 295.396 307.396 292.396 68.49 191.68
120 295.482 307.482 292.482 72.61 191.72
180 295.600 307.600 292.600 76.41 191.76
240 295.744 307.744 292.744 79.85 191.80
300 295.908 307.908 292.908 82.93 191.84
360 296.086 308.086 293.086 85.63 191.88
420 296.273 308.273 293.273 87.94 191.92
480 296.464 308.464 293.464 89.84 191.96
540 296.654 308.654 293.654 91.34 192.00
600 296.839 308.839 293.839 92.41 192.04
660 297.015 309.015 294.015 93.06 192.08
720 297.177 309.177 294.177 93.29 192.11
780 297.324 309.324 294.324 93.08 192.14
840 297.451 309.451 294.451 92.45 192.17
900 297.557 309.557 294.557 91.40 192.20
960 297.638 309.638 294.638 89.92 192.23
1020 297.692 309.692 294.692 88.03 192.25
1080 297.718 309.718 294.718 85.74 192.27
1140 297.714 309.714 294.714 83.05 192.29
1200 297.678 309.678 294.678 79.98 192.30
1260 297.610 309.610 294.610 76.55 192.31
1320 297.508 309.508 294.508 72.76 192.32
1380 297.373 309.373 294.373 68.64 192.32
1440 297.203 309.203 294.203 64.20 192.32
1500 296.999 308.999 293.999 59.47 192.31
1560 296.761 308.761 293.761 54.47 192.30
1620 296.489 308.489 293.489 49.21 192.29
1680 296.184 308.184 293.184 43.73 192.28
1740 295.847 307.847 292.847 38.05 192.26
1800 295.477 307.477 292.477 32.20 192.24
1860 295.077 307.077 292.077 26.19 192.21
1920 294.648 306.648 291.648 20.07 192.19
1980 294.191 306.191 291.191 13.86 192.16
2040 293.708 305.708 290.708 7.58 192.12
2100 293.200 305.200 290.200 1.28 192.09
2160 292.763 304.763 289.763 0.00 192.05
2220 292.414 304.414 289.414 0.00 192.02
2280 292.146 304.146 289.146 0.00 191.98
2340 291.951 303.951 288.951 0.00 191.94
2400 291.821 303.821 288.821 0.00 191.90
2460 291.751 303.751 288.751 0.00 191.86
2520 291.393 303.393 288.393 0.00 191.82
2580 291.064 303.064 288.064 0.00 191.78
2640 290.762 302.762 287.762 0.00 191.74
2700 290.485 302.485 287.485 0.00 191.70
2760 290.230 302.230 287.230 0.00 191.66
2820 289.996 301.996 286.996 0.00 191.62
2880 289.781 301.781 286.781 0.00 191.59
2940 289.584 301.584 286.584 0.00 191.55
3000 289.402 301.402 286.402 0.00 191.52
3060 289.235 301.235 286.235 0.00 191.48
3120 289.081 301.081 286.081 0.00 191.45
3180 288.939 300.939 285.939 0.00 191.42
3240 288.809 300.809 285.809 0.00 191.40
3300 288.689 300.689 285.689 0.00 191.37
3360 288.578 300.578 285.578 0.00 191.35
3420 288.477 300.477 285.477 0.00 191.32
3480 288.383 300.383 285.383 0.00 191.30
3540 288.297 300.297 285.297 0.00 191.29
3600 288.218 300.218 285.218 0.00 191.27
3660 288.144 300.144 285.144 0.00 191.26
3720 288.077 300.077 285.077 0.00 191.24
3780 288.015 300.015 285.015 0.00 191.23
3840 287.958 299.958 284.958 0.00 191.22
3900 287.905 299.905 284.905 0.00 191.21
3960 287.857 299.857 284.857 0.00 191.21
4020 287.812 299.812 284.812 0.00 191.20
4080 287.771 299.771 284.771 0.00 191.20
4140 287.733 299.733 284.733 0.00 191.20
4200 287.699 299.699 284.699 0.00 191.20
4260 287.667 299.667 284.667 0.00 191.20
4320 287.637 299.637 284.637 0.00 191.20
4380 287.610 299.610 284.610 0.00 191.21
4440 287.586 299.586 284.586 0.00 191.21
4500 287.563 299.563 284.563 0.00 191.22
4560 287.831 299.831 284.831 0.00 191.23
4620 288.029 300.029 285.029 0.00 191.24
4680 288.162 300.162 285.162 0.00 191.25
4740 288.234 300.234 285.234 0.00 191.27
4800 288.249 300.249 285.249 0.00 191.28
4860 288.211 300.211 285.211 0.00 191.30
4920 288.157 300.157 285.157 1.70 191.32
4980 288.172 300.172 285.172 7.97 191.34
5040 288.251 300.251 285.251 14.21 191.36
5100 288.389 300.389 285.389 20.39 191.39
5160 288.578 300.578 285.578 26.48 191.41
5220 288.815 300.815 285.815 32.44 191.44
5280 289.093 301.093 286.093 38.26 191.47
5340 289.408 301.408 286.408 43.90 191.51
5400 289.754 301.754 286.754 49.35 191.54
5460 290.126 302.126 287.126 54.56 191.57
5520 290.520 302.520 287.520 59.54 191.61
5580 290.930 302.930 287.930 64.24 191.65
5640 291.353 303.353 288.353 68.64 191.69
5700 291.784 303.784 288.784 72.74 191.73
5760 292.218 304.218 289.218 76.50 191.77
5820 292.652 304.652 289.652 79.91 191.81
5880 293.081 305.081 290.081 82.96 191.85
5940 293.502 305.502 290.502 85.62 191.89
6000 293.911 305.911 290.911 87.90 191.93
6060 294.306 306.306 291.306 89.77 191.97
6120 294.682 306.682 291.682 91.23 192.01
6180 295.037 307.037 292.037 92.28 192.04
6240 295.368 307.368 292.368 92.90 192.08
6300 295.673 307.673 292.673 93.09 192.11
6360 295.949 307.949 292.949 92.86 192.15
6420 296.195 308.195 293.195 92.20 192.18
6480 296.408 308.408 293.408 91.11 192.21
6540 296.587 308.587 293.587 89.61 192.23
6600 296.731 308.731 293.731 87.70 192.25
6660 296.838 308.838 293.838 85.38 192.27
6720 296.907 308.907 293.907 82.67 192.29
6780 296.939 308.939 293.939 79.59 192.30
6840 296.932 308.932 293.932 76.13 192.31
6900 296.886 308.886 293.886 72.33 192.32
6960 296.801 308.801 293.801 68.19 192.32
7020 296.677 308.677 293.677 63.74 192.32
7080 296.514 308.514 293.514 59.00 192.31
7140 296.314 308.314 293.314 53.99 192.30
7200 296.076 308.076 293.076 48.73 192.29
7260 295.802 307.802 292.802 43.25 192.28
7320 295.493 307.493 292.493 37.56 192.26
7380 295.149 307.149 292.149 31.71 192.23
7440 294.773 306.773 291.773 25.71 192.21
7500 294.365 306.365 291.365 19.60 192.18
7560 293.927 305.927 290.927 13.39 192.15
7620 293.461 305.461 290.461 7.13 192.12
7680 292.970 304.970 289.970 0.83 192.09
7740 292.556 304.556 289.556 0.00 192.05
7800 292.228 304.228 289.228 0.00 192.01
7860 291.979 303.979 288.979 0.00 191.97
7920 291.801 303.801 288.801 0.00 191.93
7980 291.687 303.687 288.687 0.00 191.89
8040 291.630 303.630 288.630 0.00 191.85
8100 291.282 303.282 288.282 0.00 191.81
8160 290.962 302.962 287.962 0.00 191.77
8220 290.669 302.669 287.669 0.00 191.73
8280 290.399 302.399 287.399 0.00 191.69
8340 290.152 302.152 287.152 0.00 191.65
8400 289.924 301.924 286.924 0.00 191.62
8460 289.715 301.715 286.715 0.00 191.58
8520 289.523 301.523 286.523 0.00 191.55
8580 289.346 301.346 286.346 0.00 191.51
8640 289.183 301.183 286.183 0.00 191.48
8700 289.034 301.034 286.034 0.00 191.45
8760 288.896 300.896 285.896 0.00 191.42
8820 288.769 300.769 285.769 0.00 191.39
8880 288.652 300.652 285.652 0.00 191.37
8940 288.545 300.545 285.545 0.00 191.34
9000 288.446 300.446 285.446 0.00 191.32
9060 288.355 300.355 285.355 0.00 191.30
9120 288.271 300.271 285.271 0.00 191.28
9180 288.193 300.193 285.193 0.00 191.27
9240 288.122 300.122 285.122 0.00 191.25
9300 288.057 300.057 285.057 0.00 191.24
9360 287.996 299.996 284.996 0.00 191.23
9420 287.941 299.941 284.941 0.00 191.22
9480 287.889 299.889 284.889 0.00 191.21
9540 287.842 299.842 284.842 0.00 191.21
9600 287.799 299.799 284.799 0.00 191.20
9660 287.759 299.759 284.759 0.00 191.20
9720 287.722 299.722 284.722 0.00 191.20
9780 287.688 299.688 284.688 0.00 191.20
9840 287.657 299.657 284.657 0.00 191.20
9900 287.629 299.629 284.629 0.00 191.20
9960 287.602 299.602 284.602 0.00 191.21
10020 287.578 299.578 284.578 0.00 191.21
10080 287.556 299.556 284.556 0.00 191.22
10140 287.821 299.821 284.821 0.00 191.23
10200 288.016 300.016 285.016 0.00 191.24
10260 288.146 300.146 285.146 0.00 191.25
10320 288.215 300.215 285.215 0.00 191.27
10380 288.228 300.228 285.228 0.00 191.28
10440 288.189 300.189 285.189 0.00 191.30
10500 288.140 300.140 285.140 2.13 191.32
10560 288.161 300.161 285.161 8.39 191.34
10620 288.246 300.246 285.246 14.62 191.37
10680 288.387 300.387 285.387 20.77 191.39
10740 288.581 300.581 285.581 26.84 191.42
10800 288.821 300.821 285.821 32.78 191.45
10860 289.102 301.102 286.102 38.58 191.48
10920 289.419 301.419 286.419 44.19 191.51
10980 289.767 301.767 286.767 49.61 191.54
11040 290.141 302.141 287.141 54.80 191.58
11100 290.535 302.535 287.535 59.75 191.62
11160 290.947 302.947 287.947 64.42 191.65
11220 291.370 303.370 288.370 68.79 191.69
11280 291.800 303.800 288.800 72.86 191.73
11340 292.234 304.234 289.234 76.59 191.77
11400 292.667 304.667 289.667 79.97 191.81
11460 293.095 305.095 290.095 82.98 191.85
11520 293.515 305.515 290.515 85.62 191.89
11580 293.923 305.923 290.923 87.86 191.93
11640 294.316 306.316 291.316 89.70 191.97
11700 294.690 306.690 291.690 91.13 192.01
11760 295.043 307.043 292.043 92.14 192.05
11820 295.372 307.372 292.372 92.73 192.09
11880 295.674 307.674 292.674 92.89 192.12
11940 295.948 307.948 292.948 92.63 192.15
12000 296.191 308.191 293.191 91.94 192.18
12060 296.402 308.402 293.402 90.83 192.21
12120 296.578 308.578 293.578 89.30 192.23
12180 296.719 308.719 293.719 87.36 192.26
12240 296.823 308.823 293.823 85.02 192.28
12300 296.890 308.890 293.890 82.30 192.29
12360 296.919 308.919 293.919 79.19 192.30
12420 296.909 308.909 293.909 75.72 192.31
12480 296.861 308.861 293.861 71.90 192.32
12540 296.773 308.773 293.773 67.75 192.32
12600 296.647 308.647 293.647 63.29 192.32
12660 296.483 308.483 293.483 58.54 192.31
12720 296.280 308.280 293.280 53.52 192.30
12780 296.040 308.040 293.040 48.25 192.29
12840 295.764 307.764 292.764 42.76 192.27
12900 295.453 307.453 292.453 37.08 192.25
12960 295.108 307.108 292.108 31.23 192.23
13020 294.730 306.730 291.730 25.24 192.21
13080 294.321 306.321 291.321 19.13 192.18
13140 293.882 305.882 290.882 12.93 192.15
13200 293.416 305.416 290.416 6.67 192.12
13260 292.923 304.923 289.923 0.39 192.08
13320 292.517 304.517 289.517 0.00 192.05
13380 292.196 304.196 289.196 0.00 192.01
13440 291.952 303.952 288.952 0.00 191.97
13500 291.779 303.779 288.779 0.00 191.93
13560 291.670 303.670 288.670 0.00 191.89
13620 291.568 303.568 288.568 0.00 191.85
13680 291.225 303.225 288.225 0.00 191.81
13740 290.910 302.910 287.910 0.00 191.77
13800 290.621 302.621 287.621 0.00 191.73
13860 290.355 302.355 287.355 0.00 191.69
13920 290.111 302.111 287.111 0.00 191.65
13980 289.887 301.887 286.887 0.00 191.61
14040 289.681 301.681 286.681 0.00 191.58
14100 289.492 301.492 286.492 0.00 191.54
14160 289.317 301.317 286.317 0.00 191.51
14220 289.157 301.157 286.157 0.00 191.48
14280 289.009 301.009 286.009 0.00 191.45
14340 288.873 300.873 285.873 0.00 191.42
14400 288.748 300.748 285.748 0.00 191.39
14460 288.633 300.633 285.633 0.00 191.37
14520 288.527 300.527 285.527 0.00 191.34
14580 288.430 300.430 285.430 0.00 191.32
14640 288.340 300.340 285.340 0.00 191.30
14700 288.257 300.257 285.257 0.00 191.28
14760 288.181 300.181 285.181 0.00 191.27
14820 288.111 300.111 285.111 0.00 191.25
14880 288.046 300.046 285.046 0.00 191.24
14940 287.986 299.986 284.986 0.00 191.23
15000 287.932 299.932 284.932 0.00 191.22
15060 287.881 299.881 284.881 0.00 191.21
15120 287.835 299.835 284.835 0.00 191.21
15180 287.792 299.792 284.792 0.00 191.20
15240 287.752 299.752 284.752 0.00 191.20
15300 287.716 299.716 284.716 0.00 191.20
15360 287.683 299.683 284.683 0.00 191.20
15420 287.652 299.652 284.652 0.00 191.20
15480 287.624 299.624 284.624 0.00 191.20
15540 287.598 299.598 284.598 0.00 191.21
15600 287.574 299.574 284.574 0.00 191.21
15660 287.553 299.553 284.553 0.00 191.22
15720 287.814 299.814 284.814 0.00 191.23
15780 288.006 300.006 285.006 0.00 191.24
15840 288.133 300.133 285.133 0.00 191.25
15900 288.199 300.199 285.199 0.00 191.27
15960 288.209 300.209 285.209 0.00 191.29
16020 288.168 300.168 285.168 0.00 191.30
16080 288.126 300.126 285.126 2.56 191.32
16140 288.152 300.152 285.152 8.81 191.35
16200 288.242 300.242 285.242 15.02 191.37
16260 288.388 300.388 285.388 21.15 191.40
16320 288.585 300.585 285.585 27.20 191.42
16380 288.828 300.828 285.828 33.12 191.45
16440 289.112 301.112 286.112 38.89 191.48
16500 289.431 301.431 286.431 44.48 191.51
16560 289.781 301.781 286.781 49.87 191.55
16620 290.156 302.156 287.156 55.04 191.58
16680 290.552 302.552 287.552 59.95 191.62
16740 290.963 302.963 287.963 64.59 191.66
16800 291.387 303.387 288.387 68.94 191.70
16860 291.817 303.817 288.817 72.97 191.74
16920 292.250 304.250 289.250 76.67 191.78
16980 292.682 304.682 289.682 80.02 191.82
17040 293.110 305.110 290.110 83.00 191.86
17100 293.528 305.528 290.528 85.60 191.90
17160 293.935 305.935 290.935 87.81 191.94
17220 294.325 306.325 291.325 89.62 191.98
17280 294.698 306.698 291.698 91.02 192.02
17340 295.049 307.049 292.049 92.00 192.05
17400 295.375 307.375 292.375 92.55 192.09
17460 295.675 307.675 292.675 92.69 192.12
17520 295.947 307.947 292.947 92.40 192.16
17580 296.187 308.187 293.187 91.68 192.19
17640 296.395 308.395 293.395 90.54 192.21
17700 296.569 308.569 293.569 88.99 192.24
17760 296.707 308.707 293.707 87.03 192.26
17820 296.809 308.809 293.809 84.67 192.28
17880 296.873 308.873 293.873 81.92 192.29
17940 296.900 308.900 293.900 78.79 192.31
18000 296.887 308.887 293.887 75.30 192.31
18060 296.836 308.836 293.836 71.47 192.32
18120 296.746 308.746 293.746 67.30 192.32
18180 296.618 308.618 293.618 62.83 192.32
18240 296.451 308.451 293.451 58.07 192.31
18300 296.246 308.246 293.246 53.04 192.30
18360 296.004 308.004 293.004 47.77 192.29
18420 295.727 307.727 292.727 42.29 192.27
18480 295.414 307.414 292.414 36.60 192.25
18540 295.067 307.067 292.067 30.75 192.23
18600 294.687 306.687 291.687 24.76 192.20
18660 294.277 306.277 291.277 18.66 192.17
18720 293.837 305.837 290.837 12.47 192.14
18780 293.370 305.370 290.370 6.22 192.11
18840 292.878 304.878 289.878 0.00 192.08
18900 292.478 304.478 289.478 0.00 192.04
18960 292.164 304.164 289.164 0.00 192.00
19020 291.926 303.926 288.926 0.00 191.96
19080 291.759 303.759 288.759 0.00 191.92
19140 291.654 303.654 288.654 0.00 191.88
19200 291.429 303.429 288.429 0.00 191.84
19260 291.097 303.097 288.097 0.00 191.80
19320 290.793 302.793 287.793 0.00 191.76
19380 290.513 302.513 287.513 0.00 191.72
19440 290.257 302.257 287.257 0.00 191.68
19500 290.021 302.021 287.021 0.00 191.65
19560 289.804 301.804 286.804 0.00 191.61
19620 289.605 301.605 286.605 0.00 191.57
19680 289.421 301.421 286.421 0.00 191.54
19740 289.253 301.253 286.253 0.00 191.50
19800 289.097 301.097 286.097 0.00 191.47
19860 288.955 300.955 285.955 0.00 191.44
19920 288.823 300.823 285.823 0.00 191.41
19980 288.702 300.702 285.702 0.00 191.39
20040 288.591 300.591 285.591 0.00 191.36
20100 288.488 300.488 285.488 0.00 191.34
20160 288.394 300.394 285.394 0.00 191.32
20220 288.307 300.307 285.307 0.00 191.30
20280 288.227 300.227 285.227 0.00 191.28
20340 288.153 300.153 285.153 0.00 191.27
20400 288.085 300.085 285.085 0.00 191.25
20460 288.022 300.022 285.022 0.00 191.24
20520 287.965 299.965 284.965 0.00 191.23
20580 287.912 299.912 284.912 0.00 191.22
20640 287.863 299.863 284.863 0.00 191.21
20700 287.818 299.818 284.818 0.00 191.21
20760 287.776 299.776 284.776 0.00 191.20
20820 287.738 299.738 284.738 0.00 191.20
20880 287.703 299.703 284.703 0.00 191.20
20940 287.671 299.671 284.671 0.00 191.20
21000 287.641 299.641 284.641 0.00 191.20
21060 287.614 299.614 284.614 0.00 191.20
21120 287.589 299.589 284.589 0.00 191.21
21180 287.566 299.566 284.566 0.00 191.21
21240 287.545 299.545 284.545 0.00 191.22
21300 287.802 299.802 284.802 0.00 191.23
21360 287.991 299.991 284.991 0.00 191.24
21420 288.116 300.116 285.116 0.00 191.26
21480 288.180 300.180 285.180 0.00 191.27
21540 288.188 300.188 285.188 0.00 191.29
21600 288.145 300.145 285.145 0.00 191.31
21660 288.109 300.109 285.109 2.99 191.33
21720 288.141 300.141 285.141 9.22 191.35
21780 288.235 300.235 285.235 15.41 191.37
21840 288.386 300.386 285.386 21.53 191.40
21900 288.587 300.587 285.587 27.55 191.43
21960 288.834 300.834 285.834 33.45 191.46
22020 289.120 301.120 286.120 39.20 191.49
22080 289.442 301.442 286.442 44.77 191.52
22140 289.793 301.793 286.793 50.13 191.55
22200 290.170 302.170 287.170 55.27 191.59
22260 290.566 302.566 287.566 60.15 191.63
22320 290.979 302.979 287.979 64.77 191.66
22380 291.402 303.402 288.402 69.08 191.70
22440 291.832 303.832 288.832 73.08 191.74
22500 292.265 304.265 289.265 76.75 191.78
22560 292.697 304.697 289.697 80.06 191.82
22620 293.123 305.123 290.123 83.01 191.86
22680 293.540 305.540 290.540 85.58 191.91
22740 293.945 305.945 290.945 87.76 191.95
22800 294.334 306.334 291.334 89.54 191.98
22860 294.705 306.705 291.705 90.90 192.02
22920 295.054 307.054 292.054 91.85 192.06
22980 295.378 307.378 292.378 92.38 192.10
23040 295.676 307.676 292.676 92.48 192.13
23100 295.945 307.945 292.945 92.16 192.16
23160 296.183 308.183 293.183 91.42 192.19
23220 296.388 308.388 293.388 90.26 192.22
23280 296.559 308.559 293.559 88.68 192.24
23340 296.695 308.695 293.695 86.69 192.26
23400 296.794 308.794 293.794 84.31 192.28
23460 296.856 308.856 293.856 81.54 192.30
23520 296.879 308.879 293.879 78.39 192.31
23580 296.865 308.865 293.865 74.89 192.31
23640 296.811 308.811 293.811 71.04 192.32
23700 296.719 308.719 293.719 66.86 192.32
23760 296.588 308.588 293.588 62.38 192.32
23820 296.419 308.419 293.419 57.61 192.31
23880 296.212 308.212 293.212 52.57 192.30
23940 295.968 307.968 292.968 47.30 192.29
24000 295.689 307.689 292.689 41.81 192.27
24060 295.374 307.374 292.374 36.13 192.25
24120 295.026 307.026 292.026 30.28 192.23
24180 294.645 306.645 291.645 24.29 192.20
24240 294.233 306.233 291.233 18.19 192.17
24300 293.793 305.793 290.793 12.01 192.14
24360 293.324 305.324 290.324 5.78 192.11
24420 292.839 304.839 289.839 0.00 192.07
24480 292.447 304.447 289.447 0.00 192.04
24540 292.138 304.138 289.138 0.00 192.00
24600 291.906 303.906 288.906 0.00 191.96
24660 291.743 303.743 288.743 0.00 191.92
24720 291.642 303.642 288.642 0.00 191.88
24780 291.307 303.307 288.307 0.00 191.84
24840 290.986 302.986 287.986 0.00 191.80
24900 290.690 302.690 287.690 0.00 191.76
24960 290.419 302.419 287.419 0.00 191.72
25020 290.170 302.170 287.170 0.00 191.68
25080 289.941 301.941 286.941 0.00 191.64
25140 289.731 301.731 286.731 0.00 191.60
25200 289.538 301.538 286.538 0.00 191.57
25260 289.360 301.360 286.360 0.00 191.53
25320 289.196 301.196 286.196 0.00 191.50
25380 289.045 301.045 286.045 0.00 191.47
25440 288.907 300.907 285.907 0.00 191.44
25500 288.779 300.779 285.779 0.00 191.41
25560 288.662 300.662 285.662 0.00 191.38
25620 288.554 300.554 285.554 0.00 191.36
25680 288.454 300.454 285.454 0.00 191.34
25740 288.362 300.362 285.362 0.00 191.32
25800 288.278 300.278 285.278 0.00 191.30
25860 288.200 300.200 285.200 0.00 191.28
25920 288.128 300.128 285.128 0.00 191.26
25980 288.062 300.062 285.062 0.00 191.25
26040 288.002 300.002 285.002 0.00 191.24
26100 287.946 299.946 284.946 0.00 191.23
26160 287.894 299.894 284.894 0.00 191.22
26220 287.847 299.847 284.847 0.00 191.21
26280 287.803 299.803 284.803 0.00 191.21
26340 287.763 299.763 284.763 0.00 191.20
26400 287.726 299.726 284.726 0.00 191.20
26460 287.691 299.691 284.691 0.00 191.20
26520 287.660 299.660 284.660 0.00 191.20
26580 287.631 299.631 284.631 0.00 191.20
26640 287.605 299.605 284.605 0.00 191.20
26700 287.580 299.580 284.580 0.00 191.21
26760 287.558 299.558 284.558 0.00 191.22
26820 287.538 299.538 284.538 0.00 191.22
26880 287.792 299.792 284.792 0.00 191.23
26940 287.978 299.978 284.978 0.00 191.25
27000 288.100 300.100 285.100 0.00 191.26
27060 288.161 300.161 285.161 0.00 191.27
27120 288.167 300.167 285.167 0.00 191.29
27180 288.122 300.122 285.122 0.00 191.31
27240 288.093 300.093 285.093 3.41 191.33
27300 288.130 300.130 285.130 9.62 191.35
27360 288.230 300.230 285.230 15.80 191.38
27420 288.384 300.384 285.384 21.90 191.40
27480 288.589 300.589 285.589 27.90 191.43
27540 288.839 300.839 285.839 33.78 191.46
27600 289.129 301.129 286.129 39.50 191.49
27660 289.452 301.452 286.452 45.05 191.52
27720 289.806 301.806 286.806 50.38 191.56
27780 290.183 302.183 287.183 55.49 191.59
27840 290.581 302.581 287.581 60.35 191.63
27900 290.994 302.994 287.994 64.93 191.67
27960 291.418 303.418 288.418 69.22 191.71
28020 291.848 303.848 288.848 73.19 191.75
28080 292.280 304.280 289.280 76.82 191.79
28140 292.711 304.711 289.711 80.11 191.83
28200 293.136 305.136 290.136 83.03 191.87
28260 293.552 305.552 290.552 85.56 191.91
28320 293.956 305.956 290.956 87.71 191.95
28380 294.343 306.343 291.343 89.45 191.99
28440 294.711 306.711 291.711 90.79 192.03
28500 295.058 307.058 292.058 91.71 192.07
28560 295.381 307.381 292.381 92.20 192.10
28620 295.676 307.676 292.676 92.28 192.13
28680 295.942 307.942 292.942 91.93 192.17
28740 296.178 308.178 293.178 91.16 192.19
28800 296.381 308.381 293.381 89.97 192.22
28860 296.549 308.549 293.549 88.36 192.25
28920 296.682 308.682 293.682 86.36 192.27
28980 296.779 308.779 293.779 83.95 192.28
29040 296.838 308.838 293.838 81.16 192.30
29100 296.859 308.859 293.859 77.99 192.31
29160 296.842 308.842 293.842 74.47 192.32
29220 296.786 308.786 293.786 70.61 192.32
29280 296.691 308.691 293.691 66.42 192.32
29340 296.558 308.558 293.558 61.93 192.32
29400 296.387 308.387 293.387 57.15 192.31
29460 296.178 308.178 293.178 52.11 192.30
29520 295.932 307.932 292.932 46.83 192.28
29580 295.651 307.651 292.651 41.33 192.27
29640 295.334 307.334 292.334 35.65 192.25
29700 294.985 306.985 291.985 29.81 192.22
29760 294.603 306.603 291.603 23.82 192.20
29820 294.190 306.190 291.190 17.73 192.17
29880 293.748 305.748 290.748 11.56 192.14
29940 293.279 305.279 290.279 5.34 192.10
30000 292.801 304.801 289.801 0.00 192.07
30060 292.415 304.415 289.415 0.00 192.03
30120 292.113 304.113 289.113 0.00 191.99
30180 291.886 303.886 288.886 0.00 191.95
30240 291.727 303.727 288.727 0.00 191.91
30300 291.630 303.630 288.630 0.00 191.87
30360 291.282 303.282 288.282 0.00 191.83
30420 290.963 302.963 287.963 0.00 191.79
30480 290.669 302.669 287.669 0.00 191.75
30540 290.400 302.400 287.400 0.00 191.71
30600 290.153 302.153 287.153 0.00 191.67
30660 289.925 301.925 286.925 0.00 191.64
30720 289.716 301.716 286.716 0.00 191.60
30780 289.524 301.524 286.524 0.00 191.56
30840 289.347 301.347 286.347 0.00 191.53
30900 289.184 301.184 286.184 0.00 191.50
30960 289.035 301.035 286.035 0.00 191.46
31020 288.897 300.897 285.897 0.00 191.44
31080 288.770 300.770 285.770 0.00 191.41
31140 288.653 300.653 285.653 0.00 191.38
31200 288.546 300.546 285.546 0.00 191.36
31260 288.447 300.447 285.447 0.00 191.33
31320 288.356 300.356 285.356 0.00 191.31
31380 288.272 300.272 285.272 0.00 191.29
31440 288.195 300.195 285.195 0.00 191.28
31500 288.123 300.123 285.123 0.00 191.26
31560 288.058 300.058 285.058 0.00 191.25
31620 287.997 299.997 284.997 0.00 191.24
31680 287.942 299.942 284.942 0.00 191.23
31740 287.890 299.890 284.890 0.00 191.22
31800 287.843 299.843 284.843 0.00 191.21
31860 287.800 299.800 284.800 0.00 191.21
31920 287.760 299.760 284.760 0.00 191.20
31980 287.723 299.723 284.723 0.00 191.20
32040 287.689 299.689 284.689 0.00 191.20
32100 287.658 299.658 284.658 0.00 191.20
32160 287.629 299.629 284.629 0.00 191.20
32220 287.603 299.603 284.603 0.00 191.20
32280 287.579 299.579 284.579 0.00 191.21
32340 287.557 299.557 284.557 0.00 191.22
32400 287.536 299.536 284.536 0.00 191.23
32460 287.787 299.787 284.787 0.00 191.24
32520 287.970 299.970 284.970 0.00 191.25
32580 288.088 300.088 285.088 0.00 191.26
32640 288.147 300.147 285.147 0.00 191.28
32700 288.151 300.151 285.151 0.00 191.29
32760 288.103 300.103 285.103 0.00 191.31
32820 288.080 300.080 285.080 3.83 191.33
32880 288.123 300.123 285.123 10.03 191.36
32940 288.226 300.226 285.226 16.18 191.38
33000 288.385 300.385 285.385 22.26 191.41
33060 288.594 300.594 285.594 28.25 191.43
33120 288.847 300.847 285.847 34.10 191.46
33180 289.139 301.139 286.139 39.80 191.50
33240 289.464 301.464 286.464 45.32 191.53
33300 289.819 301.819 286.819 50.63 191.56
33360 290.198 302.198 287.198 55.71 191.60
33420 290.597 302.597 287.597 60.54 191.64
33480 291.010 303.010 288.010 65.10 191.68
33540 291.434 303.434 288.434 69.35 191.71
33600 291.864 303.864 288.864 73.29 191.75
33660 292.296 304.296 289.296 76.89 191.79
33720 292.726 304.726 289.726 80.15 191.84
33780 293.150 305.150 290.150 83.03 191.88
33840 293.564 305.564 290.564 85.54 191.92
33900 293.966 305.966 290.966 87.65 191.96
33960 294.352 306.352 291.352 89.37 192.00
34020 294.718 306.718 291.718 90.67 192.03
34080 295.063 307.063 292.063 91.56 192.07
34140 295.383 307.383 292.383 92.02 192.11
34200 295.676 307.676 292.676 92.07 192.14
34260 295.940 307.940 292.940 91.69 192.17
34320 296.173 308.173 293.173 90.89 192.20
34380 296.373 308.373 293.373 89.68 192.23
34440 296.539 308.539 293.539 88.05 192.25
34500 296.670 308.670 293.670 86.02 192.27
34560 296.764 308.764 293.764 83.59 192.29
34620 296.820 308.820 293.820 80.78 192.30
34680 296.839 308.839 293.839 77.60 192.31
34740 296.819 308.819 293.819 74.06 192.32
34800 296.761 308.761 293.761 70.18 192.32
34860 296.664 308.664 293.664 65.98 192.32
34920 296.528 308.528 293.528 61.48 192.32
34980 296.355 308.355 293.355 56.69 192.31
35040 296.144 308.144 293.144 51.64 192.30
35100 295.896 307.896 292.896 46.36 192.28
35160 295.613 307.613 292.613 40.86 192.26
35220 295.295 307.295 292.295 35.18 192.24
35280 294.944 306.944 291.944 29.34 192.22
35340 294.560 306.560 291.560 23.36 192.19
35400 294.146 306.146 291.146 17.28 192.16
35460 293.704 305.704 290.704 11.11 192.13
35520 293.234 305.234 290.234 4.90 192.10
35580 292.763 304.763 289.763 0.00 192.06
35640 292.384 304.384 289.384 0.00 192.03
35700 292.087 304.087 289.087 0.00 191.99
35760 291.865 303.865 288.865 0.00 191.95
35820 291.711 303.711 288.711 0.00 191.91
35880 291.619 303.619 288.619 0.00 191.87
35940 291.271 303.271 288.271 0.00 191.83
36000 290.953 302.953 287.953 0.00 191.79
36060 290.660 302.660 287.660 0.00 191.75
36120 290.392 302.392 287.392 0.00 191.71
36180 290.145 302.145 287.145 0.00 191.67
36240 289.918 301.918 286.918 0.00 191.63
36300 289.709 301.709 286.709 0.00 191.59
36360 289.518 301.518 286.518 0.00 191.56
36420 289.341 301.341 286.341 0.00 191.52
36480 289.179 301.179 286.179 0.00 191.49
36540 289.030 301.030 286.030 0.00 191.46
36600 288.892 300.892 285.892 0.00 191.43
36660 288.766 300.766 285.766 0.00 191.40
36720 288.650 300.650 285.650 0.00 191.38
36780 288.542 300.542 285.542 0.00 191.35
36840 288.444 300.444 285.444 0.00 191.33
36900 288.353 300.353 285.353 0.00 191.31
36960 288.269 300.269 285.269 0.00 191.29
37020 288.192 300.192 285.192 0.00 191.28
37080 288.121 300.121 285.121 0.00 191.26
37140 288.055 300.055 285.055 0.00 191.25
37200 287.995 299.995 284.995 0.00 191.24
37260 287.940 299.940 284.940 0.00 191.23
37320 287.889 299.889 284.889 0.00 191.22
37380 287.842 299.842 284.842 0.00 191.21
37440 287.798 299.798 284.798 0.00 191.20
37500 287.758 299.758 284.758 0.00 191.20
37560 287.722 299.722 284.722 0.00 191.20
37620 287.688 299.688 284.688 0.00 191.20
37680 287.657 299.657 284.657 0.00 191.20
37740 287.628 299.628 284.628 0.00 191.20
37800 287.602 299.602 284.602 0.00 191.21
37860 287.578 299.578 284.578 0.00 191.21
37920 287.556 299.556 284.556 0.00 191.22
37980 287.536 299.536 284.536 0.00 191.23
38040 287.783 299.783 284.783 0.00 191.24
38100 287.962 299.962 284.962 0.00 191.25
38160 288.077 300.077 285.077 0.00 191.26
38220 288.133 300.133 285.133 0.00 191.28
38280 288.134 300.134 285.134 0.00 191.30
38340 288.085 300.085 285.085 0.00 191.31
38400 288.067 300.067 285.067 4.24 191.34
38460 288.115 300.115 285.115 10.42 191.36
38520 288.224 300.224 285.224 16.56 191.38
38580 288.386 300.386 285.386 22.63 191.41
38640 288.598 300.598 285.598 28.59 191.44
38700 288.854 300.854 285.854 34.42 191.47
38760 289.149 301.149 286.149 40.10 191.50
38820 289.477 301.477 286.477 45.59 191.53
38880 289.833 301.833 286.833 50.88 191.57
38940 290.213 302.213 287.213 55.93 191.60
39000 290.613 302.613 287.613 60.73 191.64
39060 291.026 303.026 288.026 65.25 191.68
39120 291.450 303.450 288.450 69.48 191.72
39180 291.880 303.880 288.880 73.39 191.76
39240 292.311 304.311 289.311 76.96 191.80
39300 292.740 304.740 289.740 80.18 191.84
39360 293.163 305.163 290.163 83.04 191.88
39420 293.576 305.576 290.576 85.51 191.92
39480 293.976 305.976 290.976 87.59 191.96
39540 294.360 306.360 291.360 89.28 192.00
39600 294.725 306.725 291.725 90.55 192.04
39660 295.068 307.068 292.068 91.40 192.08
39720 295.385 307.385 292.385 91.84 192.11
39780 295.676 307.676 292.676 91.86 192.14
39840 295.938 307.938 292.938 91.45 192.17
39900 296.168 308.168 293.168 90.63 192.20
39960 296.366 308.366 293.366 89.39 192.23
40020 296.529 308.529 293.529 87.74 192.25
40080 296.657 308.657 293.657 85.68 192.27
40140 296.749 308.749 293.749 83.23 192.29
40200 296.802 308.802 293.802 80.40 192.30
40260 296.818 308.818 293.818 77.20 192.31
40320 296.796 308.796 293.796 73.65 192.32
40380 296.735 308.735 293.735 69.75 192.32
40440 296.636 308.636 293.636 65.54 192.32
40500 296.498 308.498 293.498 61.03 192.31
40560 296.323 308.323 293.323 56.23 192.31
40620 296.110 308.110 293.110 51.18 192.29
40680 295.860 307.860 292.860 45.89 192.28
40740 295.575 307.575 292.575 40.40 192.26
40800 295.256 307.256 292.256 34.71 192.24
40860 294.903 306.903 291.903 28.87 192.22
40920 294.518 306.518 291.518 22.90 192.19
40980 294.103 306.103 291.103 16.82 192.16
41040 293.659 305.659 290.659 10.67 192.13
41100 293.189 305.189 290.189 4.47 192.09
41160 292.726 304.726 289.726 0.00 192.06
41220 292.353 304.353 289.353 0.00 192.02
41280 292.062 304.062 289.062 0.00 191.98
41340 291.845 303.845 288.845 0.00 191.94
41400 291.696 303.696 288.696 0.00 191.90
41460 291.607 303.607 288.607 0.00 191.86
41520 291.261 303.261 288.261 0.00 191.82
41580 290.943 302.943 287.943 0.00 191.78
41640 290.651 302.651 287.651 0.00 191.74
41700 290.383 302.383 287.383 0.00 191.70
41760 290.137 302.137 287.137 0.00 191.66
41820 289.911 301.911 286.911 0.00 191.63
41880 289.703 301.703 286.703 0.00 191.59
41940 289.511 301.511 286.511 0.00 191.55
42000 289.336 301.336 286.336 0.00 191.52
42060 289.174 301.174 286.174 0.00 191.49
42120 289.025 301.025 286.025 0.00 191.46
42180 288.888 300.888 285.888 0.00 191.43
42240 288.762 300.762 285.762 0.00 191.40
42300 288.646 300.646 285.646 0.00 191.38
42360 288.539 300.539 285.539 0.00 191.35
42420 288.440 300.440 285.440 0.00 191.33
42480 288.350 300.350 285.350 0.00 191.31
42540 288.266 300.266 285.266 0.00 191.29
42600 288.189 300.189 285.189 0.00 191.27
42660 288.118 300.118 285.118 0.00 191.26
42720 288.053 300.053 285.053 0.00 191.25
42780 287.993 299.993 284.993 0.00 191.23
42840 287.938 299.938 284.938 0.00 191.22
42900 287.887 299.887 284.887 0.00 191.22
42960 287.840 299.840 284.840 0.00 191.21
43020 287.797 299.797 284.797 0.00 191.20
43080 287.757 299.757 284.757 0.00 191.20
43140 287.720 299.720 284.720 0.00 191.20
43200 287.687 299.687 284.687 0.00 191.20
43260 287.656 299.656 284.656 0.00 191.20
43320 287.627 299.627 284.627 0.00 191.20
43380 287.601 299.601 284.601 0.00 191.21
43440 287.577 299.577 284.577 0.00 191.21
43500 287.555 299.555 284.555 0.00 191.22
43560 287.535 299.535 284.535 0.00 191.23
43620 287.778 299.778 284.778 0.00 191.24
43680 287.954 299.954 284.954 0.00 191.25
43740 288.066 300.066 285.066 0.00 191.26
43800 288.120 300.120 285.120 0.00 191.28
43860 288.118 300.118 285.118 0.00 191.30
43920 288.066 300.066 285.066 0.00 191.32
43980 288.054 300.054 285.054 4.65 191.34
44040 288.108 300.108 285.108 10.82 191.36
44100 288.221 300.221 285.221 16.94 191.39
44160 288.388 300.388 285.388 22.98 191.41
44220 288.603 300.603 285.603 28.92 191.44
44280 288.862 300.862 285.862 34.73 191.47
44340 289.159 301.159 286.159 40.39 191.50
44400 289.488 301.488 286.488 45.85 191.54
44460 289.846 301.846 286.846 51.11 191.57
44520 290.228 302.228 287.228 56.14 191.61
44580 290.628 302.628 287.628 60.91 191.65
44640 291.042 303.042 288.042 65.41 191.69
44700 291.466 303.466 288.466 69.60 191.73
44760 291.895 303.895 288.895 73.48 191.77
44820 292.326 304.326 289.326 77.02 191.81
44880 292.754 304.754 289.754 80.21 191.85
44940 293.176 305.176 290.176 83.04 191.89
45000 293.588 305.588 290.588 85.48 191.93
45060 293.986 305.986 290.986 87.53 191.97
45120 294.369 306.369 291.369 89.18 192.01
45180 294.731 306.731 291.731 90.42 192.04
45240 295.072 307.072 292.072 91.25 192.08
45300 295.387 307.387 292.387 91.66 192.12
45360 295.676 307.676 292.676 91.65 192.15
45420 295.935 307.935 292.935 91.21 192.18
45480 296.163 308.163 293.163 90.36 192.21
45540 296.358 308.358 293.358 89.10 192.23
45600 296.519 308.519 293.519 87.42 192.25
45660 296.644 308.644 293.644 85.34 192.27
45720 296.733 308.733 293.733 82.87 192.29
45780 296.784 308.784 293.784 80.02 192.30
45840 296.798 308.798 293.798 76.81 192.31
45900 296.773 308.773 293.773 73.24 192.32
45960 296.710 308.710 293.710 69.33 192.32
46020 296.608 308.608 293.608 65.10 192.32
46080 296.468 308.468 293.468 60.58 192.31
46140 296.290 308.290 293.290 55.78 192.31
46200 296.076 308.076 293.076 50.72 192.29
46260 295.824 307.824 292.824 45.43 192.28
46320 295.538 307.538 292.538 39.93 192.26
46380 295.216 307.216 292.216 34.25 192.24
46440 294.862 306.862 291.862 28.41 192.21
46500 294.476 306.476 291.476 22.44 192.18
46560 294.060 306.060 291.060 16.37 192.15
46620 293.615 305.615 290.615 10.23 192.12
46680 293.144 305.144 290.144 4.04 192.09
46740 292.688 304.688 289.688 0.00 192.05
46800 292.322 304.322 289.322 0.00 192.02
46860 292.036 304.036 289.036 0.00 191.98
46920 291.825 303.825 288.825 0.00 191.94
46980 291.680 303.680 288.680 0.00 191.90
47040 291.595 303.595 288.595 0.00 191.86
47100 291.250 303.250 288.250 0.00 191.82
47160 290.933 302.933 287.933 0.00 191.78
47220 290.642 302.642 287.642 0.00 191.74
47280 290.374 302.374 287.374 0.00 191.70
47340 290.129 302.129 287.129 0.00 191.66
47400 289.903 301.903 286.903 0.00 191.62
47460 289.696 301.696 286.696 0.00 191.59
47520 289.505 301.505 286.505 0.00 191.55
47580 289.330 301.330 286.330 0.00 191.52
47640 289.169 301.169 286.169 0.00 191.48
47700 289.020 301.020 286.020 0.00 191.45
47760 288.883 300.883 285.883 0.00 191.43
47820 288.758 300.758 285.758 0.00 191.40
47880 288.642 300.642 285.642 0.00 191.37
47940 288.535 300.535 285.535 0.00 191.35
48000 288.437 300.437 285.437 0.00 191.33
48060 288.347 300.347 285.347 0.00 191.31
48120 288.263 300.263 285.263 0.00 191.29
48180 288.187 300.187 285.187 0.00 191.27
48240 288.116 300.116 285.116 0.00 191.26
48300 288.051 300.051 285.051 0.00 191.25
48360 287.991 299.991 284.991 0.00 191.23
48420 287.936 299.936 284.936 0.00 191.22
48480 287.885 299.885 284.885 0.00 191.22
48540 287.838 299.838 284.838 0.00 191.21
48600 287.795 299.795 284.795 0.00 191.20
48660 287.756 299.756 284.756 0.00 191.20
48720 287.719 299.719 284.719 0.00 191.20
48780 287.686 299.686 284.686 0.00 191.20
48840 287.655 299.655 284.655 0.00 191.20
48900 287.626 299.626 284.626 0.00 191.20
48960 287.600 299.600 284.600 0.00 191.21
49020 287.576 299.576 284.576 0.00 191.21
49080 287.554 299.554 284.554 0.00 191.22
49140 287.664 299.664 284.664 0.00 191.23
49200 287.894 299.894 284.894 0.00 191.24
49260 288.056 300.056 285.056 0.00 191.25
49320 288.157 300.157 285.157 0.00 191.27
49380 288.199 300.199 285.199 0.00 191.28
49440 288.188 300.188 285.188 0.00 191.30
49500 288.127 300.127 285.127 0.00 191.32
49560 288.114 300.114 285.114 5.05 191.34
49620 288.167 300.167 285.167 11.21 191.37
49680 288.279 300.279 285.279 17.31 191.39
49740 288.445 300.445 285.445 23.33 191.42
49800 288.659 300.659 285.659 29.25 191.45
49860 288.917 300.917 285.917 35.04 191.48
49920 289.212 301.212 286.212 40.67 191.51
49980 289.540 301.540 286.540 46.11 191.54
50040 289.897 301.897 286.897 51.35 191.58
50100 290.276 302.276 287.276 56.35 191.62
50160 290.674 302.674 287.674 61.09 191.65
50220 291.086 303.086 288.086 65.56 191.69
50280 291.508 303.508 288.508 69.72 191.73
50340 291.934 303.934 288.934 73.57 191.77
50400 292.362 304.362 289.362 77.08 191.81
50460 292.788 304.788 289.788 80.24 191.85
50520 293.207 305.207 290.207 83.03 191.89
50580 293.616 305.616 290.616 85.44 191.93
50640 294.011 306.011 291.011 87.47 191.97
50700 294.390 306.390 291.390 89.09 192.01
50760 294.750 306.750 291.750 90.30 192.05
50820 295.087 307.087 292.087 91.09 192.09
50880 295.400 307.400 292.400 91.47 192.12
50940 295.685 307.685 292.685 91.43 192.15
51000 295.941 307.941 292.941 90.97 192.18
51060 296.166 308.166 293.166 90.10 192.21
51120 296.357 308.357 293.357 88.80 192.24
51180 296.515 308.515 293.515 87.10 192.26
51240 296.637 308.637 293.637 85.01 192.28
51300 296.723 308.723 293.723 82.52 192.29
51360 296.771 308.771 293.771 79.65 192.31
51420 296.782 308.782 293.782 76.41 192.31
51480 296.754 308.754 293.754 72.83 192.32
51540 296.688 308.688 293.688 68.91 192.32
51600 296.584 308.584 293.584 64.67 192.32
51660 296.441 308.441 293.441 60.14 192.31
51720 296.261 308.261 293.261 55.33 192.30
51780 296.044 308.044 293.044 50.26 192.29
51840 295.791 307.791 292.791 44.97 192.28
51900 295.502 307.502 292.502 39.47 192.26
51960 295.179 307.179 292.179 33.79 192.23
52020 294.823 306.823 291.823 27.95 192.21
52080 294.436 306.436 291.436 21.99 192.18
52140 294.019 306.019 291.019 15.93 192.15
52200 293.573 305.573 290.573 9.79 192.12
52260 293.101 305.101 290.101 3.61 192.08
52320 292.652 304.652 289.652 0.00 192.05
52380 292.292 304.292 289.292 0.00 192.01
52440 292.012 304.012 289.012 0.00 191.97
52500 291.805 303.805 288.805 0.00 191.93
52560 291.665 303.665 288.665 0.00 191.89
52620 291.584 303.584 288.584 0.00 191.85
52680 291.239 303.239 288.239 0.00 191.81
52740 290.923 302.923 287.923 0.00 191.77
52800 290.633 302.633 287.633 0.00 191.73
52860 290.366 302.366 287.366 0.00 191.69
52920 290.122 302.122 287.122 0.00 191.65
52980 289.896 301.896 286.896 0.00 191.62
53040 289.690 301.690 286.690 0.00 191.58
53100 289.499 301.499 286.499 0.00 191.55
53160 289.324 301.324 286.324 0.00 191.51
53220 289.164 301.164 286.164 0.00 191.48
53280 289.015 301.015 286.015 0.00 191.45
53340 288.879 300.879 285.879 0.00 191.42
53400 288.754 300.754 285.754 0.00 191.39
53460 288.638 300.638 285.638 0.00 191.37
53520 288.532 300.532 285.532 0.00 191.35
53580 288.434 300.434 285.434 0.00 191.32
53640 288.344 300.344 285.344 0.00 191.31
53700 288.261 300.261 285.261 0.00 191.29
53760 288.184 300.184 285.184 0.00 191.27
53820 288.114 300.114 285.114 0.00 191.26
53880 288.049 300.049 285.049 0.00 191.24
53940 287.989 299.989 284.989 0.00 191.23
54000 287.934 299.934 284.934 0.00 191.22
54060 287.883 299.883 284.883 0.00 191.22
54120 287.837 299.837 284.837 0.00 191.21
54180 287.794 299.794 284.794 0.00 191.20
54240 287.754 299.754 284.754 0.00 191.20
54300 287.718 299.718 284.718 0.00 191.20
54360 287.684 299.684 284.684 0.00 191.20
54420 287.654 299.654 284.654 0.00 191.20
54480 287.625 299.625 284.625 0.00 191.20
54540 287.599 299.599 284.599 0.00 191.21
54600 287.576 299.576 284.576 0.00 191.21
54660 287.554 299.554 284.554 0.00 191.22
54720 287.827 299.827 284.827 0.00 191.23
54780 288.040 300.040 285.040 0.00 191.24
54840 288.187 300.187 285.187 0.00 191.25
54900 288.273 300.273 285.273 0.00 191.27
54960 288.303 300.303 285.303 0.00 191.29
55020 288.280 300.280 285.280 0.00 191.30
55080 288.208 300.208 285.208 0.00 191.32
55140 288.193 300.193 285.193 5.45 191.35
55200 288.243 300.243 285.243 11.59 191.37
55260 288.353 300.353 285.353 17.68 191.39
55320 288.517 300.517 285.517 23.68 191.42
55380 288.729 300.729 285.729 29.58 191.45
55440 288.984 300.984 285.984 35.35 191.48
55500 289.277 301.277 286.277 40.95 191.51
55560 289.602 301.602 286.602 46.37 191.55
55620 289.956 301.956 286.956 51.58 191.58
55680 290.333 302.333 287.333 56.55 191.62
55740 290.728 302.728 287.728 61.27 191.66
55800 291.137 303.137 288.137 65.70 191.70
55860 291.555 303.555 288.555 69.84 191.74
55920 291.979 303.979 288.979 73.66 191.78
55980 292.404 304.404 289.404 77.14 191.82
56040 292.826 304.826 289.826 80.27 191.86
56100 293.242 305.242 290.242 83.03 191.90
56160 293.648 305.648 290.648 85.41 191.94
56220 294.040 306.040 291.040 87.40 191.98
56280 294.416 306.416 291.416 88.99 192.02
56340 294.772 306.772 291.772 90.17 192.06
56400 295.105 307.105 292.105 90.93 192.09
56460 295.414 307.414 292.414 91.29 192.13
56520 295.696 307.696 292.696 91.22 192.16
56580 295.949 307.949 292.949 90.73 192.19
56640 296.170 308.170 293.170 89.83 192.21
56700 296.358 308.358 293.358 88.51 192.24
56760 296.513 308.513 293.513 86.79 192.26
56820 296.632 308.632 293.632 84.67 192.28
56880 296.714 308.714 293.714 82.16 192.29
56940 296.759 308.759 293.759 79.27 192.31
57000 296.767 308.767 293.767 76.02 192.32
57060 296.736 308.736 293.736 72.42 192.32
57120 296.667 308.667 293.667 68.48 192.32
57180 296.560 308.560 293.560 64.24 192.32
57240 296.415 308.415 293.415 59.69 192.31
57300 296.233 308.233 293.233 54.88 192.30
57360 296.013 308.013 293.013 49.81 192.29
57420 295.758 307.758 292.758 44.51 192.27
57480 295.467 307.467 292.467 39.01 192.25
57540 295.143 307.143 292.143 33.33 192.23
57600 294.785 306.785 291.785 27.50 192.21
57660 294.397 306.397 291.397 21.54 192.18
57720 293.978 305.978 290.978 15.49 192.15
57780 293.531 305.531 290.531 9.36 192.11
57840 293.058 305.058 290.058 3.19 192.08
57900 292.616 304.616 289.616 0.00 192.04
57960 292.262 304.262 289.262 0.00 192.01
58020 291.988 303.988 288.988 0.00 191.97
58080 291.786 303.786 288.786 0.00 191.93
58140 291.650 303.650 288.650 0.00 191.89
58200 291.573 303.573 288.573 0.00 191.85
58260 291.229 303.229 288.229 0.00 191.81
58320 290.914 302.914 287.914 0.00 191.77
58380 290.624 302.624 287.624 0.00 191.73
58440 290.358 302.358 287.358 0.00 191.69
58500 290.114 302.114 287.114 0.00 191.65
58560 289.890 301.890 286.890 0.00 191.61
58620 289.683 301.683 286.683 0.00 191.58
58680 289.494 301.494 286.494 0.00 191.54
58740 289.319 301.319 286.319 0.00 191.51
58800 289.159 301.159 286.159 0.00 191.48
58860 289.011 301.011 286.011 0.00 191.45
58920 288.875 300.875 285.875 0.00 191.42
58980 288.750 300.750 285.750 0.00 191.39
59040 288.635 300.635 285.635 0.00 191.37
59100 288.528 300.528 285.528 0.00 191.34
59160 288.431 300.431 285.431 0.00 191.32
59220 288.341 300.341 285.341 0.00 191.30
59280 288.258 300.258 285.258 0.00 191.29
59340 288.182 300.182 285.182 0.00 191.27
59400 288.112 300.112 285.112 0.00 191.26
59460 288.047 300.047 285.047 0.00 191.24
59520 287.987 299.987 284.987 0.00 191.23
59580 287.932 299.932 284.932 0.00 191.22
59640 287.882 299.882 284.882 0.00 191.21
59700 287.835 299.835 284.835 0.00 191.21
59760 287.792 299.792 284.792 0.00 191.20
59820 287.753 299.753 284.753 0.00 191.20
59880 287.717 299.717 284.717 0.00 191.20
59940 287.683 299.683 284.683 0.00 191.20
60000 287.653 299.653 284.653 0.00 191.20
60060 287.624 299.624 284.624 0.00 191.20
60120 287.599 299.599 284.599 0.00 191.21
60180 287.575 299.575 284.575 0.00 191.22
60240 287.553 299.553 284.553 0.00 191.22
60300 287.831 299.831 284.831 0.00 191.23
60360 288.039 300.039 285.039 0.00 191.24
60420 288.183 300.183 285.183 0.00 191.26
60480 288.266 300.266 285.266 0.00 191.27
60540 288.293 300.293 285.293 0.00 191.29
60600 288.267 300.267 285.267 0.00 191.31
60660 288.193 300.193 285.193 0.00 191.33
60720 288.183 300.183 285.183 5.85 191.35
60780 288.238 300.238 285.238 11.97 191.37
60840 288.352 300.352 285.352 18.04 191.40
60900 288.519 300.519 285.519 24.02 191.43
60960 288.735 300.735 285.735 29.90 191.46
61020 288.992 300.992 285.992 35.65 191.49
61080 289.287 301.287 286.287 41.23 191.52
61140 289.615 301.615 286.615 46.62 191.55
61200 289.970 301.970 286.970 51.80 191.59
61260 290.348 302.348 287.348 56.75 191.63
61320 290.743 302.743 287.743 61.44 191.66
61380 291.153 303.153 288.153 65.84 191.70
61440 291.571 303.571 288.571 69.95 191.74
61500 291.994 303.994 288.994 73.74 191.78
61560 292.419 304.419 289.419 77.19 191.82
61620 292.840 304.840 289.840 80.29 191.86
61680 293.255 305.255 290.255 83.02 191.91
61740 293.659 305.659 290.659 85.37 191.95
61800 294.049 306.049 291.049 87.32 191.99
61860 294.423 306.423 291.423 88.88 192.02
61920 294.777 306.777 291.777 90.04 192.06
61980 295.109 307.109 292.109 90.77 192.10
62040 295.416 307.416 292.416 91.10 192.13
62100 295.695 307.695 292.695 91.00 192.16
62160 295.945 307.945 292.945 90.49 192.19
62220 296.164 308.164 293.164 89.56 192.22
62280 296.350 308.350 293.350 88.22 192.24
62340 296.502 308.502 293.502 86.47 192.26
62400 296.618 308.618 293.618 84.33 192.28
62460 296.698 308.698 293.698 81.80 192.30
62520 296.741 308.741 293.741 78.89 192.31
62580 296.746 308.746 293.746 75.62 192.32
62640 296.713 308.713 293.713 72.01 192.32
62700 296.642 308.642 293.642 68.06 192.32
62760 296.532 308.532 293.532 63.80 192.32
62820 296.385 308.385 293.385 59.25 192.31
62880 296.201 308.201 293.201 54.43 192.30
62940 295.979 307.979 292.979 49.35 192.29
63000 295.722 307.722 292.722 44.05 192.27
63060 295.430 307.430 292.430 38.55 192.25
63120 295.104 307.104 292.104 32.88 192.23
63180 294.745 306.745 291.745 27.05 192.20
63240 294.355 306.355 291.355 21.10 192.17
63300 293.935 305.935 290.935 15.05 192.14
63360 293.488 305.488 290.488 8.93 192.11
63420 293.014 305.014 290.014 2.78 192.07
63480 292.579 304.579 289.579 0.00 192.04
63540 292.231 304.231 289.231 0.00 192.00
63600 291.963 303.963 288.963 0.00 191.96
63660 291.766 303.766 288.766 0.00 191.92
63720 291.634 303.634 288.634 0.00 191.88
63780 291.561 303.561 288.561 0.00 191.84
63840 291.218 303.218 288.218 0.00 191.80
63900 290.904 302.904 287.904 0.00 191.76
63960 290.615 302.615 287.615 0.00 191.72
64020 290.350 302.350 287.350 0.00 191.68
64080 290.106 302.106 287.106 0.00 191.64
64140 289.882 301.882 286.882 0.00 191.61
64200 289.677 301.677 286.677 0.00 191.57
64260 289.487 301.487 286.487 0.00 191.54
64320 289.313 301.313 286.313 0.00 191.50
64380 289.153 301.153 286.153 0.00 191.47
64440 289.006 301.006 286.006 0.00 191.44
64500 288.870 300.870 285.870 0.00 191.42
64560 288.746 300.746 285.746 0.00 191.39
64620 288.631 300.631 285.631 0.00 191.36
64680 288.525 300.525 285.525 0.00 191.34
64740 288.427 300.427 285.427 0.00 191.32
64800 288.338 300.338 285.338 0.00 191.30
64860 288.255 300.255 285.255 0.00 191.28
64920 288.179 300.179 285.179 0.00 191.27
64980 288.109 300.109 285.109 0.00 191.25
65040 288.045 300.045 285.045 0.00 191.24
65100 287.985 299.985 284.985 0.00 191.23
65160 287.930 299.930 284.930 0.00 191.22
65220 287.880 299.880 284.880 0.00 191.21
65280 287.834 299.834 284.834 0.00 191.21
65340 287.791 299.791 284.791 0.00 191.20
65400 287.752 299.752 284.752 0.00 191.20
65460 287.715 299.715 284.715 0.00 191.20
65520 287.682 299.682 284.682 0.00 191.20
65580 287.652 299.652 284.652 0.00 191.20
65640 287.623 299.623 284.623 0.00 191.20
65700 287.598 299.598 284.598 0.00 191.21
65760 287.574 299.574 284.574 0.00 191.22
65820 287.552 299.552 284.552 0.00 191.22
65880 287.826 299.826 284.826 0.00 191.23
65940 288.032 300.032 285.032 0.00 191.25
66000 288.172 300.172 285.172 0.00 191.26
66060 288.253 300.253 285.253 0.00 191.27
66120 288.277 300.277 285.277 0.00 191.29
66180 288.249 300.249 285.249 0.00 191.31
66240 288.175 300.175 285.175 0.10 191.33
66300 288.171 300.171 285.171 6.24 191.35
66360 288.231 300.231 285.231 12.34 191.38
66420 288.349 300.349 285.349 18.40 191.40
66480 288.520 300.520 285.520 24.36 191.43
66540 288.739 300.739 285.739 30.22 191.46
66600 288.999 300.999 285.999 35.94 191.49
66660 289.296 301.296 286.296 41.50 191.52
66720 289.626 301.626 286.626 46.87 191.56
66780 289.982 301.982 286.982 52.02 191.59
66840 290.361 302.361 287.361 56.94 191.63
66900 290.757 302.757 287.757 61.60 191.67
66960 291.167 303.167 288.167 65.98 191.71
67020 291.585 303.585 288.585 70.06 191.75
67080 292.009 304.009 289.009 73.82 191.79
67140 292.432 304.432 289.432 77.24 191.83
67200 292.853 304.853 289.853 80.30 191.87
67260 293.266 305.266 290.266 83.00 191.91
67320 293.669 305.669 290.669 85.32 191.95
67380 294.058 306.058 291.058 87.25 191.99
67440 294.430 306.430 291.430 88.78 192.03
67500 294.782 306.782 291.782 89.90 192.07
67560 295.112 307.112 292.112 90.61 192.10
67620 295.416 307.416 292.416 90.90 192.14
67680 295.693 307.693 292.693 90.78 192.17
67740 295.941 307.941 292.941 90.24 192.20
67800 296.157 308.157 293.157 89.29 192.22
67860 296.341 308.341 293.341 87.92 192.25
67920 296.490 308.490 293.490 86.15 192.27
67980 296.604 308.604 293.604 83.99 192.28
68040 296.681 308.681 293.681 81.44 192.30
68100 296.722 308.722 293.722 78.52 192.31
68160 296.724 308.724 293.724 75.23 192.32
68220 296.689 308.689 293.689 71.60 192.32
68280 296.616 308.616 293.616 67.64 192.32
68340 296.504 308.504 293.504 63.37 192.32
68400 296.355 308.355 293.355 58.81 192.31
68460 296.168 308.168 293.168 53.98 192.30
68520 295.945 307.945 292.945 48.90 192.29
68580 295.686 307.686 292.686 43.60 192.27
68640 295.392 307.392 292.392 38.10 192.25
68700 295.065 307.065 292.065 32.42 192.22
68760 294.705 306.705 291.705 26.60 192.20
68820 294.314 306.314 291.314 20.65 192.17
68880 293.893 305.893 290.893 14.61 192.14
68940 293.445 305.445 290.445 8.51 192.10
69000 292.970 304.970 289.970 2.37 192.07
69060 292.542 304.542 289.542 0.00 192.03
69120 292.201 304.201 289.201 0.00 192.00
69180 291.937 303.937 288.937 0.00 191.96
69240 291.746 303.746 288.746 0.00 191.92
69300 291.618 303.618 288.618 0.00 191.88
69360 291.548 303.548 288.548 0.00 191.84
69420 291.207 303.207 288.207 0.00 191.80
69480 290.893 302.893 287.893 0.00 191.76
69540 290.605 302.605 287.605 0.00 191.72
69600 290.341 302.341 287.341 0.00 191.68
69660 290.098 302.098 287.098 0.00 191.64
69720 289.875 301.875 286.875 0.00 191.60
69780 289.670 301.670 286.670 0.00 191.57
69840 289.481 301.481 286.481 0.00 191.53
69900 289.307 301.307 286.307 0.00 191.50
69960 289.148 301.148 286.148 0.00 191.47
70020 289.001 301.001 286.001 0.00 191.44
70080 288.866 300.866 285.866 0.00 191.41
70140 288.741 300.741 285.741 0.00 191.39
70200 288.627 300.627 285.627 0.00 191.36
70260 288.521 300.521 285.521 0.00 191.34
70320 288.424 300.424 285.424 0.00 191.32
70380 288.335 300.335 285.335 0.00 191.30
70440 288.252 300.252 285.252 0.00 191.28
70500 288.176 300.176 285.176 0.00 191.27
70560 288.107 300.107 285.107 0.00 191.25
70620 288.042 300.042 285.042 0.00 191.24
70680 287.983 299.983 284.983 0.00 191.23
70740 287.928 299.928 284.928 0.00 191.22
70800 287.878 299.878 284.878 0.00 191.21
70860 287.832 299.832 284.832 0.00 191.21
70920 287.789 299.789 284.789 0.00 191.20
70980 287.750 299.750 284.750 0.00 191.20
71040 287.714 299.714 284.714 0.00 191.20
71100 287.681 299.681 284.681 0.00 191.20
71160 287.651 299.651 284.651 0.00 191.20
71220 287.623 299.623 284.623 0.00 191.21
71280 287.597 299.597 284.597 0.00 191.21
71340 287.573 299.573 284.573 0.00 191.22
71400 287.551 299.551 284.551 0.00 191.23
71460 287.822 299.822 284.822 0.00 191.24
71520 288.024 300.024 285.024 0.00 191.25
71580 288.162 300.162 285.162 0.00 191.26
71640 288.239 300.239 285.239 0.00 191.28
71700 288.261 300.261 285.261 0.00 191.29
71760 288.231 300.231 285.231 0.00 191.31
71820 288.163 300.163 285.163 0.51 191.33
71880 288.164 300.164 285.164 6.63 191.35
71940 288.228 300.228 285.228 12.72 191.38
72000 288.350 300.350 285.350 18.75 191.41
72060 288.525 300.525 285.525 24.70 191.43
72120 288.746 300.746 285.746 30.53 191.46
72180 289.009 301.009 286.009 36.23 191.50
72240 289.308 301.308 286.308 41.77 191.53
72300 289.639 301.639 286.639 47.11 191.56
72360 289.997 301.997 286.997 52.24 191.60
72420 290.377 302.377 287.377 57.13 191.64
72480 290.773 302.773 287.773 61.76 191.67
72540 291.183 303.183 288.183 66.11 191.71
72600 291.601 303.601 288.601 70.16 191.75
72660 292.024 304.024 289.024 73.89 191.79
72720 292.447 304.447 289.447 77.28 191.84
72780 292.866 304.866 289.866 80.32 191.88
72840 293.278 305.278 290.278 82.99 191.92
72900 293.680 305.680 290.680 85.27 191.96
72960 294.067 306.067 291.067 87.17 192.00
73020 294.437 306.437 291.437 88.67 192.03
73080 294.787 306.787 291.787 89.76 192.07
73140 295.115 307.115 292.115 90.45 192.11
73200 295.417 307.417 292.417 90.71 192.14
73260 295.692 307.692 292.692 90.56 192.17
73320 295.937 307.937 292.937 89.99 192.20
73380 296.151 308.151 293.151 89.02 192.23
73440 296.332 308.332 293.332 87.63 192.25
73500 296.479 308.479 293.479 85.84 192.27
73560 296.590 308.590 293.590 83.65 192.29
73620 296.665 308.665 293.665 81.08 192.30
73680 296.703 308.703 293.703 78.14 192.31
73740 296.703 308.703 293.703 74.84 192.32
73800 296.666 308.666 293.666 71.20 192.32
73860 296.590 308.590 293.590 67.22 192.32
73920 296.476 308.476 293.476 62.94 192.32
73980 296.325 308.325 293.325 58.38 192.31
74040 296.136 308.136 293.136 53.54 192.30
74100 295.911 307.911 292.911 48.46 192.28
74160 295.651 307.651 292.651 43.15 192.27
74220 295.355 307.355 292.355 37.65 192.24
74280 295.026 307.026 292.026 31.98 192.22
74340 294.665 306.665 291.665 26.16 192.19
74400 294.272 306.272 291.272 20.22 192.17
74460 293.851 305.851 290.851 14.18 192.13
74520 293.402 305.402 290.402 8.09 192.10
74580 292.926 304.926 289.926 1.96 192.06
74640 292.505 304.505 289.505 0.00 192.03
74700 292.170 304.170 289.170 0.00 191.99
74760 291.912 303.912 288.912 0.00 191.95
74820 291.725 303.725 288.725 0.00 191.91
74880 291.602 303.602 288.602 0.00 191.87
74940 291.536 303.536 288.536 0.00 191.83
75000 291.196 303.196 288.196 0.00 191.79
75060 290.883 302.883 287.883 0.00 191.75
75120 290.596 302.596 287.596 0.00 191.71
75180 290.332 302.332 287.332 0.00 191.67
75240 290.090 302.090 287.090 0.00 191.64
75300 289.867 301.867 286.867 0.00 191.60
75360 289.663 301.663 286.663 0.00 191.56
75420 289.475 301.475 286.475 0.00 191.53
75480 289.302 301.302 286.302 0.00 191.50
75540 289.142 301.142 286.142 0.00 191.47
75600 288.996 300.996 285.996 0.00 191.44
75660 288.861 300.861 285.861 0.00 191.41
75720 288.737 300.737 285.737 0.00 191.38
75780 288.623 300.623 285.623 0.00 191.36
75840 288.518 300.518 285.518 0.00 191.34
75900 288.421 300.421 285.421 0.00 191.32
75960 288.332 300.332 285.332 0.00 191.30
76020 288.249 300.249 285.249 0.00 191.28
76080 288.174 300.174 285.174 0.00 191.27
76140 288.104 300.104 285.104 0.00 191.25
76200 288.040 300.040 285.040 0.00 191.24
76260 287.981 299.981 284.981 0.00 191.23
76320 287.927 299.927 284.927 0.00 191.22
76380 287.876 299.876 284.876 0.00 191.21
76440 287.830 299.830 284.830 0.00 191.21
76500 287.788 299.788 284.788 0.00 191.20
76560 287.749 299.749 284.749 0.00 191.20
76620 287.713 299.713 284.713 0.00 191.20
76680 287.680 299.680 284.680 0.00 191.20
76740 287.649 299.649 284.649 0.00 191.20
76800 287.622 299.622 284.622 0.00 191.21
76860 287.596 299.596 284.596 0.00 191.21
76920 287.572 299.572 284.572 0.00 191.22
76980 287.551 299.551 284.551 0.00 191.23
77040 287.818 299.818 284.818 0.00 191.24
77100 288.016 300.016 285.016 0.00 191.25
77160 288.151 300.151 285.151 0.00 191.26
77220 288.226 300.226 285.226 0.00 191.28
77280 288.245 300.245 285.245 0.00 191.30
77340 288.213 300.213 285.213 0.00 191.31
77400 288.151 300.151 285.151 0.90 191.34
77460 288.157 300.157 285.157 7.01 191.36
77520 288.225 300.225 285.225 13.08 191.38
77580 288.351 300.351 285.351 19.10 191.41
77640 288.529 300.529 285.529 25.03 191.44
77700 288.753 300.753 285.753 30.84 191.47
77760 289.019 301.019 286.019 36.52 191.50
77820 289.320 301.320 286.320 42.03 191.53
77880 289.653 301.653 286.653 47.35 191.57
77940 290.012 302.012 287.012 52.45 191.60
78000 290.392 302.392 287.392 57.32 191.64
78060 290.789 302.789 287.789 61.92 191.68
78120 291.199 303.199 288.199 66.24 191.72
78180 291.617 303.617 288.617 70.26 191.76
78240 292.039 304.039 289.039 73.96 191.80
78300 292.461 304.461 289.461 77.32 191.84
78360 292.879 304.879 289.879 80.33 191.88
78420 293.290 305.290 290.290 82.97 191.92
78480 293.690 305.690 290.690 85.22 191.96
78540 294.076 306.076 291.076 87.09 192.00
78600 294.444 306.444 291.444 88.56 192.04
78660 294.792 306.792 291.792 89.63 192.08
78720 295.118 307.118 292.118 90.28 192.11
78780 295.418 307.418 292.418 90.52 192.14
78840 295.690 307.690 292.690 90.34 192.18
78900 295.933 307.933 292.933 89.75 192.20
78960 296.145 308.145 293.145 88.74 192.23
79020 296.323 308.323 293.323 87.33 192.25
79080 296.467 308.467 293.467 85.52 192.27
79140 296.576 308.576 293.576 83.31 192.29
79200 296.649 308.649 293.649 80.73 192.30
79260 296.684 308.684 293.684 77.77 192.31
79320 296.682 308.682 293.682 74.45 192.32
79380 296.642 308.642 293.642 70.79 192.32
79440 296.564 308.564 293.564 66.81 192.32
79500 296.448 308.448 293.448 62.52 192.32
79560 296.295 308.295 293.295 57.94 192.31
79620 296.104 308.104 293.104 53.10 192.30
79680 295.877 307.877 292.877 48.01 192.28
79740 295.615 307.615 292.615 42.71 192.26
79800 295.318 307.318 292.318 37.20 192.24
79860 294.987 306.987 291.987 31.53 192.22
79920 294.625 306.625 291.625 25.72 192.19
79980 294.231 306.231 291.231 19.78 192.16
80040 293.809 305.809 290.809 13.76 192.13
80100 293.359 305.359 290.359 7.67 192.10
80160 292.883 304.883 289.883 1.55 192.06
80220 292.469 304.469 289.469 0.00 192.02
80280 292.140 304.140 289.140 0.00 191.99
80340 291.887 303.887 288.887 0.00 191.95
80400 291.705 303.705 288.705 0.00 191.91
80460 291.586 303.586 288.586 0.00 191.87
80520 291.524 303.524 288.524 0.00 191.83
80580 291.184 303.184 288.184 0.00 191.79
80640 290.873 302.873 287.873 0.00 191.75
80700 290.586 302.586 287.586 0.00 191.71
80760 290.323 302.323 287.323 0.00 191.67
80820 290.082 302.082 287.082 0.00 191.63
80880 289.860 301.860 286.860 0.00 191.59
80940 289.656 301.656 286.656 0.00 191.56
81000 289.468 301.468 286.468 0.00 191.53
81060 289.296 301.296 286.296 0.00 191.49
81120 289.137 301.137 286.137 0.00 191.46
81180 288.991 300.991 285.991 0.00 191.43
81240 288.856 300.856 285.856 0.00 191.41
81300 288.733 300.733 285.733 0.00 191.38
81360 288.619 300.619 285.619 0.00 191.36
81420 288.514 300.514 285.514 0.00 191.33
81480 288.417 300.417 285.417 0.00 191.31
81540 288.328 300.328 285.328 0.00 191.30
81600 288.247 300.247 285.247 0.00 191.28
81660 288.171 300.171 285.171 0.00 191.26
81720 288.102 300.102 285.102 0.00 191.25
81780 288.038 300.038 285.038 0.00 191.24
81840 287.979 299.979 284.979 0.00 191.23
81900 287.925 299.925 284.925 0.00 191.22
81960 287.875 299.875 284.875 0.00 191.21
82020 287.829 299.829 284.829 0.00 191.21
82080 287.786 299.786 284.786 0.00 191.20
82140 287.747 299.747 284.747 0.00 191.20
82200 287.712 299.712 284.712 0.00 191.20
82260 287.679 299.679 284.679 0.00 191.20
82320 287.648 299.648 284.648 0.00 191.20
82380 287.621 299.621 284.621 0.00 191.21
82440 287.595 299.595 284.595 0.00 191.21
82500 287.572 299.572 284.572 0.00 191.22
82560 287.550 299.550 284.550 0.00 191.23
82620 287.813 299.813 284.813 0.00 191.24
82680 288.009 300.009 285.009 0.00 191.25
82740 288.141 300.141 285.141 0.00 191.26
82800 288.213 300.213 285.213 0.00 191.28
82860 288.230 300.230 285.230 0.00 191.30
82920 288.196 300.196 285.196 0.00 191.32
82980 288.139 300.139 285.139 1.30 191.34
83040 288.150 300.150 285.150 7.39 191.36
83100 288.223 300.223 285.223 13.44 191.39
83160 288.353 300.353 285.353 19.44 191.41
83220 288.534 300.534 285.534 25.35 191.44
83280 288.761 300.761 285.761 31.15 191.47
83340 289.029 301.029 286.029 36.80 191.50
83400 289.332 301.332 286.332 42.29 191.54
83460 289.666 301.666 286.666 47.58 191.57
83520 290.026 302.026 287.026 52.66 191.61
83580 290.407 302.407 287.407 57.50 191.65
83640 290.805 302.805 287.805 62.08 191.69
83700 291.215 303.215 288.215 66.37 191.73
83760 291.632 303.632 288.632 70.36 191.77
83820 292.054 304.054 289.054 74.03 191.81
83880 292.475 304.475 289.475 77.36 191.85
83940 292.892 304.892 289.892 80.33 191.89
84000 293.302 305.302 290.302 82.94 191.93
84060 293.700 305.700 290.700 85.17 191.97
84120 294.084 306.084 291.084 87.01 192.01
84180 294.451 306.451 291.451 88.45 192.05
84240 294.797 306.797 291.797 89.49 192.08
84300 295.120 307.120 292.120 90.11 192.12
84360 295.418 307.418 292.418 90.32 192.15
84420 295.688 307.688 292.688 90.12 192.18
84480 295.929 307.929 292.929 89.50 192.21
84540 296.138 308.138 293.138 88.47 192.23
84600 296.314 308.314 293.314 87.04 192.26
84660 296.456 308.456 293.456 85.20 192.28
84720 296.562 308.562 293.562 82.98 192.29
84780 296.632 308.632 293.632 80.37 192.30
84840 296.665 308.665 293.665 77.39 192.31
84900 296.661 308.661 293.661 74.06 192.32
84960 296.618 308.618 293.618 70.39 192.32
85020 296.538 308.538 293.538 66.39 192.32
85080 296.420 308.420 293.420 62.09 192.32
85140 296.265 308.265 293.265 57.51 192.31
85200 296.072 308.072 293.072 52.66 192.29
85260 295.844 307.844 292.844 47.57 192.28
85320 295.579 307.579 292.579 42.26 192.26
85380 295.281 307.281 292.281 36.76 192.24
85440 294.949 306.949 291.949 31.09 192.21
85500 294.585 306.585 291.585 25.28 192.19
85560 294.190 306.190 291.190 19.35 192.16
85620 293.767 305.767 290.767 13.34 192.13
85680 293.316 305.316 290.316 7.26 192.09
85740 292.840 304.840 289.840 1.15 192.06
85800 292.433 304.433 289.433 0.00 192.02
85860 292.109 304.109 289.109 0.00 191.98
85920 291.862 303.862 288.862 0.00 191.94
85980 291.685 303.685 288.685 0.00 191.90
86040 291.570 303.570 288.570 0.00 191.86
86100 291.512 303.512 288.512 0.00 191.82
86160 291.173 303.173 288.173 0.00 191.78
86220 290.862 302.862 287.862 0.00 191.74
86280 290.577 302.577 287.577 0.00 191.70
86340 290.315 302.315 287.315 0.00 191.66
86400 290.074 302.074 287.074 0.00 191.63
