case,Qd_kW,loop,Tout_mean_C,Tout_min_C,Tout_max_C,Tin_mean_C,drift_C,wall_s
hot75,35.0,A,-27.318889886212126,-28.803795769503523,-25.355159296868663,-19.970536615143264,-3.2394556580984357,1855.8
hot75,35.0,B,-24.45153539318601,-25.984238077459935,-22.694640823119272,-17.681142491751775,-2.6152778544809827,1855.8
hot75,60.0,A,-11.956013631571532,-13.25605832278336,-10.15185432143602,0.6411634045465378,0.2995822338103107,877.9
hot75,60.0,B,-9.352444101565759,-10.747385633931742,-7.751101542798381,2.2539437294643747,0.7152304725804441,877.9
hot75,85.0,A,0.7230823647639778,-0.444895313253312,2.4083097133455453,18.569083165931275,2.631629458401977,950.5
hot75,85.0,B,3.2055757427147715,1.9151722404829457,4.696218437357345,19.647958503340778,2.9328454109130324,950.5
hot75,110.0,A,11.544137518649809,10.480955679143847,13.123125649538338,34.63896208486627,4.268262989394566,889.9
hot75,110.0,B,13.986492082624796,12.78476417828017,15.378241797725764,35.26486977284672,4.501871832072204,889.9
hot75,135.0,A,20.999836669588895,20.02272965891143,22.4856029517602,49.34348500085458,5.473033413007437,844.6
hot75,135.0,B,23.451483373452398,22.32568413633237,24.762741369037826,49.565855993270205,5.664206465522309,844.6
