t_s,Tout_A_C,Tout_B_C
0.000000000000000000e+00,2.776548159704532281e+00,2.776548159739661514e+00
1.200000000000000000e+02,-6.334968054365390344e+00,-5.662815356537009848e+00
2.400000000000000000e+02,-5.028142731836965140e+00,-4.068696012932946360e+00
3.600000000000000000e+02,-3.518910597747833435e+00,-2.351645193511842535e+00
4.800000000000000000e+02,-2.044708368212639016e+00,-7.184310947016570026e-01
6.000000000000000000e+02,-6.908281299594705160e-01,7.724025301114920694e-01
7.200000000000000000e+02,4.987960166906191262e-01,2.093907197322948832e+00
8.400000000000000000e+02,1.516714932254330961e+00,3.237075100858589849e+00
9.600000000000000000e+02,2.325868974481807072e+00,4.204811537548607703e+00
1.080000000000000000e+03,2.962156286687275042e+00,5.006622276205405342e+00
1.200000000000000000e+03,3.456495255116976750e+00,5.654612782632625567e+00
1.320000000000000000e+03,3.813985916380204344e+00,6.168481589934515341e+00
1.440000000000000000e+03,4.067069279321117392e+00,6.572499620697101363e+00
1.560000000000000000e+03,4.281999764088425309e+00,6.891954435224022291e+00
1.680000000000000000e+03,4.483925975507702333e+00,7.148236137960111591e+00
1.800000000000000000e+03,4.676940859458341038e+00,7.352311489315866311e+00
1.920000000000000000e+03,4.846590302940796846e+00,7.510955232431001605e+00
2.040000000000000000e+03,5.010182075172963323e+00,7.630540707912871312e+00
2.160000000000000000e+03,5.166374347295516145e+00,7.716955638657850614e+00
2.280000000000000000e+03,5.308543711124855236e+00,7.776301316674391728e+00
2.400000000000000000e+03,5.437287021261738573e+00,7.814133279959435185e+00
2.520000000000000000e+03,5.520492483024611374e+00,7.835530572631171253e+00
2.640000000000000000e+03,5.570463243763981609e+00,7.845774711528179068e+00
2.760000000000000000e+03,5.601142803262291636e+00,7.850006132228941169e+00
2.880000000000000000e+03,5.626890080294458585e+00,7.853026396089830996e+00
3.000000000000000000e+03,5.656040627110598962e+00,7.859016652303523642e+00
3.120000000000000000e+03,5.710285426231507699e+00,7.871535885940261323e+00
3.240000000000000000e+03,5.780386366571974577e+00,7.893059549723886903e+00
3.360000000000000000e+03,5.845018032075415704e+00,7.924873439285534005e+00
3.480000000000000000e+03,5.883086445715321133e+00,7.967720648408317174e+00
3.600000000000000000e+03,5.911617500815793846e+00,8.021671450255894342e+00
3.720000000000000000e+03,5.905817965018570703e+00,8.086098392364704068e+00
3.840000000000000000e+03,5.906365956146942153e+00,8.159508631040012006e+00
3.960000000000000000e+03,5.899211820422294750e+00,8.239098323689518111e+00
4.080000000000000000e+03,5.888269739988629681e+00,8.327171661334830333e+00
4.200000000000000000e+03,5.865162241238124352e+00,8.430754341552642472e+00
4.320000000000000000e+03,5.891562109935307490e+00,8.559351742323599410e+00
4.440000000000000000e+03,5.993526908519413610e+00,8.719506142190823539e+00
4.560000000000000000e+03,6.163938668684920685e+00,8.907768809240508290e+00
4.680000000000000000e+03,6.364275106691309247e+00,9.116200298877288333e+00
4.800000000000000000e+03,6.596613057105855660e+00,9.336966158097368407e+00
4.920000000000000000e+03,6.864366763917132630e+00,9.562895762798518717e+00
5.040000000000000000e+03,7.144158034919712463e+00,9.787562512616602817e+00
5.160000000000000000e+03,7.448709181811523194e+00,1.000550896314769034e+01
5.280000000000000000e+03,7.709732945760720213e+00,1.021107908213065230e+01
5.400000000000000000e+03,7.930671850717430971e+00,1.040040837541488372e+01
5.520000000000000000e+03,8.115361650877673583e+00,1.057049639750943015e+01
5.640000000000000000e+03,8.276643162582388413e+00,1.071916258344464268e+01
5.760000000000000000e+03,8.415765304255558021e+00,1.084450317870681602e+01
5.880000000000000000e+03,8.553422676308059636e+00,1.094503169409500742e+01
6.000000000000000000e+03,8.674949074058645238e+00,1.101880380232057632e+01
6.120000000000000000e+03,8.758291679509397909e+00,1.106355795509341533e+01
6.240000000000000000e+03,8.784073550542018438e+00,1.107723873786983404e+01
6.360000000000000000e+03,8.744391680549711054e+00,1.105793318667099356e+01
6.480000000000000000e+03,8.625388262375167869e+00,1.100430306756351229e+01
6.600000000000000000e+03,8.478941036847061241e+00,1.091533726034793972e+01
6.720000000000000000e+03,8.280490195438062528e+00,1.078939580334684933e+01
6.840000000000000000e+03,8.028247949833200892e+00,1.062967733380094160e+01
6.960000000000000000e+03,7.708117976590699527e+00,1.044623673196639402e+01
7.080000000000000000e+03,7.415623085176036966e+00,1.025348065008449794e+01
7.200000000000000000e+03,7.190729421194248516e+00,1.006406072511407501e+01
7.320000000000000000e+03,7.039004211756832774e+00,9.882008138298942868e+00
7.440000000000000000e+03,6.892616389444469860e+00,9.706311675696895236e+00
7.560000000000000000e+03,6.768619660059812304e+00,9.536158868794530008e+00
7.680000000000000000e+03,6.681444195319272694e+00,9.371578300528938144e+00
7.800000000000000000e+03,6.612777231059851601e+00,9.213175737619963002e+00
7.920000000000000000e+03,6.577999655056942174e+00,9.062070355275295697e+00
8.040000000000000000e+03,6.523187714893538214e+00,8.919250820347485842e+00
8.160000000000000000e+03,6.446168967052983589e+00,8.786418536920677980e+00
8.280000000000000000e+03,6.363389228683047349e+00,8.665741122773056304e+00
8.400000000000000000e+03,6.286142515341055059e+00,8.559471251894763100e+00
8.520000000000000000e+03,6.223097712883259192e+00,8.469256534669170833e+00
8.640000000000000000e+03,6.192420168857267981e+00,8.397670335710586187e+00
8.760000000000000000e+03,6.192759146999719633e+00,8.345591075776667367e+00
8.880000000000000000e+03,6.197391725502484405e+00,8.313030539472208602e+00
9.000000000000000000e+03,6.197640660467698126e+00,8.299590874148691455e+00
9.120000000000000000e+03,6.183267998365579388e+00,8.304343623493764426e+00
9.240000000000000000e+03,6.138097071076288103e+00,8.325933207048024087e+00
9.360000000000000000e+03,6.112931057501214127e+00,8.362478805989553621e+00
9.480000000000000000e+03,6.091967963243462236e+00,8.410714711964715207e+00
9.600000000000000000e+03,6.043964349445161588e+00,8.469348596341546909e+00
9.720000000000000000e+03,5.957998761793874110e+00,8.544188422500781144e+00
9.840000000000000000e+03,5.937011546668429673e+00,8.645071159384769999e+00
9.960000000000000000e+03,6.005181444759216447e+00,8.779443209436863071e+00
1.008000000000000000e+04,6.161943129090275306e+00,8.945943021703214981e+00
1.020000000000000000e+04,6.329875020335236968e+00,9.136629849632186051e+00
1.032000000000000000e+04,6.549105882119249600e+00,9.343593162097761251e+00
1.044000000000000000e+04,6.814147214791432816e+00,9.559349376605212001e+00
1.056000000000000000e+04,7.102340145164646401e+00,9.776942407676074254e+00
1.068000000000000000e+04,7.407823630167001738e+00,9.990378213822282305e+00
1.080000000000000000e+04,7.681005866361431345e+00,1.019378454192582240e+01
1.092000000000000000e+04,7.906794864444293580e+00,1.038270089759686243e+01
1.104000000000000000e+04,8.094621946530253354e+00,1.055429281255408114e+01
