group,component,note,IGOAL_cx,IGOAL_cy,IGOAL_cz,IGOAL_sx,IGOAL_sy,IGOAL_sz,C_cx,C_cy,C_cz,C_sx,C_sy,C_sz,VTAD_cx,VTAD_cy,VTAD_cz,VTAD_sx,VTAD_sy,VTAD_sz,dC_center_m,dVTAD_center_m
truss,P6 truss segment,main structure mesh; PVR panels excluded,-0.598,-42.096,0.086,4.071,13.412,4.623,-0.786,-42.219,-0.175,4.122,13.610,5.464,-5.277,-41.546,2.466,15.627,13.244,9.707,0.344,5.278
truss,P5 truss segment,main structure mesh,-1.191,-33.955,0.004,4.057,3.656,4.949,-0.974,-33.696,0.007,4.389,3.492,4.834,-0.175,-33.455,-0.628,4.207,3.404,4.092,0.337,1.297
truss,P4 truss segment,main structure mesh; PVR panels excluded,0.000,-29.839,0.059,3.372,7.753,4.564,-0.036,-29.449,-0.001,3.548,9.057,5.097,-5.272,-32.649,2.596,15.627,15.951,9.459,0.397,6.491
truss,P3 truss segment,main structure mesh,-0.011,-23.193,0.017,3.490,5.747,4.510,0.000,-23.122,0.000,3.372,5.551,5.006,0.051,-22.854,0.094,3.364,5.450,5.089,0.074,0.353
truss,P1 truss segment,main structure mesh,0.780,-13.448,0.001,1.905,13.816,4.947,0.722,-13.589,-0.000,1.989,13.949,4.883,0.839,-13.221,0.091,1.807,13.811,4.940,0.152,0.251
truss,S0 truss segment,main structure mesh,2.166,0.000,0.866,9.822,13.418,6.201,2.697,-0.026,0.752,9.095,13.241,6.484,2.698,0.014,0.833,9.007,13.084,6.442,0.544,0.534
truss,S1 truss segment,main structure mesh,0.780,13.459,-0.068,1.905,13.816,5.085,0.742,13.289,-0.006,1.983,13.950,4.883,0.839,13.234,0.091,1.807,13.811,4.940,0.184,0.281
truss,S3 truss segment,main structure mesh,-0.086,23.190,-0.002,3.646,5.747,4.941,0.000,23.122,0.000,3.372,5.551,5.006,0.051,22.860,0.094,3.364,5.450,5.089,0.110,0.370
truss,S4 truss segment,main structure mesh; PVR panels excluded,0.369,29.768,-0.000,4.124,7.916,4.952,0.036,29.449,-0.001,3.548,9.057,5.097,-4.969,32.662,3.050,15.620,15.951,9.614,0.461,6.795
truss,S5 truss segment,main structure mesh,1.189,33.958,0.005,4.057,3.656,4.949,-0.273,33.722,0.007,4.390,3.492,4.834,0.214,33.468,0.824,4.207,3.404,4.092,1.481,1.365
truss,S6 truss segment,main structure mesh; PVR panels excluded,0.240,42.065,0.090,3.029,13.324,4.605,0.874,42.227,-0.181,3.941,13.610,5.464,-4.966,41.559,3.241,15.620,13.244,9.246,0.708,6.107
truss,Z1 truss segment,main structure mesh,-4.746,-1.218,-1.252,3.575,7.733,8.359,-4.267,-1.125,-0.854,4.598,8.062,8.922,-4.390,-1.304,-0.914,4.553,7.682,8.233,0.630,0.498
PVR,P6 PVR (photovoltaic radiator) panels,panel region only (Z > 3.8 m),-0.352,-44.548,9.611,0.400,3.425,11.166,-0.053,-44.528,8.825,0.526,3.405,12.542,,,,,,,0.841,
PVR,P4 PVR (photovoltaic radiator) panels,panel region only (Z > 3.8 m),-0.353,-29.464,9.604,0.401,3.416,11.164,-0.030,-29.501,8.819,0.526,3.405,12.542,,,,,,,0.850,
PVR,S4 PVR (photovoltaic radiator) panels,panel region only (Z > 3.8 m),0.353,29.464,9.605,0.400,3.416,11.164,0.030,29.501,8.819,0.526,3.405,12.542,,,,,,,0.850,
PVR,S6 PVR (photovoltaic radiator) panels,panel region only (Z > 3.8 m),0.352,44.531,9.582,0.400,3.425,11.212,0.050,44.536,8.819,0.526,3.405,12.542,,,,,,,0.821,
solar array wing,P6 SAW 4B (aft),"legacy wing only, iROSA excluded; pose = model state",-19.037,-48.722,-0.666,35.348,1.860,11.397,-19.841,-48.471,-0.545,36.099,11.686,1.270,,,,,,,0.851,
solar array wing,P6 SAW 2B (fwd),"legacy wing only, iROSA excluded; pose = model state",18.333,-48.701,0.657,35.348,1.816,11.397,19.169,-48.473,0.777,36.099,11.684,1.270,,,,,,,0.875,
solar array wing,P4 SAW 2A (aft),"legacy wing only, iROSA excluded; pose = model state",-19.038,-33.712,-0.659,35.349,1.860,11.397,-19.831,-33.414,-0.548,36.099,11.684,1.270,,,,,,,0.854,
solar array wing,P4 SAW 4A (fwd),"legacy wing only, iROSA excluded; pose = model state",18.331,-33.690,0.661,35.345,1.815,11.397,19.141,-33.417,0.775,36.099,11.684,1.270,,,,,,,0.862,
solar array wing,S4 SAW 3A (aft),"legacy wing only, iROSA excluded; pose = model state",-18.302,33.647,0.658,35.288,1.860,11.396,-19.144,33.515,0.794,36.099,11.684,1.270,,,,,,,0.863,
solar array wing,S4 SAW 1A (fwd),"legacy wing only, iROSA excluded; pose = model state",19.036,33.647,-0.660,35.346,1.860,11.397,19.836,33.418,-0.545,36.099,11.684,1.270,,,,,,,0.840,
solar array wing,S6 SAW 1B (aft),"legacy wing only, iROSA excluded; pose = model state",-18.333,48.722,0.662,35.349,1.860,11.397,-19.145,48.471,0.773,36.099,11.684,1.270,,,,,,,0.857,
solar array wing,S6 SAW 3B (fwd),"legacy wing only, iROSA excluded; pose = model state",19.036,48.701,-0.657,35.345,1.815,11.397,19.807,48.472,-0.567,36.099,11.684,1.270,,,,,,,0.809,
HRS radiator ORU,P1 HRS radiator ORU inboard,IGOAL: ORUs side by side along Y; model C stacks them along Z (see notes),-12.257,-10.791,0.021,21.985,3.800,0.679,-12.972,-14.673,-3.918,22.366,0.304,3.462,,,,,,,5.576,
HRS radiator ORU,P1 HRS radiator ORU middle,IGOAL: ORUs side by side along Y; model C stacks them along Z (see notes),-12.304,-14.676,0.004,21.929,3.445,0.645,-13.006,-14.673,-0.005,22.315,0.304,3.073,,,,,,,0.702,
HRS radiator ORU,P1 HRS radiator ORU outboard,IGOAL: ORUs side by side along Y; model C stacks them along Z (see notes),-12.256,-18.567,0.012,21.984,3.791,0.663,-12.972,-14.673,3.908,22.366,0.304,3.462,,,,,,,5.555,
HRS radiator wing,P1 HRS radiator wing (3 ORUs + beam),whole radiator node,-11.684,-14.677,0.012,23.168,11.572,4.194,-12.210,-14.768,-0.005,24.152,4.223,11.613,-12.038,-14.693,0.076,23.953,4.185,11.534,0.534,0.360
HRS radiator ORU,S1 HRS radiator ORU inboard,IGOAL: ORUs side by side along Y; model C stacks them along Z (see notes),-12.257,10.791,-0.007,21.985,3.800,0.704,-12.960,14.689,-3.911,22.366,0.304,3.462,,,,,,,5.562,
HRS radiator ORU,S1 HRS radiator ORU middle,IGOAL: ORUs side by side along Y; model C stacks them along Z (see notes),-12.304,14.676,-0.004,21.929,3.445,0.645,-12.993,14.689,0.002,22.315,0.304,3.073,,,,,,,0.689,
HRS radiator ORU,S1 HRS radiator ORU outboard,IGOAL: ORUs side by side along Y; model C stacks them along Z (see notes),-12.256,18.567,-0.011,21.984,3.791,0.662,-12.960,14.689,3.914,22.366,0.304,3.462,,,,,,,5.563,
HRS radiator wing,S1 HRS radiator wing (3 ORUs + beam),whole radiator node,-11.684,14.677,-0.035,23.168,11.572,4.238,-12.197,14.784,0.002,24.152,4.223,11.613,-12.038,14.523,0.090,23.953,4.185,11.534,0.525,0.405
module,Destiny US Lab,,2.120,0.005,4.849,9.072,4.450,4.434,2.133,0.422,4.863,9.107,5.870,6.058,2.086,0.423,4.860,9.017,5.860,6.004,0.417,0.419
module,Unity Node 1,,-5.023,0.007,4.853,5.853,4.447,4.447,-5.063,0.054,4.892,5.927,5.301,4.538,-5.145,0.006,4.887,5.866,4.439,4.439,0.073,0.127
module,Harmony Node 2,,9.769,0.140,5.042,7.154,4.751,4.850,9.848,-0.015,4.892,7.039,4.600,4.600,9.838,0.006,4.887,6.963,4.566,4.566,0.230,0.216
module,Tranquility Node 3,,-4.299,-5.510,4.757,4.760,7.047,4.673,-4.445,-5.588,4.877,4.452,7.039,4.453,-4.550,-5.615,4.888,4.566,6.963,4.566,0.204,0.301
module,Columbus,,10.855,5.325,4.851,4.762,6.714,4.490,10.955,6.384,4.678,5.117,9.028,5.795,10.983,6.400,4.475,5.049,8.728,5.702,1.078,1.146
module,Kibo JEM PM,,10.957,-7.665,4.973,5.218,11.417,4.724,10.929,-7.336,4.801,5.702,10.659,5.110,10.983,-7.493,4.857,5.560,10.934,5.065,0.372,0.209
module,Kibo JEM ELM-PS,,11.093,-9.948,0.920,4.745,5.253,4.126,10.771,-9.951,0.915,4.726,4.953,4.129,10.833,-9.864,0.997,4.717,5.052,3.734,0.322,0.284
module,Kibo JEM EF,,11.962,-15.911,7.150,4.966,5.640,3.513,11.929,-16.239,7.255,7.605,8.093,3.300,11.979,-16.486,7.116,7.351,7.202,3.268,0.347,0.577
module,Cupola,,-4.543,-6.688,7.509,2.586,2.483,1.539,-4.475,-6.658,7.867,3.841,3.533,2.213,-4.646,-6.814,7.744,2.678,2.470,1.514,0.366,0.285
module,Quest airlock,,-4.668,4.762,5.041,5.332,5.632,6.473,-4.474,4.940,4.721,5.072,5.654,4.706,-4.679,4.863,5.062,5.300,5.527,6.377,0.415,0.103
module,PMA-1,,-8.847,0.001,4.702,2.758,2.587,2.832,-8.973,-0.005,4.402,2.571,2.480,3.693,-9.061,0.006,4.401,2.541,2.469,3.655,0.325,0.370
module,PMA-2,,14.276,0.097,5.099,2.758,2.803,3.068,14.357,-0.037,4.981,2.571,2.596,3.140,14.302,0.006,4.984,2.541,2.469,3.062,0.195,0.149
module,PMA-3,position differs by epoch,11.211,0.094,1.642,3.076,2.796,2.758,-4.438,-10.107,5.010,2.596,2.571,3.138,-4.550,-10.079,4.984,2.469,2.541,3.062,18.982,19.054
module,Leonardo PMM,"Node1 nadir 2011-2015 (C, VTAD); Node3 fwd 2015+ (IGOAL)",0.784,-6.638,4.855,6.443,4.484,4.484,-4.452,0.205,10.219,4.927,4.731,6.512,-4.550,0.084,10.120,5.049,4.721,6.267,10.149,10.068
module,Zarya FGB body,body only |Y| < 2.6 m,-16.189,0.002,4.071,12.747,4.607,4.338,-16.459,0.009,4.137,13.170,4.089,7.120,-16.364,0.006,4.188,12.812,4.050,7.051,0.278,0.210
module,Zvezda SM body,body only |Y| < 2.6 m,-29.151,-0.000,4.264,13.163,4.197,4.452,-29.403,0.103,2.961,14.207,4.816,7.211,-29.296,0.139,3.005,14.054,4.706,7.133,1.330,1.275
module,Poisk MRM-2,,-23.690,-0.011,0.989,2.534,2.546,4.042,-23.946,0.304,1.115,3.881,3.309,4.482,-23.704,-0.346,1.291,3.748,4.049,4.602,0.425,0.451
module,Rassvet MRM-1,,-11.141,0.315,8.242,4.962,3.172,6.002,-11.194,-0.209,7.717,4.997,4.255,7.569,-11.251,-0.201,8.141,4.974,4.213,6.660,0.744,0.537
module,Pirs DC-1,2001-2021 only; present in VTAD only,,,,,,,,,,,,,-23.704,0.359,7.078,3.748,4.049,4.602,,
module,BEAM,2016+ only; IGOAL only,-8.426,-6.649,4.850,4.194,3.426,3.426,,,,,,,,,,,,,,
carrier,ELC-1,,-0.854,-24.417,4.629,4.959,2.171,5.088,0.000,-24.170,4.809,5.275,3.475,5.494,0.008,-23.791,4.864,5.249,3.494,5.441,0.907,1.091
carrier,ELC-2,,-0.865,24.693,-4.624,4.959,2.165,5.080,-0.001,25.108,-4.833,5.297,3.456,5.557,0.048,24.676,-4.679,5.249,3.441,5.446,0.981,0.915
carrier,ELC-3,,-0.863,-24.043,-4.627,4.959,1.790,5.079,0.000,-24.887,-4.838,5.273,3.305,5.517,-0.018,-24.809,-4.677,5.249,3.276,5.442,1.225,1.141
carrier,ELC-4,,-0.858,21.147,4.632,4.959,2.158,5.095,0.000,21.013,4.881,5.282,2.314,5.517,0.048,20.981,4.805,5.249,2.173,5.322,0.904,0.938
carrier,ESP-2,,-0.479,5.208,5.599,3.057,4.902,1.288,-0.424,5.281,5.798,3.426,4.967,1.822,-0.542,5.262,5.805,3.365,4.973,1.805,0.219,0.222
carrier,ESP-3,,-0.870,24.262,3.632,4.903,1.276,3.443,-0.005,24.692,3.740,4.970,2.350,3.489,0.036,24.419,3.747,5.123,2.322,3.341,0.972,0.927
carrier,AMS-02,2011+,-0.864,21.319,-3.726,4.917,3.214,3.945,-0.574,21.047,-3.355,3.901,2.619,3.125,-0.175,20.834,-3.343,4.086,2.617,3.095,0.543,0.925
