wing,part,Xmin,Xmax,Ymin,Ymax,Zmin,Zmax,BGA_axis_Y,BGA_axis_Z
P4_Array_2A,blanket +Z,-36.647,-2.479,-33.784,-32.902,-0.058,5.040,-33.435,-0.660
P4_Array_2A,blanket -Z,-36.649,-1.482,-33.844,-32.899,-6.357,-1.261,-33.435,-0.660
P4_Array_2A,mast band,-36.651,-1.468,-34.598,-32.902,-1.259,-0.061,-33.435,-0.660
P4_Array_2A,whole wing,-36.651,-1.468,-34.598,-32.899,-6.357,5.040,-33.435,-0.660
P4_Array_4A,blanket +Z,0.777,35.944,-33.844,-32.890,1.261,6.359,-33.435,0.661
P4_Array_4A,blanket -Z,1.776,35.944,-33.783,-32.901,-5.038,0.060,-33.435,0.661
P4_Array_4A,mast band,0.763,35.946,-34.597,-32.903,0.064,1.259,-33.435,0.661
P4_Array_4A,whole wing,0.763,35.946,-34.597,-32.890,-5.038,6.359,-33.435,0.661
P6_2B_Array,blanket +Z,0.776,35.942,-48.856,-47.913,1.257,6.355,-48.447,0.655
P6_2B_Array,blanket -Z,1.777,35.944,-48.770,-47.911,-5.042,0.052,-48.447,0.655
P6_2B_Array,mast band,0.763,35.946,-49.609,-47.913,0.059,1.255,-48.447,0.655
P6_2B_Array,whole wing,0.763,35.946,-49.609,-47.911,-5.042,6.355,-48.447,0.655
P6_4B_Array,blanket +Z,-36.649,-2.481,-48.769,-47.912,-0.063,5.033,-48.445,-0.664
P6_4B_Array,blanket -Z,-36.647,-1.480,-48.854,-47.909,-6.364,-1.266,-48.445,-0.664
P6_4B_Array,mast band,-36.651,-1.467,-49.608,-47.912,-1.264,-0.065,-48.445,-0.664
P6_4B_Array,whole wing,-36.651,-1.467,-49.608,-47.909,-6.364,5.033,-48.445,-0.664
S4_Array_1A,blanket +Z,2.481,36.649,32.836,33.719,-0.060,5.038,33.371,-0.661
S4_Array_1A,blanket -Z,1.482,36.649,32.836,33.780,-6.359,-1.261,33.371,-0.661
S4_Array_1A,mast band,1.468,36.651,32.838,34.533,-1.259,-0.064,33.371,-0.661
S4_Array_1A,whole wing,1.468,36.651,32.836,34.533,-6.359,5.038,33.371,-0.661
S4_Array_3A,blanket +Z,-35.944,-0.777,32.835,33.780,1.263,6.357,33.371,0.661
S4_Array_3A,blanket -Z,-35.942,-1.774,32.837,33.720,-5.040,0.058,33.371,0.661
S4_Array_3A,mast band,-35.946,-0.659,32.837,34.577,0.061,1.260,33.371,0.661
S4_Array_3A,whole wing,-35.946,-0.659,32.835,34.577,-5.040,6.357,33.371,0.661
S6_1B_Array,blanket +Z,-35.944,-0.777,47.909,48.854,1.264,6.361,48.445,0.664
S6_1B_Array,blanket -Z,-35.942,-1.774,47.912,48.794,-5.036,0.062,48.445,0.664
S6_1B_Array,mast band,-35.946,-0.763,47.912,49.608,0.064,1.262,48.445,0.664
S6_1B_Array,whole wing,-35.946,-0.763,47.909,49.608,-5.036,6.361,48.445,0.664
S6_3B_Array,blanket +Z,2.481,36.649,47.912,48.795,-0.057,5.041,48.447,-0.657
S6_3B_Array,blanket -Z,1.482,36.649,47.912,48.856,-6.356,-1.257,48.447,-0.657
S6_3B_Array,mast band,1.468,36.651,47.914,49.609,-1.255,-0.060,48.447,-0.657
S6_3B_Array,whole wing,1.468,36.651,47.912,49.609,-6.356,5.041,48.447,-0.657
