time_s,u1_V,analytic_u1_V,voltage_V,heat_W,stored_energy_J
0,0,0,3.8770097750337,0.04448418742986,0
0.1,0.00010766015051254,0.00010766015051254,3.8768950969753,0.044485222060012,5.3571001425868e-06
0.2,0.00021428567087346,0.00021428567087346,3.8767814535472,0.044488286274218,2.1222965190179e-05
0.3,0.00031988650403329,0.00031988650403329,3.8766688348062,0.044493321555913,4.7294608516143e-05
0.4,0.0004244724973893,0.00042447249738931,3.876557230905,0.044500270697104,8.3275819005501e-05
0.5,0.00052805340370384,0.00052805340370384,3.8764466320908,0.044509077771519,0.00012887702203537
0.6,0.00063063888201372,0.00063063888201373,3.8763370287047,0.044519688108292,0.00018381514320508
0.7,0.00073223849853098,0.00073223849853099,3.8762284111803,0.044532048266161,0.00024781347476246
0.8,0.00083286172753493,0.00083286172753493,3.8761207700435,0.044546106008186,0.00032060154467393
0.9,0.00093251795225562,0.00093251795225562,3.876014095911,0.044561810276961,0.00040191498828694
1,0.0010312164657489,0.0010312164657489,3.8759083794896,0.044579111170318,0.00049149542253423
1.1,0.0011289664717629,0.0011289664717629,3.8758036115758,0.044597959917513,0.00058909032263072
1.2,0.0012257770855963,0.0012257770855963,3.8756997830541,0.044618308855885,0.00069445290121414
1.3,0.0013216573349487,0.0013216573349487,3.8755968848969,0.044640111407978,0.00080734198988222
1.4,0.0014166161607617,0.0014166161607617,3.8754949081633,0.044663322059113,0.00092752192307953
1.5,0.0015106624180536,0.0015106624180536,3.8753938439982,0.044687896335411,0.0010547624242883
1.6,0.0016038048767442,0.0016038048767442,3.8752936836317,0.044713790782245,0.0011888384944782
1.7,0.0016960522224733,0.0016960522224733,3.8751944183781,0.04474096294313,0.0013295303027718
1.8,0.0017874130574104,0.0017874130574104,3.8750960396353,0.044769371339018,0.0014766230792811
1.9,0.0018778959010569,0.0018778959010569,3.8749985388838,0.04479897544802,0.0016299070100746
2,0.0019675091910402,0.0019675091910403,3.874901907686,0.044829735685522,0.0017891771342316
2.1,0.0020562612839014,0.0020562612839014,3.8748061376853,0.044861613384695,0.0019542332429449
2.2,0.0021441604558734,0.0021441604558735,3.8747112206055,0.0448945707774,0.0021248797806304
2.3,0.0022312149036538,0.0022312149036538,3.8746171482499,0.044928570975468,0.0023009257480048
2.4,0.0023174327451682,0.0023174327451682,3.8745239125006,0.044963577952353,0.0024821846070942
2.5,0.002402822020328,0.002402822020328,3.8744315053176,0.044999556525153,0.0026684741881345
2.6,0.00248739069178,0.00248739069178,3.8743399187383,0.045036472336987,0.0028596165983268
2.7,0.0025711466456484,0.0025711466456484,3.8742491448766,0.045074291839724,0.0030554381324129
2.8,0.0026540976922709,0.0026540976922709,3.8741591759222,0.045112982277056,0.0032557691850338
2.9,0.0027362515669264,0.0027362515669264,3.8740700041397,0.045152511667911,0.0034604441648375
3,0.0028176159305568,0.0028176159305568,3.8739816218682,0.045192848790196,0.0036693014103012
3.1,0.0028981983704812,0.0028981983704812,3.8738940215205,0.04523396316486,0.0038821831072348
3.2,0.0029780064011034,0.0029780064011034,3.873807195582,0.045275825040286,0.0040989352079335
3.3,0.0030570474646126,0.0030570474646126,3.8737211366107,0.045318405376982,0.004319407351945
3.4,0.0031353289316774,0.0031353289316774,3.8736358372358,0.045361675832591,0.0045434527884233
3.5,0.0032128581021334,0.0032128581021334,3.8735512901575,0.045405608747192,0.0047709283000345
3.6,0.0032896422056635,0.0032896422056636,3.8734674881461,0.045450177128895,0.0050016941283865
3.7,0.0033656884024724,0.0033656884024724,3.8733844240415,0.045495354639734,0.0052356139009526
3.8,0.0034410037839539,0.0034410037839539,3.8733020907522,0.045541115581832,0.0054725545594585
3.9,0.0035155953733527,0.0035155953733527,3.8732204812549,0.045587434883847,0.0057123862897055
4,0.0035894701264191,0.0035894701264191,3.873139588594,0.045634288087694,0.0059549824528008
4.1,0.0036626349320573,0.0036626349320573,3.8730594058806,0.045681651335525,0.0062002195177685
4.2,0.0037350966129684,0.0037350966129684,3.8729799262918,0.045729501356981,0.0064479769955126
4.3,0.0038068619262862,0.0038068619262862,3.8729011430707,0.045777815456689,0.0066981373741073
4.4,0.0038779375642074,0.0038779375642074,3.8728230495249,0.045826571502019,0.0069505860553869
4.5,0.0039483301546158,0.0039483301546158,3.8727456390267,0.045875747911083,0.0072052112928117
4.6,0.0040180462617001,0.0040180462617001,3.8726689050118,0.045925323640973,0.0074619041305833
4.7,0.0040870923865663,0.0040870923865663,3.8725928409791,0.045975278176246,0.0077205583439854
4.8,0.0041554749678437,0.0041554749678438,3.87251744049,0.046025591517625,0.0079810703809263
4.9,0.0042232003822855,0.0042232003822856,3.8724426971677,0.046076244170946,0.0082433393046592
5,0.0042902749453633,0.0042902749453633,3.8723686046968,0.046127217136311,0.0085072667376574
5.1,0.004356704911856,0.004356704911856,3.8722951568225,0.046178491897468,0.0087727568066218
5.2,0.0044224964764333,0.0044224964764333,3.8722223473501,0.04623005041141,0.0090397160885977
5.3,0.004487655774233,0.004487655774233,3.8721501701444,0.046281875098172,0.0093080535581809
5.4,0.0045521888814335,0.0045521888814335,3.8720786191294,0.046333948830844,0.0095776805357891
5.5,0.0046161018158201,0.0046161018158201,3.8720076882872,0.046386254925784,0.0098485106369808
5.6,0.0046794005373463,0.0046794005373463,3.8719373716578,0.046438777133024,0.010120459722798
5.7,0.0047420909486896,0.0047420909486896,3.8718676633386,0.046491499626876,0.010393445851115
5.8,0.0048041788958019,0.0048041788958019,3.8717985574837,0.046544406996726,0.010667389228972
5.9,0.0048656701684544,0.0048656701684545,3.8717300483032,0.046597484238015,0.010942212165876
6,0.0049265705007782,0.0049265705007782,3.8716621300631,0.046650716743402,0.011217839028044
6.1,0.004986885571798,0.004986885571798,3.8715947970842,0.046704090294106,0.011494196193585
6.2,0.0050466210059627,0.0050466210059627,3.8715280437422,0.046757591051426,0.011771212008579
6.3,0.005105782373669,0.005105782373669,3.8714618644667,0.046811205548433,0.012048816744056
6.4,0.0051643751917815,0.0051643751917815,3.8713962537407,0.046864920681826,0.012326942553853
6.5,0.0052224049241469,0.0052224049241469,3.8713312061005,0.046918723703963,0.012605523433315
6.6,0.0052798769821034,0.0052798769821034,3.8712667161348,0.046972602215042,0.012884495178852
6.7,0.0053367967249856,0.0053367967249856,3.871202778484,0.047026544155455,0.013163795348312
6.8,0.0053931694606238,0.0053931694606238,3.8711393878406,0.047080537798286,0.01344336322216
6.9,0.0054490004458396,0.0054490004458396,3.8710765389475,0.047134571741969,0.013723139765452
7,0.0055042948869356,0.0055042948869356,3.8710142265986,0.047188634903092,0.014003067590589
7.1,0.005559057940181,0.005559057940181,3.8709524456375,0.047242716509354,0.01428309092082
7.2,0.0056132947122925,0.0056132947122925,3.8708911909576,0.047296806092655,0.014563155554505
7.3,0.0056670102609106,0.0056670102609106,3.8708304575011,0.04735089348234,0.014843208830101
7.4,0.005720209595071,0.005720209595071,3.8707702402591,0.047404968798571,0.015123199591861
7.5,0.0057728976756718,0.0057728976756719,3.8707105342707,0.047459022445843,0.015403078156248
7.6,0.0058250794159364,0.0058250794159364,3.8706513346226,0.047513045106626,0.015682796279025
7.7,0.0058767596818709,0.005876759681871,3.8705926364489,0.04756702773514,0.015962307123027
7.8,0.0059279432927189,0.0059279432927189,3.8705344349302,0.047620961551262,0.016241565226593
7.9,0.0059786350214099,0.0059786350214099,3.8704767252937,0.047674838034549,0.016520526472646
8,0.006028839595005,0.006028839595005,3.8704195028122,0.047728648918395,0.016799148058408
8.1,0.0060785616951376,0.0060785616951377,3.8703627628043,0.047782386184297,0.017077388465742
8.2,0.0061278059584499,0.0061278059584499,3.8703065006331,0.04783604205625,0.017355207432099
8.3,0.0061765769770252,0.0061765769770252,3.8702507117067,0.047889608995245,0.017632565922068
8.4,0.0062248792988161,0.0062248792988162,3.8701953914771,0.047943079693896,0.017909426099512
8.5,0.006272717428069,0.006272717428069,3.87014053544,0.047996447071164,0.01818575130028
8.6,0.0063200958257435,0.0063200958257435,3.8700861391345,0.048049704267194,0.018461506005475
8.7,0.0063670189099288,0.0063670189099289,3.8700321981425,0.048102844638267,0.018736655815292
8.8,0.0064134910562558,0.0064134910562558,3.8699787080883,0.048155861751842,0.019011167423377
8.9,0.0064595165983047,0.0064595165983047,3.8699256646384,0.048208749381716,0.019285008591731
9,0.0065050998280093,0.0065050998280094,3.8698730635009,0.048261501503268,0.019558148126131
9.1,0.0065502449960576,0.0065502449960577,3.869820900425,0.048314112288819,0.019830555852056
9.2,0.0065949563122876,0.0065949563122876,3.869769171201,0.048366576103074,0.02010220259112
9.3,0.0066392379460801,0.0066392379460801,3.8697178716594,0.048418887498667,0.020373060137993
9.4,0.0066830940267476,0.0066830940267476,3.8696669976709,0.048471041211795,0.020643101237796
9.5,0.0067265286439193,0.0067265286439193,3.8696165451458,0.048523032157945,0.020912299563976
9.6,0.0067695458479225,0.0067695458479225,3.869566510034,0.048574855427709,0.021180629696637
9.7,0.0068121496501602,0.0068121496501602,3.8695168883239,0.048626506282685,0.02144806710132
9.8,0.0068543440234851,0.0068543440234851,3.8694676760428,0.048677980151468,0.021714588108237
9.9,0.0068961329025704,0.0068961329025704,3.8694188692559,0.04872927262572,0.021980169891924
10,0.0069375201842764,0.0069375201842764,3.9138546514962,0.0042961920264615,0.022244790451336
10.1,0.0068708495775014,0.0068708495775014,3.913921322103,0.0042140147050609,0.021819293340604
10.2,0.0068048196852309,0.0068048196852309,3.9139873519952,0.0041334092668794,0.021401935114868
10.3,0.0067394243501028,0.0067394243501028,3.9140527473304,0.0040543456450225,0.020992560093989
10.4,0.0066746574739279,0.0066746574739279,3.9141175142065,0.0039767943477136,0.020591015575672
10.5,0.0066105130171217,0.0066105130171218,3.9141816586634,0.0039007264472931,0.020197151778499
10.6,0.006546984998141,0.0065469849981411,3.9142451866823,0.0038261135694281,0.019810821786064
10.7,0.0064840674929261,0.0064840674929261,3.9143081041875,0.0037529278825282,0.019431881492172
10.8,0.0064217546343483,0.0064217546343483,3.9143704170461,0.0036811420873644,0.019060189547081
10.9,0.006360040611663,0.006360040611663,3.9144321310688,0.0036107294068857,0.018695607304779
11,0.0062989196699676,0.0062989196699677,3.9144932520105,0.0035416635762308,0.018337998771268
11.1,0.0062383861096653,0.0062383861096653,3.9145537855708,0.0034739188329316,0.017987230553835
11.2,0.0061784342859328,0.0061784342859328,3.9146137373945,0.0034074699073027,0.017643171811296
11.3,0.0061190586081947,0.0061190586081948,3.9146731130723,0.0033422920130162,0.01730569420519
11.4,0.006060253539602,0.006060253539602,3.9147319181409,0.0032783608378553,0.016974671851906
11.5,0.0060020135965152,0.0060020135965152,3.914790158084,0.0032156525346463,0.016649981275727
11.6,0.0059443333479937,0.0059443333479937,3.9148478383325,0.0031541437123626,0.016331501362776
11.7,0.0058872074152891,0.0058872074152892,3.9149049642652,0.0030938114273999,0.016019113315832
11.8,0.0058306304713435,0.0058306304713435,3.9149615412091,0.0030346331750182,0.015712700610022
11.9,0.0057745972402926,0.0057745972402927,3.9150175744402,0.0029765868809465,0.015412148949354
12,0.0057191024969744,0.0057191024969744,3.9150730691835,0.0029196508931494,0.015117346224083
12.1,0.005664141066441,0.0056641410664411,3.915128030614,0.0028638039737505,0.014828182468895
12.2,0.005609707823477,0.005609707823477,3.915182463857,0.0028090252911102,0.014544549821884
12.3,0.0055557976921206,0.0055557976921206,3.9152363739884,0.0027552944120554,0.014266342484321
12.4,0.0055024056451911,0.0055024056451912,3.9152897660353,0.0027025912942576,0.01399345668119
12.5,0.0054495267038197,0.0054495267038198,3.9153426449767,0.0026508962787567,0.013725790622477
12.6,0.0053971559369853,0.0053971559369853,3.9153950157435,0.0026001900826283,0.013463244465203
12.7,0.0053452884610543,0.0053452884610544,3.9154468832194,0.0025504537917905,0.013205720276177
12.8,0.0052939194393261,0.0052939194393261,3.9154982522411,0.0025016688539492,0.012953121995473
12.9,0.0052430440815812,0.0052430440815812,3.9155491275989,0.0024538170716772,0.012705355400589
13,0.0051926576436347,0.0051926576436347,3.9155995140368,0.0024068805956269,0.012462328071309
13.1,0.0051427554268944,0.0051427554268944,3.9156494162536,0.0023608419178719,0.012223949355226
13.2,0.005093332777922,0.005093332777922,3.9156988389026,0.0023156838653765,0.011990130333924
13.3,0.0050443850879995,0.0050443850879995,3.9157477865925,0.00227138959359,0.011760783789818
13.4,0.0049959077926994,0.0049959077926994,3.9157962638878,0.002227942580163,0.011535824173612
13.5,0.0049478963714589,0.0049478963714589,3.915844275309,0.002185326618785,0.011315167572395
13.6,0.0049003463471588,0.0049003463471588,3.9158918253333,0.0021435258131387,0.011098731678335
13.7,0.0048532532857053,0.0048532532857053,3.9159389183948,0.0021025245709708,0.010886435757982
13.8,0.0048066127956172,0.0048066127956172,3.9159855588849,0.0020623075982756,0.01067820062215
13.9,0.0047604205276159,0.0047604205276159,3.9160317511529,0.0020228598935905,0.010473948596379
14,0.0047146721742202,0.0047146721742202,3.9160774995063,0.0019841667423998,0.010273603491962
14.1,0.0046693634693442,0.0046693634693442,3.9161228082111,0.0019462137116465,0.010077090577525
14.2,0.0046244901878999,0.0046244901878999,3.9161676814926,0.001908986644348,0.0098843365511516
14.3,0.0045800481454031,0.0045800481454031,3.9162121235351,0.0018724716543159,0.0096952695130413
14.4,0.0045360331975828,0.0045360331975828,3.9162561384829,0.001836655120976,0.0095098189386881
14.5,0.0044924412399955,0.0044924412399955,3.9162997304405,0.0018015236842877,0.009327915652575
14.6,0.0044492682076416,0.0044492682076416,3.9163429034728,0.0017670642397604,0.0091494918023704
14.7,0.004406510074587,0.004406510074587,3.9163856616059,0.0017332639335655,0.0089744808336184
14.8,0.0043641628535873,0.0043641628535873,3.9164280088269,0.0017001101577419,0.0088028174649129
14.9,0.0043222225957164,0.0043222225957164,3.9164699490848,0.0016675905454925,0.008634437663547
15,0.0042806853899975,0.0042806853899975,3.9165114862905,0.001635692966572,0.0084692786216279
15.1,0.0042395473630392,0.0042395473630393,3.9165526243174,0.0016044055227616,0.0083072787326485
15.2,0.004198804678674,0.004198804678674,3.9165933670018,0.0015737165434309,0.0081483775685076
15.3,0.0041584535376004,0.0041584535376004,3.9166337181429,0.0015436145811847,0.0079925158569694
15.4,0.0041184901770287,0.0041184901770287,3.9166736815034,0.0015140884075929,0.0078396354595541
15.5,0.0040789108703304,0.0040789108703304,3.9167132608101,0.0014851270090024,0.0076896793498515
15.6,0.0040397119266902,0.0040397119266902,3.9167524597538,0.0014567195824284,0.0075425915922494
15.7,0.0040008896907622,0.0040008896907623,3.9167912819897,0.0014288555315251,0.0073983173210687
15.8,0.0039624405423291,0.0039624405423291,3.9168297311381,0.0014015244626329,0.0072568027200982
15.9,0.0039243608959642,0.0039243608959642,3.9168678107845,0.0013747161809017,0.0071179950025201
16,0.0038866472006972,0.0038866472006972,3.9169055244798,0.0013484206864879,0.0069818423912198
16.1,0.0038492959396835,0.0038492959396835,3.9169428757408,0.0013226281708242,0.0068482940994726
16.2,0.0038123036298756,0.0038123036298756,3.9169798680506,0.0012973290129612,0.0067173003119994
16.3,0.0037756668216987,0.0037756668216987,3.9170165048588,0.0012725137759783,0.0065888121663849
16.4,0.0037393820987291,0.0037393820987291,3.9170527895817,0.001248173203464,0.0064627817348515
16.5,0.0037034460773751,0.0037034460773751,3.9170887256031,0.0012242982160629,0.0063391620063813
16.6,0.0036678554065621,0.0036678554065621,3.9171243162739,0.0012008799080888,0.0062179068691806
16.7,0.0036326067674197,0.0036326067674197,3.9171595649131,0.0011779095442031,0.0060989710934796
16.8,0.0035976968729724,0.0035976968729724,3.9171944748075,0.0011553785561563,0.0059823103146608
16.9,0.0035631224678331,0.0035631224678331,3.9172290492126,0.0011332785395919,0.0058678810167108
17,0.0035288803278992,0.0035288803278992,3.9172632913526,0.0011116012509114,0.0057556405159881
17.1,0.0034949672600524,0.0034949672600524,3.9172972044204,0.0010903386041994,0.0056455469453015
17.2,0.0034613801018609,0.0034613801018609,3.9173307915786,0.0010694826682075,0.0055375592382928
17.3,0.0034281157212839,0.0034281157212839,3.9173640559592,0.0010490256633957,0.0054316371141193
17.4,0.0033951710163804,0.0033951710163804,3.9173970006641,0.0010289599590307,0.0053277410624276
17.5,0.0033625429150194,0.0033625429150194,3.9174296287655,0.0010092780703393,0.0052258323286164
17.6,0.0033302283745933,0.0033302283745933,3.9174619433059,0.00098997265571678,0.0051258728993801
17.7,0.0032982243817348,0.0032982243817348,3.9174939472987,0.00097103651398811,0.0050278254885296
17.8,0.0032665279520352,0.0032665279520352,3.9175256437284,0.00095246258172199,0.0049316535230839
17.9,0.0032351361297666,0.0032351361297666,3.9175570355507,0.00093424393059603,0.0048373211296278
18,0.0032040459876059,0.0032040459876059,3.9175881256929,0.0009163737648124,0.004744793120931
18.1,0.0031732546263624,0.0031732546263624,3.9176189170541,0.00089884541856291,0.0046540349828225
18.2,0.0031427591747065,0.0031427591747065,3.9176494125058,0.00088165235354259,0.0045650128613164
18.3,0.0031125567889029,0.0031125567889029,3.9176796148916,0.00086478815651079,0.004477693549984
18.4,0.003082644652545,0.003082644652545,3.9177095270279,0.00084824653689898,0.0043920444775673
18.5,0.0030530199762921,0.0030530199762922,3.9177391517042,0.00083202132446425,0.0043080336958295
18.6,0.0030236799976097,0.0030236799976097,3.9177684916829,0.00081610646698778,0.0042256298676378
18.7,0.0029946219805115,0.0029946219805115,3.9177975497,0.00080049602801725,0.0041448022552745
18.8,0.0029658432153044,0.0029658432153044,3.9178263284652,0.00078518418465244,0.0040655207089712
18.9,0.0029373410183361,0.0029373410183361,3.9178548306621,0.00077016522537328,0.0039877556556626
19,0.0029091127317444,0.0029091127317444,3.9178830589487,0.00075543354790932,0.0039114780879551
19.1,0.0028811557232095,0.0028811557232095,3.9179110159573,0.00074098365715001,0.0038366595533073
19.2,0.0028534673857089,0.0028534673857089,3.9179387042948,0.000726810163095,0.0037632721434162
19.3,0.0028260451372736,0.0028260451372736,3.9179661265432,0.00071290777884355,0.0036912884838073
19.4,0.002798886420748,0.002798886420748,3.9179932852597,0.00069927131862245,0.0036206817236234
19.5,0.0027719887035509,0.0027719887035509,3.9180201829769,0.0006858956958517,0.0035514255256092
19.6,0.0027453494774398,0.0027453494774398,3.918046822203,0.00067277592124708,0.0034834940562869
19.7,0.0027189662582767,0.0027189662582767,3.9180732054222,0.00065990710095916,0.0034168619763199
19.8,0.0026928365857965,0.0026928365857965,3.9180993350947,0.00064728443474777,0.0033515044310612
19.9,0.0026669580233776,0.0026669580233776,3.9181252136571,0.00063490321419146,0.0032873970412819
20,0.0026413281578148,0.0026413281578148,3.9181508435227,0.0006227588209312,0.0032245158940778
20.1,0.0026159445990942,0.0026159445990942,3.9181762270814,0.00061084672494771,0.0031628375339494
20.2,0.00259080498017,0.00259080498017,3.9182013667003,0.00059916248287162,0.0031023389540525
20.3,0.0025659069567444,0.0025659069567444,3.9182262647237,0.0005877017363261,0.0030429975876167
20.4,0.0025412482070485,0.0025412482070485,3.9182509234734,0.00057646021030112,0.0029847912995274
20.5,0.0025168264316259,0.0025168264316259,3.9182753452488,0.00056543371155879,0.0029276983780695
20.6,0.0024926393531185,0.0024926393531185,3.9182995323274,0.00055461812706924,0.002871697526828
20.7,0.0024686847160538,0.0024686847160538,3.9183234869644,0.00054400942247642,0.0028167678567448
20.8,0.0024449602866346,0.0024449602866346,3.9183472113938,0.00053360364059319,0.0027628888783265
20.9,0.0024214638525313,0.0024214638525313,3.9183707078279,0.0005233968999253,0.0027100404940015
21,0.0023981932226745,0.0023981932226745,3.9183939784578,0.00051338539322347,0.0026582029906235
21.1,0.0023751462270518,0.0023751462270518,3.9184170254534,0.0005035653860633,0.0026073570321181
21.2,0.0023523207165047,0.0023523207165047,3.918439850964,0.00049393321545224,0.0025574836522703
21.3,0.0023297145625285,0.0023297145625285,3.9184624571179,0.00048448528846325,0.0025085642476499
21.4,0.0023073256570737,0.0023073256570737,3.9184848460234,0.00047521808089462,0.0024605805706719
21.5,0.0022851519123496,0.0022851519123496,3.9185070197681,0.00046612813595535,0.0024135147227902
21.6,0.0022631912606293,0.0022631912606293,3.9185289804198,0.00045721206297576,0.0023673491478209
21.7,0.0022414416540572,0.0022414416540572,3.9185507300264,0.0004484665361427,0.0023220666253941
21.8,0.0022199010644578,0.0022199010644578,3.918572270616,0.00043988829325899,0.0022776502645301
21.9,0.0021985674831468,0.0021985674831468,3.9185936041973,0.00043147413452659,0.0022340834973386
22,0.0021774389207436,0.0021774389207436,3.9186147327597,0.00042322092135301,0.0021913500728395
22.1,0.0021565134069857,0.0021565134069857,3.9186356582735,0.00041512557518056,0.0021494340509001
22.2,0.0021357889905454,0.0021357889905454,3.9186563826899,0.00040718507633807,0.0021083197962899
22.3,0.0021152637388473,0.0021152637388473,3.9186769079416,0.00039939646291445,0.0020679919728481
22.4,0.0020949357378884,0.0020949357378884,3.9186972359426,0.00039175682965387,0.0020284355377633
22.5,0.0020748030920597,0.0020748030920597,3.9187173685884,0.00038426332687208,0.0019896357359619
22.6,0.002054863923969,0.002054863923969,3.9187373077565,0.00037691315939345,0.0019515780946048
22.7,0.0020351163742665,0.0020351163742665,3.9187570553062,0.0003697035855083,0.0019142484176884
22.8,0.0020155586014708,0.0020155586014708,3.918776613079,0.0003626319159502,0.0018776327807494
22.9,0.0019961887817973,0.0019961887817973,3.9187959828987,0.00035569551289288,0.0018417175256711
23,0.0019770051089884,0.0019770051089884,3.9188151665715,0.00034889178896627,0.0018064892555882
23.1,0.001958005794145,0.001958005794145,3.9188341658863,0.00034221820629135,0.00177193482989
23.2,0.0019391890655594,0.0019391890655594,3.9188529826149,0.00033567227553352,0.0017380413593189
23.3,0.0019205531685504,0.0019205531685504,3.9188716185119,0.00032925155497403,0.0017047962011619
23.4,0.0019020963652994,0.0019020963652994,3.9188900753152,0.0003229536495992,0.0016721869545355
23.5,0.0018838169346887,0.0018838169346887,3.9189083547458,0.00031677621020703,0.0016402014557593
23.6,0.0018657131721406,0.0018657131721406,3.9189264585083,0.00031071693253091,0.0016088277738192
23.7,0.0018477833894588,0.0018477833894588,3.918944388291,0.00030477355638013,0.0015780542059169
23.8,0.0018300259146707,0.0018300259146707,3.9189621457658,0.0002989438647968,0.0015478692731047
23.9,0.0018124390918717,0.0018124390918717,3.9189797325886,0.00029322568322883,0.0015182617160033
24,0.0017950212810707,0.0017950212810707,3.9189971503994,0.00028761687871889,0.0014892204906023
24.1,0.0017777708580371,0.0017777708580371,3.9190144008224,0.00028211535910869,0.0014607347641407
24.2,0.0017606862141494,0.0017606862141494,3.9190314854663,0.00027671907225868,0.0014327939110655
24.3,0.0017437657562452,0.0017437657562452,3.9190484059242,0.00027142600528248,0.0014053875090692
24.4,0.0017270079064726,0.0017270079064726,3.919065163774,0.0002662341837961,0.0013785053352013
24.5,0.0017104111021432,0.0017104111021432,3.9190817605783,0.00026114167118147,0.0013521373620554
24.6,0.0016939737955861,0.0016939737955861,3.9190981978849,0.00025614656786402,0.0013262737540288
24.7,0.001677694454004,0.001677694454004,3.9191144772265,0.00025124701060415,0.0013009048636537
24.8,0.0016615715593298,0.0016615715593297,3.9191306001211,0.00024644117180221,0.0012760212279983
24.9,0.0016456036080852,0.0016456036080852,3.9191465680724,0.00024172725881675,0.0012516135651374
25,0.0016297891112408,0.0016297891112408,3.9191623825692,0.0002371035132959,0.0012276727706901
25.1,0.0016141265940768,0.0016141265940768,3.9191780450864,0.00023256821052142,0.0012041899144234
25.2,0.0015986145960458,0.0015986145960458,3.9191935570844,0.00022811965876538,0.0011811562369212
25.3,0.0015832516706363,0.0015832516706363,3.9192089200098,0.00022375619865915,0.0011585631463172
25.4,0.0015680363852382,0.0015680363852382,3.9192241352952,0.0002194762025744,0.0011364022150899
25.5,0.0015529673210089,0.0015529673210089,3.9192392043595,0.00021527807401598,0.0011146651769187
25.6,0.001538043072741,0.001538043072741,3.9192541286077,0.00021116024702641,0.001093343923601
25.7,0.0015232622487316,0.0015232622487316,3.9192689094317,0.00020712118560177,0.0010724305020273
25.8,0.0015086234706519,0.0015086234706519,3.9192835482098,0.00020315938311873,0.0010519171112146
25.9,0.0014941253734195,0.0014941253734195,3.9192980463071,0.00019927336177255,0.001031796099397
26,0.0014797666050704,0.0014797666050704,3.9193124050754,0.00019546167202589,0.0010120599611709
26.1,0.001465545826633,0.001465545826633,3.9193266258538,0.00019172289206804,0.00099270133469577
26.2,0.0014514617120037,0.0014514617120037,3.9193407099685,0.00018805562728465,0.00097371299894782
26.3,0.0014375129478229,0.0014375129478229,3.9193546587327,0.00018445850973744,0.00095508787102671
26.4,0.0014236982333525,0.0014236982333525,3.9193684734471,0.00018093019765399,0.00093681900351339
26.5,0.0014100162803548,0.0014100162803548,3.9193821554001,0.00017746937492724,0.00091889958187865
26.6,0.0013964658129721,0.0013964658129721,3.9193957058675,0.00017407475062452,0.00090132292194124
26.7,0.001383045567608,0.001383045567608,3.9194091261129,0.00017074505850608,0.00088408246737452
26.8,0.0013697542928094,0.0013697542928094,3.9194224173877,0.00016747905655272,0.00086717178726092
26.9,0.0013565907491499,0.0013565907491499,3.9194355809313,0.00016427552650252,0.00085058457369309
27,0.0013435537091142,0.0013435537091142,3.9194486179714,0.0001611332733964,0.00083431463942101
27.1,0.0013306419569834,0.0013306419569834,3.9194615297235,0.00015805112513238,0.00081835591554399
27.2,0.0013178542887221,0.0013178542887221,3.9194743173918,0.00015502793202841,0.00080270244924696
27.3,0.0013051895118658,0.0013051895118658,3.9194869821686,0.00015206256639347,0.00078734840157997
27.4,0.0012926464454096,0.0012926464454096,3.9194995252351,0.00014915392210696,0.00077228804528016
27.5,0.0012802239196984,0.0012802239196984,3.9195119477608,0.00014630091420609,0.00075751576263545
27.6,0.0012679207763177,0.0012679207763177,3.9195242509042,0.00014350247848118,0.00074302604338903
27.7,0.0012557358679852,0.0012557358679852,3.9195364358125,0.0001407575710787,0.00072881348268398
27.8,0.0012436680584447,0.0012436680584447,3.919548503622,0.00013806516811187,0.00071487277904719
27.9,0.001231716222359,0.001231716222359,3.9195604554581,0.00013542426527878,0.00070119873241183
28,0.0012198792452061,0.0012198792452061,3.9195722924353,0.00013283387748775,0.00068778624217764
28.1,0.0012081560231743,0.0012081560231743,3.9195840156573,0.00013029303848988,0.00067463030530837
28.2,0.00119654546306,0.00119654546306,3.9195956262174,0.0001278008005186,0.00066172601446558
28.3,0.0011850464821652,0.0011850464821652,3.9196071251983,0.0001253562339362,0.00064906855617811
28.4,0.001173658008197,0.001173658008197,3.9196185136723,0.000122958426887,0.00063665320904662
28.5,0.0011623789791673,0.0011623789791673,3.9196297927013,0.00012060648495727,0.00062447534198241
28.6,0.0011512083432938,0.0011512083432938,3.9196409633372,0.00011829953084156,0.00061253041248001
28.7,0.0011401450589021,0.0011401450589021,3.9196520266216,0.00011603670401547,0.00060081396492273
28.8,0.0011291880943284,0.0011291880943284,3.9196629835861,0.00011381716041467,0.00058932162892068
28.9,0.0011183364278233,0.0011183364278233,3.9196738352527,0.00011164007212003,0.00057804911768052
29,0.0011075890474567,0.0011075890474567,3.919684582633,0.00010950462704884,0.00056699222640648
29.1,0.0010969449510231,0.0010969449510231,3.9196952267295,0.00010741002865184,0.00055614683073187
29.2,0.0010864031459485,0.0010864031459485,3.9197057685345,0.00010535549561612,0.00054550888518067
29.3,0.0010759626491977,0.0010759626491977,3.9197162090313,0.00010334026157368,0.00053507442165849
29.4,0.0010656224871825,0.0010656224871825,3.9197265491933,0.00010136357481558,0.00052483954797244
29.5,0.001055381695671,0.001055381695671,3.9197367899848,9.9424698011509e-05,0.00051480044637925
29.6,0.001045239319698,0.001045239319698,3.9197469323608,9.7522907934779e-05,0.00050495337216126
29.7,0.0010351944134753,0.0010351944134752,3.919756977267,9.5657495192537e-05,0.00049529465222955
29.8,0.001025246040304,0.001025246040304,3.9197669256402,9.3827763961158e-05,0.00048582068375384
29.9,0.0010153932724871,0.0010153932724871,3.919776778408,9.2033031726694e-05,0.00047652793281859
30,0.0010056351912428,0.0010056351912428,3.9197865364892,9.0272629030284e-05,0.0004674129331048
30.1,0.00099597088661901,0.00099597088661901,3.9197962007939,8.8545899218439e-05,0.00045847228459701
30.2,0.00098639945740838,0.00098639945740837,3.9198057722231,8.6852198198102e-05,0.00044970265231508
30.3,0.00097692001106427,0.00097692001106427,3.9198152516694,8.5190894196391e-05,0.00044110076507019
30.4,0.0009675316636176,0.0009675316636176,3.9198246400169,8.3561367524943e-05,0.00043266341424463
30.5,0.00095823353959432,0.00095823353959431,3.9198339381409,8.1963010348756e-05,0.00042438745259495
30.6,0.00094902477193383,0.00094902477193383,3.9198431469085,8.0395226459463e-05,0.00041626979307799
30.7,0.00093990450190813,0.00093990450190813,3.9198522671786,7.885743105294e-05,0.00040830740769939
30.8,0.0009308718790417,0.0009308718790417,3.9198612998014,7.734905051116e-05,0.0004004973263841
30.9,0.00092192606103224,0.00092192606103224,3.9198702456194,7.5869522188231e-05,0.00039283663586849
31,0.00091306621367208,0.00091306621367208,3.9198791054668,7.4418294200522e-05,0.00038532247861368
31.1,0.00090429151077042,0.00090429151077042,3.9198878801697,7.2994825220798e-05,0.00037795205173962
31.2,0.00089560113407628,0.00089560113407628,3.9198965705464,7.1598584276305e-05,0.00037072260597963
31.3,0.00088699427320219,0.00088699427320219,3.9199051774073,7.0229050550702e-05,0.0003636314446548
31.4,0.00087847012554863,0.00087847012554862,3.9199137015549,6.8885713189798e-05,0.00035667592266819
31.5,0.00087002789622917,0.00087002789622916,3.9199221437842,6.7568071110989e-05,0.00034985344551809
31.6,0.00086166679799636,0.00086166679799636,3.9199305048825,6.6275632816353e-05,0.00034316146833029
31.7,0.00085338605116834,0.00085338605116833,3.9199387856293,6.5007916209312e-05,0.00033659749490881
31.8,0.00084518488355607,0.00084518488355607,3.9199469867969,6.3764448414807e-05,0.00033015907680473
31.9,0.0008370625303914,0.00083706253039139,3.9199551091501,6.2544765602902e-05,0.00032384381240295
32,0.00082901823425568,0.00082901823425568,3.9199631534462,6.1348412815778e-05,0.00031764934602633
32.1,0.0008210512450092,0.0008210512450092,3.9199711204355,6.0174943798022e-05,0.00031157336705697
32.2,0.00081316081972118,0.00081316081972118,3.9199790108608,5.9023920830172e-05,0.00030561360907436
32.3,0.00080534622260053,0.00080534622260053,3.9199868254579,5.7894914565435e-05,0.00029976784900995
32.4,0.00079760672492722,0.00079760672492722,3.9199945649555,5.6787503869544e-05,0.00029403390631793
32.5,0.00078994160498433,0.00078994160498433,3.9200022300755,5.5701275663662e-05,0.00028840964216182
32.6,0.00078235014799073,0.00078235014799073,3.9200098215325,5.4635824770302e-05,0.00028289295861672
32.7,0.00077483164603447,0.00077483164603447,3.9200173400344,5.359075376219e-05,0.0002774817978867
32.8,0.00076738539800673,0.00076738539800673,3.9200247862825,5.2565672814017e-05,0.00027217414153724
32.9,0.00076001070953644,0.00076001070953643,3.9200321609709,5.1560199557033e-05,0.00026696800974232
33,0.00075270689292555,0.00075270689292554,3.9200394647875,5.0573958936413e-05,0.00026186146054592
33.1,0.00074547326708489,0.00074547326708488,3.9200466984134,4.9606583071363e-05,0.00025685258913767
33.2,0.00073830915747066,0.00073830915747065,3.920053862523,4.865771111789e-05,0.00025193952714227
33.3,0.00073121389602152,0.00073121389602151,3.9200609577845,4.7726989134207e-05,0.00024712044192262
33.4,0.0007241868210963,0.0007241868210963,3.9200679848594,4.6814069948703e-05,0.0002423935358962
33.5,0.00071722727741232,0.00071722727741232,3.9200749444031,4.5918613030448e-05,0.00023775704586454
33.6,0.00071033461598425,0.00071033461598424,3.9200818370645,4.5040284362169e-05,0.00023320924235554
33.7,0.00070350819406359,0.00070350819406358,3.9200886634864,4.4178756315655e-05,0.00022874842897834
33.8,0.00069674737507877,0.00069674737507876,3.9200954243054,4.3333707529551e-05,0.00022437294179056
33.9,0.00069005152857576,0.00069005152857576,3.9201021201519,4.2504822789482e-05,0.0002200811486776
34,0.00068342003015931,0.0006834200301593,3.9201087516503,4.1691792910479e-05,0.00021587144874387
34.1,0.00067685226143466,0.00067685226143465,3.920115319419,4.0894314621643e-05,0.00021174227171561
34.2,0.00067034760994994,0.00067034760994994,3.9201218240705,4.0112090453026e-05,0.00020769207735519
34.3,0.00066390546913904,0.00066390546913904,3.9201282662113,3.9344828624665e-05,0.00020371935488653
34.4,0.00065752523826504,0.00065752523826504,3.9201346464422,3.8592242937753e-05,0.00019982262243162
34.5,0.00065120632236417,0.00065120632236417,3.9201409653581,3.7854052667874e-05,0.00019600042645771
34.6,0.00064494813219038,0.00064494813219037,3.9201472235483,3.7129982460294e-05,0.00019225134123515
34.7,0.00063875008416033,0.00063875008416033,3.9201534215963,3.6419762227249e-05,0.00018857396830557
34.8,0.00063261160029904,0.00063261160029904,3.9201595600802,3.5723127047199e-05,0.00018496693596023
34.9,0.00062653210818593,0.00062653210818593,3.9201656395723,3.5039817066008e-05,0.00018142889872836
35,0.00062051104090148,0.00062051104090147,3.9201716606396,3.4369577400016e-05,0.00017795853687528
35.1,0.00061454783697433,0.00061454783697433,3.9201776238435,3.3712158040963e-05,0.00017455455591011
35.2,0.00060864194032899,0.00060864194032898,3.9201835297401,3.3067313762733e-05,0.00017121568610293
35.3,0.00060279280023388,0.00060279280023388,3.9201893788802,3.2434804029882e-05,0.00016794068201116
35.4,0.00059699987125008,0.00059699987125007,3.9201951718092,3.1814392907913e-05,0.00016472832201494
35.5,0.00059126261318039,0.00059126261318039,3.9202009090673,3.1205848975273e-05,0.00016157740786152
35.6,0.00058558049101901,0.00058558049101901,3.9202065911895,3.0608945237026e-05,0.00015848676421823
35.7,0.0005799529749016,0.0005799529749016,3.9202122187056,3.0023459040184e-05,0.00015545523823413
35.8,0.00057437954005592,0.00057437954005592,3.9202177921404,2.9449171990651e-05,0.00015248169910993
35.9,0.00056885966675285,0.00056885966675285,3.9202233120137,2.8885869871762e-05,0.0001495650376762
36,0.00056339284025796,0.00056339284025796,3.9202287788402,2.8333342564378e-05,0.00014670416597966
36.1,0.00055797855078348,0.00055797855078348,3.9202341931297,2.7791383968503e-05,0.00014389801687732
36.2,0.0005526162934408,0.00055261629344079,3.920239555387,2.7259791926416e-05,0.00014114554363846
36.3,0.00054730556819333,0.00054730556819332,3.9202448661123,2.6738368147252e-05,0.00013844571955415
36.4,0.00054204587980993,0.00054204587980993,3.9202501258007,2.6226918133046e-05,0.00013579753755431
36.5,0.00053683673781872,0.00053683673781871,3.9202553349427,2.5725251106178e-05,0.00013320000983202
36.6,0.00053167765646129,0.00053167765646128,3.920260494024,2.5233179938213e-05,0.00013065216747509
36.7,0.00052656815464746,0.00052656815464746,3.9202656035258,2.4750521080096e-05,0.00012815306010462
36.8,0.00052150775591042,0.00052150775591041,3.9202706639246,2.427709449369e-05,0.00012570175552051
36.9,0.00051649598836223,0.00051649598836223,3.9202756756921,2.3812723584617e-05,0.00012329733935372
37,0.00051153238464991,0.00051153238464991,3.9202806392958,2.3357235136385e-05,0.00012093891472524
37.1,0.00050661648191179,0.00050661648191179,3.9202855551986,2.291045924578e-05,0.00011862560191147
37.2,0.00050174782173436,0.00050174782173436,3.9202904238587,2.2472229259485e-05,0.00011635653801614
37.3,0.00049692595010956,0.00049692595010955,3.9202952457304,2.204238171192e-05,0.00011413087664842
37.4,0.00049215041739238,0.00049215041739238,3.9203000212631,2.1620756264263e-05,0.00011194778760717
37.5,0.00048742077825901,0.00048742077825901,3.9203047509022,2.1207195644647e-05,0.00010980645657131
37.6,0.00048273659166523,0.00048273659166522,3.9203094350888,2.0801545589491e-05,0.00010770608479604
37.7,0.00047809742080533,0.00047809742080533,3.9203140742597,2.0403654785958e-05,0.00010564588881491
37.8,0.00047350283307139,0.00047350283307139,3.9203186688474,2.0013374815518e-05,0.00010362510014756
37.9,0.00046895240001289,0.00046895240001288,3.9203232192805,1.9630560098579e-05,0.00010164296501311
38,0.00046444569729679,0.00046444569729679,3.9203277259832,1.9255067840189e-05,9.9698744048932e-05
38.1,0.00045998230466796,0.00045998230466796,3.9203321893758,1.8886757976768e-05,9.7791712034886e-05
38.2,0.00045556180591,0.00045556180590999,3.9203366098746,1.8525493123867e-05,9.5921157622814e-05
38.3,0.00045118378880636,0.00045118378880636,3.9203409878917,1.8171138524918e-05,9.4086383071178e-05
38.4,0.00044684784510202,0.00044684784510202,3.9203453238354,1.7823562000969e-05,9.2286703984806e-05
38.5,0.0004425535704653,0.0004425535704653,3.92034961811,1.7482633901378e-05,9.0521449059595e-05
38.6,0.00043830056445024,0.00043830056445023,3.920353871116,1.7148227055456e-05,8.8789959832111e-05
38.7,0.00043408843045919,0.00043408843045919,3.92035808325,1.6820216725027e-05,8.7091590433971e-05
38.8,0.00042991677570591,0.00042991677570591,3.9203622549048,1.6498480557899e-05,8.5425707350929e-05
38.9,0.00042578521117886,0.00042578521117885,3.9203663864693,1.6182898542226e-05,8.379168918656e-05
39,0.00042169335160496,0.00042169335160496,3.9203704783289,1.5873352961743e-05,8.2188926430479e-05
39.1,0.00041764081541369,0.00041764081541368,3.9203745308651,1.5569728351854e-05,8.0616821230979e-05
39.2,0.00041362722470144,0.00041362722470143,3.9203785444558,1.5271911456564e-05,7.9074787172029e-05
39.3,0.00040965220519634,0.00040965220519634,3.9203825194753,1.4979791186232e-05,7.7562249054529e-05
39.4,0.00040571538622332,0.00040571538622332,3.9203864562943,1.4693258576133e-05,7.6078642681757e-05
39.5,0.00040181640066955,0.00040181640066955,3.9203903552798,1.4412206745816e-05,7.4623414648914e-05
39.6,0.00039795488495022,0.00039795488495021,3.9203942167955,1.4136530859229e-05,7.3196022136698e-05
39.7,0.0003941304789746,0.0003941304789746,3.9203980412015,1.386612808562e-05,7.1795932708821e-05
39.8,0.00039034282611251,0.00039034282611251,3.9204018288544,1.360089756118e-05,7.0422624113412e-05
39.9,0.00038659157316103,0.00038659157316103,3.9204055801073,1.3340740351414e-05,6.9075584088199e-05
40,0.00038287637031158,0.00038287637031158,3.9204092953102,1.3085559414243e-05,6.7754310169438e-05
40.1,0.00037919687111728,0.00037919687111728,3.9204129748094,1.2835259563802e-05,6.6458309504482e-05
40.2,0.00037555273246067,0.00037555273246066,3.920416618948,1.2589747434935e-05,6.5187098667943e-05
40.3,0.00037194361452168,0.00037194361452167,3.920420228066,1.2348931448373e-05,6.3940203481365e-05
40.4,0.00036836918074598,0.00036836918074598,3.9204238024997,1.2112721776567e-05,6.2717158836352e-05
40.5,0.00036482909781358,0.00036482909781358,3.9204273425827,1.1881030310185e-05,6.1517508521076e-05
40.6,0.00036132303560773,0.00036132303560773,3.9204308486449,1.1653770625246e-05,6.0340805050104e-05
40.7,0.00035785066718416,0.00035785066718416,3.9204343210133,1.1430857950882e-05,5.9186609497476e-05
40.8,0.00035441166874058,0.00035441166874058,3.9204377600117,1.1212209137717e-05,5.8054491332988e-05
40.9,0.0003510057195865,0.00035100571958649,3.9204411659609,1.0997742626852e-05,5.6944028261589e-05
41,0.00034763250211329,0.00034763250211329,3.9204445391784,1.0787378419442e-05,5.5854806065869e-05
41.1,0.00034429170176461,0.00034429170176461,3.9204478799787,1.0581038046855e-05,5.4786418451541e-05
41.2,0.00034098300700704,0.00034098300700704,3.9204511886735,1.0378644541403e-05,5.3738466895896e-05
41.3,0.00033770610930105,0.00033770610930104,3.9204544655712,1.0180122407633e-05,5.2710560499142e-05
41.4,0.00033446070307221,0.00033446070307221,3.9204577109774,9.9853975941612e-06,5.17023158386e-05
41.5,0.00033124648568272,0.00033124648568272,3.9204609251948,9.7943974660584e-06,5.0713356825675e-05
41.6,0.00032806315740317,0.00032806315740317,3.9204641085231,9.6070507777502e-06,4.9743314565576e-05
41.7,0.00032491042138459,0.00032491042138459,3.9204672612591,9.423287646444e-06,4.879182721971e-05
41.8,0.00032178798363078,0.00032178798363077,3.9204703836968,9.2430395260614e-06,4.7858539870713e-05
41.9,0.00031869555297087,0.00031869555297087,3.9204734761275,9.0662391816695e-06,4.694310439006e-05
42,0.00031563284103221,0.00031563284103221,3.9204765388394,8.8928206644016e-06,4.604517930821e-05
42.1,0.00031259956221344,0.00031259956221344,3.9204795721183,8.7227192868572e-06,4.5164429687231e-05
42.2,0.00030959543365788,0.00030959543365788,3.9204825762468,8.5558715989725e-06,4.4300526995865e-05
42.3,0.00030662017522713,0.00030662017522713,3.9204855515052,8.3922153643534e-06,4.3453148986983e-05
42.4,0.00030367350947498,0.00030367350947498,3.920488498171,8.2316895370599e-06,4.2621979577381e-05
42.5,0.00030075516162151,0.00030075516162151,3.9204914165189,8.0742342388351e-06,4.1806708729875e-05
42.6,0.00029786485952748,0.00029786485952747,3.9204943068209,7.9197907367705e-06,4.1007032337657e-05
42.7,0.00029500233366894,0.00029500233366893,3.9204971693468,7.7683014213971e-06,4.0222652110855e-05
42.8,0.00029216731711211,0.0002921673171121,3.9205000043634,7.6197097851967e-06,3.9453275465272e-05
42.9,0.00028935954548849,0.00028935954548849,3.920502812135,7.4739604015237e-06,3.8698615413243e-05
43,0.0002865787569702,0.00028657875697019,3.9205055929235,7.3309989039304e-06,3.7958390456587e-05
43.1,0.00028382469224555,0.00028382469224555,3.9205083469882,7.1907719658872e-06,3.7232324481605e-05
43.2,0.0002810970944949,0.00028109709449489,3.920511074586,7.0532272808919e-06,3.6520146656086e-05
43.3,0.00027839570936666,0.00027839570936665,3.9205137759711,6.9183135429575e-06,3.5821591328282e-05
43.4,0.00027572028495361,0.0002757202849536,3.9205164513955,6.7859804274757e-06,3.5136397927816e-05
43.5,0.00027307057176939,0.00027307057176939,3.9205191011087,6.656178572444e-06,3.4464310868488e-05
43.6,0.00027044632272525,0.00027044632272525,3.9205217253577,6.5288595600538e-06,3.3805079452935e-05
43.7,0.000267847293107,0.000267847293107,3.9205243243874,6.4039758986296e-06,3.3158457779121e-05
43.8,0.00026527324055218,0.00026527324055217,3.9205268984399,6.2814810049139e-06,3.2524204648609e-05
43.9,0.00026272392502746,0.00026272392502746,3.9205294477554,6.1613291866913e-06,3.1902083476593e-05
44,0.0002601991088063,0.0002601991088063,3.9205319725717,6.0434756257445e-06,3.1291862203647e-05
44.1,0.00025769855644672,0.00025769855644672,3.920534473124,5.9278763611365e-06,3.0693313209167e-05
44.2,0.00025522203476938,0.00025522203476938,3.9205369496457,5.8144882728127e-06,3.010621322646e-05
44.3,0.00025276931283583,0.00025276931283583,3.9205394023676,5.7032690655165e-06,2.9530343259469e-05
44.4,0.00025034016192697,0.00025034016192697,3.9205418315185,5.5941772530127e-06,2.8965488501079e-05
44.5,0.00024793435552173,0.00024793435552172,3.920544237325,5.4871721426123e-06,2.8411438252994e-05
44.6,0.00024555166927593,0.00024555166927593,3.9205466200112,5.3822138199939e-06,2.7867985847145e-05
44.7,0.00024319188100139,0.00024319188100139,3.9205489797995,5.2792631343149e-06,2.7334928568596e-05
44.8,0.00024085477064517,0.00024085477064517,3.9205513169098,5.1782816836081e-06,2.6812067579932e-05
44.9,0.0002385401202691,0.0002385401202691,3.9205536315602,5.0792318004568e-06,2.629920784709e-05
45,0.00023624771402939,0.00023624771402939,3.9205559239664,4.9820765379444e-06,2.5796158066605e-05
45.1,0.00023397733815658,0.00023397733815657,3.9205581943423,4.8867796558731e-06,2.5302730594256e-05
45.2,0.00023172878093553,0.00023172878093553,3.9205604428995,4.7933056072456e-06,2.4818741375071e-05
45.3,0.00022950183268575,0.00022950183268575,3.9205626698478,4.7016195250053e-06,2.4344009874669e-05
45.4,0.00022729628574178,0.00022729628574178,3.9205648753947,4.6116872090311e-06,2.3878359011921e-05
45.5,0.00022511193443388,0.00022511193443388,3.920567059746,4.5234751133795e-06,2.3421615092898e-05
45.6,0.00022294857506881,0.00022294857506881,3.9205692231054,4.4369503337723e-06,2.2973607746077e-05
45.7,0.00022080600591087,0.00022080600591086,3.9205713656746,4.3520805953222e-06,2.2534169858791e-05
45.8,0.00021868402716304,0.00021868402716304,3.9205734876533,4.2688342404944e-06,2.2103137514897e-05
45.9,0.00021658244094841,0.00021658244094841,3.9205755892395,4.1871802172975e-06,2.1680349933631e-05
46,0.00021450105129169,0.00021450105129169,3.9205776706292,4.1070880677008e-06,2.1265649409632e-05
46.1,0.00021243966410093,0.00021243966410093,3.9205797320164,4.0285279162734e-06,2.085888125412e-05
46.2,0.00021039808714945,0.00021039808714945,3.9205817735933,3.9514704590397e-06,2.0459893737194e-05
46.3,0.00020837613005787,0.00020837613005787,3.9205837955504,3.8758869525489e-06,2.0068538031232e-05
46.4,0.00020637360427641,0.00020637360427641,3.9205857980762,3.8017492031536e-06,1.968466815538e-05
46.5,0.00020439032306728,0.00020439032306728,3.9205877813574,3.7290295564926e-06,1.9308140921097e-05
46.6,0.00020242610148725,0.00020242610148725,3.920589745579,3.6577008871759e-06,1.8938815878746e-05
46.7,0.00020048075637044,0.00020048075637044,3.9205916909241,3.5877365886665e-06,1.8576555265201e-05
46.8,0.00019855410631121,0.00019855410631121,3.9205936175742,3.5191105633558e-06,1.8221223952461e-05
46.9,0.00019664597164727,0.00019664597164727,3.9205955257088,3.4517972128287e-06,1.7872689397248e-05
47,0.00019475617444289,0.00019475617444289,3.920597415506,3.385771428315e-06,1.7530821591562e-05
47.1,0.00019288453847234,0.00019288453847234,3.920599287142,3.321008581324e-06,1.7195493014191e-05
47.2,0.00019103088920345,0.00019103088920345,3.9206011407913,3.2574845144572e-06,1.686657858314e-05
47.3,0.00018919505378133,0.00018919505378133,3.9206029766267,3.1951755323974e-06,1.6543955608976e-05
47.4,0.00018737686101225,0.00018737686101225,3.9206047948195,3.1340583930703e-06,1.6227503749063e-05
47.5,0.00018557614134766,0.00018557614134766,3.9206065955391,3.0741102989746e-06,1.5917104962672e-05
47.6,0.00018379272686843,0.00018379272686843,3.9206083789536,3.0153088886782e-06,1.561264346695e-05
47.7,0.00018202645126913,0.00018202645126913,3.9206101452292,2.9576322284775e-06,1.5314005693733e-05
47.8,0.00018027714984256,0.00018027714984256,3.9206118945306,2.9010588042154e-06,1.502108024718e-05
47.9,0.00017854465946438,0.00017854465946438,3.920613627021,2.8455675132564e-06,1.4733757862228e-05
48,0.0001768288185779,0.0001768288185779,3.9206153428619,2.7911376566151e-06,1.4451931363825e-05
48.1,0.00017512946717903,0.00017512946717902,3.9206170422133,2.7377489312349e-06,1.4175495626961e-05
48.2,0.0001734464468013,0.0001734464468013,3.9206187252337,2.6853814224154e-06,1.3904347537449e-05
48.3,0.00017177960050117,0.00017177960050117,3.92062039208,2.6340155963829e-06,1.3638385953467e-05
48.4,0.00017012877284334,0.00017012877284334,3.9206220429076,2.5836322930052e-06,1.3377511667825e-05
48.5,0.00016849380988625,0.00016849380988625,3.9206236778706,2.5342127186436e-06,1.3121627370965e-05
48.6,0.00016687455916776,0.00016687455916776,3.9206252971213,2.4857384391433e-06,1.2870637614659e-05
48.7,0.0001652708696909,0.0001652708696909,3.9206269008108,2.438191372957e-06,1.262444877641e-05
48.8,0.00016368259190981,0.00016368259190981,3.9206284890886,2.3915537844001e-06,1.2382969024524e-05
48.9,0.0001621095777158,0.00016210957771579,3.9206300621028,2.3458082770352e-06,1.214610828386e-05
49,0.0001605516804235,0.00016055168042349,3.9206316200001,2.300937787183e-06,1.1913778202229e-05
49.1,0.00015900875475723,0.00015900875475723,3.9206331629257,2.2569255775575e-06,1.1685892117438e-05
49.2,0.00015748065683742,0.00015748065683742,3.9206346910236,2.2137552310223e-06,1.1462365024963e-05
49.3,0.00015596724416722,0.00015596724416722,3.9206362044363,2.1714106444671e-06,1.1243113546243e-05
49.4,0.00015446837561917,0.00015446837561917,3.9206377033049,2.1298760228012e-06,1.1028055897576e-05
49.5,0.00015298391142209,0.00015298391142209,3.9206391877691,2.0891358730614e-06,1.0817111859614e-05
49.6,0.00015151371314801,0.00015151371314801,3.9206406579673,2.0491749986329e-06,1.0610202747443e-05
49.7,0.00015005764369927,0.00015005764369927,3.9206421140368,2.009978493581e-06,1.0407251381225e-05
49.8,0.00014861556729576,0.00014861556729575,3.9206435561132,1.9715317370911e-06,1.0208182057419e-05
49.9,0.0001471873494622,0.0001471873494622,3.920644984331,1.9338203880144e-06,1.0012920520532e-05
50,0.00014577285701568,0.00014577285701568,3.9206463988235,1.8968303795189e-06,9.8213939354287e-06
50.1,0.00014437195805317,0.00014437195805317,3.9206477997224,1.8605479138423e-06,9.6335308601604e-06
50.2,0.00014298452193925,0.00014298452193925,3.9206491871585,1.824959457145e-06,9.4492612193152e-06
50.3,0.00014161041929394,0.00014161041929394,3.9206505612612,1.7900517344619e-06,9.2685162778797e-06
50.4,0.0001402495219806,0.0001402495219806,3.9206519221585,1.7558117247509e-06,9.0912286156005e-06
50.5,0.00013890170309403,0.00013890170309403,3.9206532699774,1.7222266560353e-06,8.9173321018345e-06
50.6,0.00013756683694858,0.00013756683694858,3.9206546048435,1.6892840006405e-06,8.7467618708823e-06
50.7,0.00013624479906647,0.00013624479906647,3.9206559268814,1.6569714705202e-06,8.5794542977917e-06
50.8,0.00013493546616618,0.00013493546616618,3.9206572362143,1.6252770126734e-06,8.4153469746253e-06
50.9,0.00013363871615093,0.00013363871615093,3.9206585329643,1.594188804648e-06,8.2543786871809e-06
51,0.00013235442809731,0.00013235442809731,3.9206598172524,1.5636952501314e-06,8.0964893921585e-06
51.1,0.00013108248224401,0.000131082482244,3.9206610891982,1.5337849746243e-06,7.9416201947627e-06
51.2,0.00012982275998063,0.00012982275998062,3.9206623489205,1.5044468211985e-06,7.7897133267347e-06
51.3,0.00012857514383664,0.00012857514383664,3.9206635965366,1.4756698463346e-06,7.6407121248035e-06
51.4,0.00012733951747044,0.00012733951747044,3.920664832163,1.4474433158405e-06,7.4945610095502e-06
51.5,0.00012611576565845,0.00012611576565845,3.9206660559148,1.419756700847e-06,7.3512054646758e-06
51.6,0.00012490377428444,0.00012490377428444,3.9206672679062,1.3925996738804e-06,7.2105920166661e-06
51.7,0.00012370343032885,0.00012370343032885,3.9206684682501,1.3659621050106e-06,7.0726682148452e-06
51.8,0.00012251462185823,0.00012251462185822,3.9206696570586,1.339834058072e-06,6.9373826118108e-06
51.9,0.00012133723801484,0.00012133723801484,3.9206708344425,1.3142057869576e-06,6.8046847442438e-06
52,0.00012017116900633,0.00012017116900632,3.9206720005115,1.2890677319833e-06,6.6745251140844e-06
52.1,0.00011901630609541,0.00011901630609541,3.9206731553744,1.2644105163221e-06,6.5468551700693e-06
52.2,0.00011787254158984,0.00011787254158984,3.9206742991389,1.2402249425064e-06,6.4216272896206e-06
52.3,0.00011673976883226,0.00011673976883226,3.9206754319116,1.2165019889975e-06,6.2987947610828e-06
52.4,0.00011561788219033,0.00011561788219033,3.9206765537983,1.1932328068197e-06,6.1783117662982e-06
52.5,0.00011450677704686,0.00011450677704686,3.9206776649034,1.1704087162605e-06,6.0601333635161e-06
52.6,0.00011340634979004,0.00011340634979004,3.9206787653307,1.1480212036321e-06,5.9442154706293e-06
52.7,0.00011231649780376,0.00011231649780376,3.9206798551827,1.1260619180963e-06,5.8305148487307e-06
52.8,0.00011123711945811,0.00011123711945811,3.920680934561,1.1045226685492e-06,5.7189890859845e-06
52.9,0.00011016811409983,0.00011016811409983,3.9206820035664,1.0833954205657e-06,5.6095965818062e-06
53,0.00010910938204296,0.00010910938204296,3.9206830622984,1.062672293403e-06,5.5022965313448e-06
53.1,0.00010806082455953,0.00010806082455953,3.9206841108559,1.0423455570605e-06,5.3970489102625e-06
53.2,0.00010702234387038,0.00010702234387038,3.9206851493366,1.0224076293968e-06,5.2938144598045e-06
53.3,0.00010599384313599,0.00010599384313599,3.9206861778373,1.0028510733011e-06,5.1925546721556e-06
53.4,0.00010497522644753,0.00010497522644752,3.920687196454,9.8366859391936e-07,5.0932317760756e-06
53.5,0.00010396639881781,0.00010396639881781,3.9206882052817,9.6485303593305e-07,4.9958087228106e-06
53.6,0.00010296726617253,0.00010296726617253,3.9206892044143,9.4639738089019e-07,4.9002491722733e-06
53.7,0.00010197773534144,0.00010197773534143,3.9206901939451,9.2829474458737e-07,4.8065174794875e-06
53.8,0.00010099771404965,0.00010099771404965,3.9206911739664,9.1053837450181e-07,4.7145786812921e-06
53.9,0.00010002711090909,0.00010002711090909,3.9206921445696,8.9312164727264e-07,4.6243984832994e-06
54,9.9065835409904e-05,9.9065835409902e-05,3.9206931058451,8.7603806623023e-07,4.5359432471028e-06
54.1,9.8113797912064e-05,9.8113797912062e-05,3.9206940578826,8.5928125897293e-07,4.4491799777293e-06
54.2,9.7170909636996e-05,9.7170909636995e-05,3.9206950007708,8.4284497498999e-07,4.3640763113319e-06
54.3,9.6237082659301e-05,9.62370826593e-05,3.9206959345978,8.2672308333011e-07,4.2806005031175e-06
54.4,9.5312229898556e-05,9.5312229898555e-05,3.9206968594506,8.1090957031447e-07,4.1987214155055e-06
54.5,9.4396265111193e-05,9.4396265111192e-05,3.9206977754154,7.9539853729357e-07,4.1184085065134e-06
54.6,9.3489102882459e-05,9.3489102882458e-05,3.9206986825776,7.8018419844694e-07,4.039631818364e-06
54.7,9.2590658618448e-05,9.2590658618446e-05,3.9206995810219,7.6526087862497e-07,3.9623619663105e-06
54.8,9.1700848538214e-05,9.1700848538213e-05,3.9207004708319,7.50623011232e-07,3.8865701276763e-06
54.9,9.0819589665961e-05,9.081958966596e-05,3.9207013520908,7.3626513614988e-07,3.8122280311031e-06
55,8.9946799823301e-05,8.99467998233e-05,3.9207022248807,7.2218189770132e-07,3.7393079460057e-06
55.1,8.9082397621592e-05,8.9082397621591e-05,3.9207030892829,7.0836804265211e-07,3.6677826722279e-06
55.2,8.822630245435e-05,8.8226302454348e-05,3.920703945378,6.9481841825161e-07,3.5976255298965e-06
55.3,8.737843448973e-05,8.7378434489729e-05,3.920704793246,6.8152797031073e-07,3.5288103494696e-06
55.4,8.6538714663086e-05,8.6538714663085e-05,3.9207056329658,6.6849174131659e-07,3.4613114619748e-06
55.5,8.5707064669592e-05,8.5707064669591e-05,3.9207064646158,6.5570486858337e-07,3.3951036894343e-06
55.6,8.4883406956944e-05,8.4883406956943e-05,3.9207072882735,6.4316258243842e-07,3.3301623354732e-06
55.7,8.4067664718129e-05,8.4067664718128e-05,3.9207081040158,6.3086020444312e-07,3.2664631761077e-06
55.8,8.3259761884258e-05,8.3259761884256e-05,3.9207089119186,6.1879314564778e-07,3.2039824507088e-06
55.9,8.2459623117476e-05,8.2459623117475e-05,3.9207097120574,6.0695690487987e-07,3.1426968531396e-06
56,8.1667173803939e-05,8.1667173803938e-05,3.9207105045067,5.9534706706502e-07,3.0825835230616e-06
56.1,8.0882340046849e-05,8.0882340046848e-05,3.9207112893404,5.839593015802e-07,3.0236200374076e-06
56.2,8.0105048659571e-05,8.010504865957e-05,3.9207120666318,5.7278936063825e-07,2.9657844020177e-06
56.3,7.9335227158802e-05,7.9335227158801e-05,3.9207128364533,5.6183307770347e-07,2.9090550434349e-06
56.4,7.8572803757815e-05,7.8572803757814e-05,3.9207135988767,5.5108636593743e-07,2.8534108008582e-06
56.5,7.7817707359765e-05,7.7817707359764e-05,3.9207143539731,5.405452166745e-07,2.7988309182492e-06
56.6,7.7069867551057e-05,7.7069867551056e-05,3.9207151018129,5.3020569792659e-07,2.7452950365897e-06
56.7,7.6329214594782e-05,7.6329214594781e-05,3.9207158424659,5.2006395291645e-07,2.6927831862879e-06
56.8,7.5595679424214e-05,7.5595679424213e-05,3.9207165760011,5.1011619863907e-07,2.6412757797291e-06
56.9,7.4869193636367e-05,7.4869193636365e-05,3.9207173024868,5.0035872445052e-07,2.5907536039693e-06
57,7.4149689485617e-05,7.4149689485616e-05,3.920718021991,4.9078789068389e-07,2.5411978135689e-06
57.1,7.343709987739e-05,7.3437099877389e-05,3.9207187345806,4.814001272916e-07,2.4925899235626e-06
57.2,7.2731358361895e-05,7.2731358361894e-05,3.9207194403221,4.7219193251374e-07,2.4449118025646e-06
57.3,7.2032399127939e-05,7.2032399127938e-05,3.9207201392813,4.6315987157188e-07,2.398145666005e-06
57.4,7.134015699678e-05,7.1340156996779e-05,3.9207208315235,4.5430057538781e-07,2.3522740694965e-06
57.5,7.0654567416057e-05,7.0654567416056e-05,3.9207215171131,4.456107393269e-07,2.3072799023269e-06
57.6,6.9975566453763e-05,6.9975566453762e-05,3.920722196114,4.3708712196537e-07,2.2631463810767e-06
57.7,6.9303090792291e-05,6.930309079229e-05,3.9207228685897,4.287265438812e-07,2.2198570433588e-06
57.8,6.8637077722523e-05,6.8637077722522e-05,3.9207235346028,4.2052588646819e-07,2.1773957416777e-06
57.9,6.7977465137987e-05,6.7977465137986e-05,3.9207241942153,4.1248209077267e-07,2.1357466374063e-06
58,6.7324191529061e-05,6.732419152906e-05,3.9207248474889,4.0459215635245e-07,2.0948941948778e-06
58.1,6.6677195977242e-05,6.6677195977241e-05,3.9207254944845,3.9685314015765e-07,2.0548231755908e-06
58.2,6.6036418149462e-05,6.6036418149461e-05,3.9207261352623,3.8926215543288e-07,2.0155186325253e-06
58.3,6.5401798292463e-05,6.5401798292462e-05,3.9207267698822,3.8181637064042e-07,1.9769659045667e-06
58.4,6.4773277227225e-05,6.4773277227224e-05,3.9207273984032,3.7451300840407e-07,1.9391506110377e-06
58.5,6.4150796343445e-05,6.4150796343444e-05,3.9207280208841,3.6734934447314e-07,1.9020586463336e-06
58.6,6.3534297594078e-05,6.3534297594077e-05,3.9207286373829,3.6032270670622e-07,1.865676174661e-06
58.7,6.2923723489915e-05,6.2923723489914e-05,3.920729247957,3.5343047407449e-07,1.8299896248769e-06
58.8,6.2319017094232e-05,6.2319017094231e-05,3.9207298526634,3.4667007568403e-07,1.794985685426e-06
58.9,6.1720122017471e-05,6.172012201747e-05,3.9207304515585,3.4003898981683e-07,1.7606512993762e-06
59,6.1126982411987e-05,6.1126982411987e-05,3.9207310446981,3.3353474299015e-07,1.7269736595472e-06
59.1,6.0539542966843e-05,6.0539542966842e-05,3.9207316321375,3.271549090339e-07,1.6939402037341e-06
59.2,5.9957748902642e-05,5.9957748902641e-05,3.9207322139316,3.2089710818564e-07,1.6615386100208e-06
59.3,5.9381545966431e-05,5.938154596643e-05,3.9207327901345,3.1475900620289e-07,1.6297567921844e-06
59.4,5.8810880426633e-05,5.8810880426632e-05,3.9207333608,3.0873831349242e-07,1.5985828951864e-06
59.5,5.824569906804e-05,5.8245699068039e-05,3.9207339259814,3.0283278425623e-07,1.5680052907511e-06
59.6,5.768594918685e-05,5.7685949186849e-05,3.9207344857313,2.9704021565381e-07,1.5380125730275e-06
59.7,5.7131578585753e-05,5.7131578585752e-05,3.9207350401019,2.9135844698045e-07,1.5085935543353e-06
59.8,5.6582535569062e-05,5.6582535569061e-05,3.9207355891449,2.8578535886129e-07,1.4797372609914e-06
59.9,5.6038768937895e-05,5.6038768937894e-05,3.9207361329115,2.8031887246075e-07,1.4514329292166e-06
60,5.5500227985397e-05,5.5500227985396e-05,3.9207366714525,2.7495694870711e-07,1.423670001121e-06
60.1,5.4966862492015e-05,5.4966862492014e-05,3.920737204818,2.696975875319e-07,1.3964381207651e-06
60.2,5.4438622720811e-05,5.443862272081e-05,3.9207377330578,2.6453882712383e-07,1.3697271302974e-06
60.3,5.391545941283e-05,5.3915459412829e-05,3.9207382562211,2.5947874319704e-07,1.3435270661652e-06
60.4,5.33973237825e-05,5.3397323782499e-05,3.9207387743567,2.545154482733e-07,1.317828155398e-06
60.5,5.2884167513087e-05,5.2884167513086e-05,3.920739287513,2.4964709097797e-07,1.2926208119622e-06
60.6,5.2375942752187e-05,5.2375942752186e-05,3.9207397957377,2.4487185534938e-07,1.2678956331854e-06
60.7,5.1872602107267e-05,5.1872602107266e-05,3.9207402990784,2.4018796016148e-07,1.2436433962489e-06
60.8,5.137409864124e-05,5.137409864124e-05,3.9207407975818,2.3559365825943e-07,1.2198550547474e-06
60.9,5.0880385868095e-05,5.0880385868094e-05,3.9207412912946,2.3108723590785e-07,1.1965217353151e-06
61,5.0391417748556e-05,5.0391417748555e-05,3.9207417802627,2.266670121516e-07,1.1736347343151e-06
61.1,4.9907148685791e-05,4.990714868579e-05,3.9207422645318,2.2233133818875e-07,1.1511855145933e-06
61.2,4.9427533521163e-05,4.9427533521162e-05,3.920742744147,2.1807859675559e-07,1.129165702294e-06
61.3,4.8952527530014e-05,4.8952527530013e-05,3.9207432191529,2.139072015233e-07,1.1075670837359e-06
61.4,4.8482086417497e-05,4.8482086417496e-05,3.9207436895941,2.0981559650629e-07,1.0863816023486e-06
61.5,4.8016166314447e-05,4.8016166314446e-05,3.9207441555142,2.0580225548178e-07,1.0656013556673e-06
61.6,4.7554723773285e-05,4.7554723773284e-05,3.9207446169567,2.0186568142049e-07,1.0452185923853e-06
61.7,4.7097715763972e-05,4.7097715763971e-05,3.9207450739647,1.9800440592822e-07,1.0252257094621e-06
61.8,4.6645099669994e-05,4.6645099669993e-05,3.9207455265808,1.9421698869816e-07,1.0056152492882e-06
61.9,4.6196833284387e-05,4.6196833284386e-05,3.9207459748472,1.9050201697357e-07,9.8637989690234e-07
62,4.5752874805804e-05,4.5752874805803e-05,3.9207464188057,1.8685810502087e-07,9.6751247726384e-07
62.1,4.5313182834612e-05,4.5313182834611e-05,3.9207468584976,1.8328389361271e-07,9.4900595257557e-07
62.2,4.4877716369039e-05,4.4877716369038e-05,3.9207472939641,1.7977804952097e-07,9.3085341965908e-07
62.3,4.4446434801342e-05,4.4446434801342e-05,3.9207477252457,1.7633926501942e-07,9.130481073795e-07
62.4,4.4019297914028e-05,4.4019297914027e-05,3.9207481523826,1.7296625739597e-07,8.9558337411985e-07
62.5,4.3596265876098e-05,4.3596265876097e-05,3.9207485754146,1.6965776847417e-07,8.7845270530365e-07
62.6,4.3177299239334e-05,4.3177299239333e-05,3.9207489943812,1.6641256414388e-07,8.6164971096486e-07
62.7,4.2762358934625e-05,4.2762358934624e-05,3.9207494093215,1.6322943390098e-07,8.4516812336436e-07
62.8,4.2351406268315e-05,4.2351406268315e-05,3.9207498202742,1.6010719039577e-07,8.2900179465198e-07
62.9,4.1944402918605e-05,4.1944402918604e-05,3.9207502272776,1.5704466899015e-07,8.131446945733e-07
63,4.154131093197e-05,4.1541310931969e-05,3.9207506303695,1.5404072732312e-07,7.9759090822027e-07
63.1,4.1142092719627e-05,4.1142092719626e-05,3.9207510295878,1.5109424488471e-07,7.8233463382487e-07
63.2,4.0746711054024e-05,4.0746711054023e-05,3.9207514249694,1.4820412259799e-07,7.6737018059497e-07
63.3,4.0355129065374e-05,4.0355129065373e-05,3.9207518165514,1.4536928240914e-07,7.5269196659159e-07
63.4,3.9967310238213e-05,3.9967310238212e-05,3.9207522043702,1.4258866688527e-07,7.3829451664678e-07
63.5,3.9583218407996e-05,3.9583218407995e-05,3.9207525884621,1.3986123882001e-07,7.2417246032129e-07
63.6,3.9202817757724e-05,3.9202817757724e-05,3.9207529688627,1.3718598084662e-07,7.1032052990134e-07
63.7,3.8826072814607e-05,3.8826072814607e-05,3.9207533456077,1.345618950585e-07,6.9673355843367e-07
63.8,3.8452948446752e-05,3.8452948446751e-05,3.920753718732,1.3198800263693e-07,6.8340647779822e-07
63.9,3.8083409859889e-05,3.8083409859888e-05,3.9207540882706,1.2946334348601e-07,6.7033431681766e-07
64,3.7717422594126e-05,3.7717422594125e-05,3.9207544542579,1.2698697587448e-07,6.5751219940305e-07
64.1,3.7354952520735e-05,3.7354952520735e-05,3.920754816728,1.2455797608446e-07,6.4493534273501e-07
64.2,3.6995965838974e-05,3.6995965838973e-05,3.9207551757146,1.2217543806692e-07,6.3259905547967e-07
64.3,3.6640429072925e-05,3.6640429072925e-05,3.9207555312514,1.1983847310366e-07,6.2049873603871e-07
64.4,3.6288309068385e-05,3.6288309068384e-05,3.9207558833714,1.1754620947584e-07,6.0862987083295e-07
64.5,3.5939572989762e-05,3.5939572989761e-05,3.9207562321075,1.152977921388e-07,5.9698803261869e-07
64.6,3.5594188317024e-05,3.5594188317023e-05,3.9207565774922,1.1309238240316e-07,5.855688788363e-07
64.7,3.5252122842657e-05,3.5252122842657e-05,3.9207569195576,1.1092915762189e-07,5.7436814999039e-07
64.8,3.491334466867e-05,3.491334466867e-05,3.9207572583358,1.0880731088356e-07,5.6338166806097e-07
64.9,3.4577822203614e-05,3.4577822203613e-05,3.9207575938583,1.0672605071126e-07,5.5260533494497e-07
65,3.4245524159639e-05,3.4245524159638e-05,3.9207579261563,1.0468460076743e-07,5.420351309276e-07
65.1,3.3916419549576e-05,3.3916419549575e-05,3.9207582552609,1.0268219956423e-07,5.3166711318298e-07
65.2,3.3590477684047e-05,3.3590477684046e-05,3.9207585812028,1.0071810017953e-07,5.2149741430335e-07
65.3,3.3267668168605e-05,3.3267668168604e-05,3.9207589040123,9.879156997829e-08,5.1152224085652e-07
65.4,3.2947960900896e-05,3.2947960900895e-05,3.9207592237196,9.6901890339257e-08,5.0173787197089e-07
65.5,3.2631326067855e-05,3.2631326067855e-05,3.9207595403544,9.5048356386936e-08,4.9214065794743e-07
65.6,3.2317734142927e-05,3.2317734142926e-05,3.9207598539463,9.3230276728648e-08,4.8272701889839e-07
65.7,3.2007155883308e-05,3.2007155883307e-05,3.9207601645246,9.1446973196634e-08,4.734934434119e-07
65.8,3.1699562327225e-05,3.1699562327224e-05,3.9207604721181,8.9697780595091e-08,4.6443648724219e-07
65.9,3.1394924791229e-05,3.1394924791228e-05,3.9207607767557,8.7982046452044e-08,4.555527720248e-07
66,3.1093214867526e-05,3.1093214867525e-05,3.9207610784656,8.6299130775965e-08,4.4683898401648e-07
66.1,3.0794404421323e-05,3.0794404421322e-05,3.9207613772761,8.464840581705e-08,4.3829187285905e-07
66.2,3.0498465588208e-05,3.0498465588208e-05,3.9207616732149,8.3029255833057e-08,4.2990825036699e-07
66.3,3.020537077155e-05,3.0205370771549e-05,3.9207619663097,8.1441076859626e-08,4.2168498933825e-07
66.4,2.9915092639925e-05,2.9915092639924e-05,3.9207622565878,7.9883276484995e-08,4.136190223877e-07
66.5,2.9627604124568e-05,2.9627604124568e-05,3.9207625440764,7.8355273629022e-08,4.0570734080298e-07
66.6,2.934287841685e-05,2.934287841685e-05,3.9207628288021,7.6856498326432e-08,3.9794699342223e-07
66.7,2.9060888965777e-05,2.9060888965776e-05,3.9207631107915,7.5386391514213e-08,3.9033508553323e-07
66.8,2.8781609475511e-05,2.8781609475511e-05,3.920763390071,7.3944404823083e-08,3.8286877779367e-07
66.9,2.8505013902926e-05,2.8505013902925e-05,3.9207636666666,7.2530000372934e-08,3.7554528517201e-07
67,2.8231076455169e-05,2.8231076455169e-05,3.920763940604,7.1142650572198e-08,3.6836187590865e-07
67.1,2.7959771587265e-05,2.7959771587265e-05,3.9207642119089,6.9781837921051e-08,3.6131587049692e-07
67.2,2.7691073999727e-05,2.7691073999726e-05,3.9207644806065,6.8447054818377e-08,3.5440464068361e-07
67.3,2.74249586362e-05,2.7424958636199e-05,3.9207647467218,6.7137803372424e-08,3.476256084886e-07
67.4,2.7161400681126e-05,2.7161400681125e-05,3.9207650102798,6.5853595215087e-08,3.4097624524322e-07
67.5,2.6900375557426e-05,2.6900375557425e-05,3.9207652713049,6.4593951319738e-08,3.3445407064703e-07
67.6,2.6641858924212e-05,2.6641858924212e-05,3.9207655298216,6.3358401822545e-08,3.2805665184265e-07
67.7,2.6385826674516e-05,2.6385826674516e-05,3.9207657858538,6.2146485847204e-08,3.2178160250825e-07
67.8,2.6132254933041e-05,2.613225493304e-05,3.9207660394255,6.0957751333028e-08,3.1562658196744e-07
67.9,2.5881120053933e-05,2.5881120053932e-05,3.9207662905604,5.979175486632e-08,3.0958929431615e-07
68,2.5632398618582e-05,2.5632398618581e-05,3.9207665392819,5.8648061514976e-08,3.0366748756624e-07
68.1,2.5386067433431e-05,2.538606743343e-05,3.920766785613,5.7526244666252e-08,2.9785895280547e-07
68.2,2.5142103527819e-05,2.5142103527818e-05,3.9207670295769,5.6425885867625e-08,2.9216152337355e-07
68.3,2.4900484151835e-05,2.4900484151834e-05,3.9207672711963,5.5346574670709e-08,2.8657307405395e-07
68.4,2.4661186774199e-05,2.4661186774198e-05,3.9207675104937,5.4287908478154e-08,2.8109152028115e-07
68.5,2.4424189080159e-05,2.4424189080159e-05,3.9207677474914,5.3249492393468e-08,2.7571481736311e-07
68.6,2.4189468969412e-05,2.4189468969412e-05,3.9207679822115,5.2230939073718e-08,2.7044095971853e-07
68.7,2.3957004554042e-05,2.3957004554042e-05,3.9207682146759,5.1231868585043e-08,2.6526798012874e-07
68.8,2.3726774156479e-05,2.3726774156478e-05,3.9207684449063,5.0251908260938e-08,2.6019394900395e-07
68.9,2.3498756307477e-05,2.3498756307476e-05,3.9207686729242,4.9290692563241e-08,2.5521697366344e-07
69,2.3272929744114e-05,2.3272929744113e-05,3.9207688987507,4.8347862945785e-08,2.5033519762958e-07
69.1,2.3049273407806e-05,2.3049273407806e-05,3.9207691224071,4.7423067720651e-08,2.4554679993535e-07
69.2,2.2827766442349e-05,2.2827766442348e-05,3.920769343914,4.651596192699e-08,2.4084999444507e-07
69.3,2.2608388191965e-05,2.2608388191964e-05,3.9207695632923,4.5626207202343e-08,2.3624302918817e-07
69.4,2.2391118199384e-05,2.2391118199384e-05,3.9207697805623,4.4753471656431e-08,2.3172418570569e-07
69.5,2.2175936203935e-05,2.2175936203934e-05,3.9207699957443,4.3897429747351e-08,2.2729177840925e-07
69.6,2.1962822139651e-05,2.1962822139651e-05,3.9207702088583,4.3057762160151e-08,2.2294415395228e-07
69.7,2.1751756133406e-05,2.1751756133405e-05,3.9207704199243,4.2234155687713e-08,2.1867969061338e-07
69.8,2.1542718503054e-05,2.1542718503054e-05,3.920770628962,4.1426303113933e-08,2.1449679769131e-07
69.9,2.1335689755601e-05,2.1335689755601e-05,3.9207708359907,4.0633903099114e-08,2.103939149117e-07
70,2.1130650585381e-05,2.1130650585381e-05,3.9207710410299,3.9856660067571e-08,2.06369511845e-07
70.1,2.0927581872259e-05,2.0927581872259e-05,3.9207712440986,3.9094284097373e-08,2.0242208733563e-07
70.2,2.0726464679848e-05,2.0726464679848e-05,3.9207714452158,3.8346490812201e-08,1.9855016894206e-07
70.3,2.0527280253742e-05,2.0527280253741e-05,3.9207716444002,3.7613001275269e-08,1.9475231238751e-07
70.4,2.0330010019767e-05,2.0330010019766e-05,3.9207718416705,3.6893541885278e-08,1.9102710102126e-07
70.5,2.0134635582251e-05,2.013463558225e-05,3.9207720370449,3.6187844274362e-08,1.8737314529019e-07
70.6,1.9941138722306e-05,1.9941138722305e-05,3.9207722305418,3.5495645207976e-08,1.837890822205e-07
70.7,1.974950139613e-05,1.974950139613e-05,3.9207724221791,3.4816686486715e-08,1.8027357490925e-07
70.8,1.9559705733327e-05,1.9559705733327e-05,3.9207726119747,3.4150714849995e-08,1.7682531202572e-07
70.9,1.9371734035236e-05,1.9371734035236e-05,3.9207727999464,3.3497481881589e-08,1.7344300732225e-07
71,1.9185568773282e-05,1.9185568773282e-05,3.9207729861117,3.2856743916959e-08,1.7012539915445e-07
71.1,1.9001192587345e-05,1.9001192587345e-05,3.9207731704879,3.222826195237e-08,1.668712500106e-07
71.2,1.8818588284136e-05,1.8818588284136e-05,3.9207733530922,3.1611801555737e-08,1.6367934605003e-07
71.3,1.8637738835598e-05,1.8637738835597e-05,3.9207735339416,3.1007132779179e-08,1.6054849665034e-07
71.4,1.8458627377313e-05,1.8458627377313e-05,3.9207737130531,3.0414030073245e-08,1.574775339633e-07
71.5,1.8281237206937e-05,1.8281237206936e-05,3.9207738904433,2.9832272202781e-08,1.5446531247921e-07
71.6,1.8105551782634e-05,1.8105551782633e-05,3.9207740661287,2.9261642164408e-08,1.5151070859962e-07
71.7,1.793155472154e-05,1.7931554721539e-05,3.9207742401258,2.8701927105573e-08,1.486126202182e-07
71.8,1.7759229798232e-05,1.7759229798231e-05,3.9207744124507,2.8152918245158e-08,1.4576996630966e-07
71.9,1.7588560943215e-05,1.7588560943215e-05,3.9207745831195,2.7614410795596e-08,1.4298168652649e-07
72,1.7419532241426e-05,1.7419532241426e-05,3.9207747521482,2.7086203886487e-08,1.4024674080346e-07
72.1,1.7252127930747e-05,1.7252127930746e-05,3.9207749195525,2.6568100489666e-08,1.3756410896964e-07
72.2,1.7086332400535e-05,1.7086332400535e-05,3.9207750853481,2.6059907345716e-08,1.3493279036787e-07
72.3,1.6922130190171e-05,1.6922130190171e-05,3.9207752495503,2.5561434891871e-08,1.3235180348152e-07
72.4,1.6759505987612e-05,1.6759505987612e-05,3.9207754121745,2.5072497191313e-08,1.2982018556834e-07
72.5,1.6598444627967e-05,1.6598444627967e-05,3.9207755732358,2.4592911863815e-08,1.2733699230137e-07
72.6,1.6438931092082e-05,1.6438931092082e-05,3.9207757327494,2.4122500017705e-08,1.2490129741667e-07
72.7,1.6280950505139e-05,1.6280950505139e-05,3.92077589073,2.3661086183144e-08,1.2251219236784e-07
72.8,1.6124488135269e-05,1.6124488135269e-05,3.9207760471923,2.3208498246668e-08,1.2016878598709e-07
72.9,1.596952939218e-05,1.5969529392179e-05,3.9207762021511,2.2764567386991e-08,1.1787020415287e-07
73,1.5816059825792e-05,1.5816059825792e-05,3.9207763556206,2.2329128012032e-08,1.1561558946373e-07
73.1,1.5664065124895e-05,1.5664065124895e-05,3.9207765076154,2.1902017697144e-08,1.1340410091858e-07
73.2,1.5513531115811e-05,1.5513531115811e-05,3.9207766581494,2.1483077124531e-08,1.1123491360294e-07
73.3,1.5364443761073e-05,1.5364443761073e-05,3.9207768072367,2.1072150023819e-08,1.0910721838126e-07
73.4,1.5216789158117e-05,1.5216789158116e-05,3.9207769548913,2.0669083113764e-08,1.0702022159508e-07
73.5,1.5070553537983e-05,1.5070553537982e-05,3.9207771011269,2.0273726045077e-08,1.0497314476699e-07
73.6,1.4925723264034e-05,1.4925723264034e-05,3.9207772459572,1.9885931344344e-08,1.0296522431027e-07
73.7,1.4782284830684e-05,1.4782284830683e-05,3.9207773893956,1.9505554359012e-08,1.0099571124402e-07
73.8,1.4640224862135e-05,1.4640224862135e-05,3.9207775314556,1.9132453203434e-08,9.906387091382e-08
73.9,1.4499530111136e-05,1.4499530111135e-05,3.9207776721504,1.8766488705944e-08,9.7168982717684e-08
74,1.436018745774e-05,1.436018745774e-05,3.920777811493,1.8407524356946e-08,9.5310339837249e-08
74.1,1.4222183908088e-05,1.4222183908088e-05,3.9207779494966,1.8055426257989e-08,9.3487248974139e-08
74.2,1.4085506593193e-05,1.4085506593193e-05,3.9207780861739,1.7710063071826e-08,9.1699030091349e-08
74.3,1.395014276774e-05,1.395014276774e-05,3.9207782215377,1.737130597342e-08,8.9945016159586e-08
74.4,1.3816079808899e-05,1.3816079808899e-05,3.9207783556007,1.7039028601893e-08,8.8224552908455e-08
74.5,1.3683305215147e-05,1.3683305215147e-05,3.9207784883753,1.6713107013392e-08,8.6536998582408e-08
74.6,1.3551806605104e-05,1.3551806605104e-05,3.9207786198739,1.6393419634852e-08,8.4881723701361e-08
74.7,1.3421571716374e-05,1.3421571716374e-05,3.9207787501088,1.6079847218654e-08,8.3258110825893e-08
74.8,1.3292588404407e-05,1.3292588404407e-05,3.9207788790921,1.5772272798139e-08,8.1665554326927e-08
74.9,1.3164844641363e-05,1.3164844641363e-05,3.9207790068358,1.547058164398e-08,8.0103460159825e-08
75,1.3038328514992e-05,1.3038328514992e-05,3.920779133352,1.5174661221387e-08,7.8571245642804e-08
75.1,1.2913028227521e-05,1.291302822752e-05,3.9207792586522,1.4884401148128e-08,7.7068339239583e-08
75.2,1.2788932094556e-05,1.2788932094556e-05,3.9207793827484,1.4599693153357e-08,7.5594180346196e-08
75.3,1.2666028543993e-05,1.2666028543993e-05,3.9207795056519,1.4320431037226e-08,7.414821908188e-08
75.4,1.2544306114937e-05,1.2544306114937e-05,3.9207796273744,1.4046510631273e-08,7.2729916083959e-08
75.5,1.2423753456633e-05,1.2423753456633e-05,3.920779747927,1.3777829759563e-08,7.1338742306656e-08
75.6,1.2304359327409e-05,1.2304359327408e-05,3.9207798673211,1.3514288200577e-08,6.9974178823752e-08
75.7,1.2186112593627e-05,1.2186112593626e-05,3.9207799855679,1.3255787649829e-08,6.8635716635022e-08
75.8,1.2069002228645e-05,1.2069002228645e-05,3.9207801026782,1.3002231683194e-08,6.7322856476365e-08
75.9,1.1953017311791e-05,1.195301731179e-05,3.9207802186632,1.2753525720943e-08,6.603510863358e-08
76,1.1838147027337e-05,1.1838147027337e-05,3.9207803335334,1.2509576992463e-08,6.4771992759689e-08
76.1,1.1724380663501e-05,1.1724380663501e-05,3.9207804472998,1.2270294501652e-08,6.3533037695766e-08
76.2,1.161170761144e-05,1.161170761144e-05,3.9207805599729,1.2035588992976e-08,6.2317781295184e-08
76.3,1.1500117364264e-05,1.1500117364264e-05,3.9207806715631,1.1805372918175e-08,6.1125770251235e-08
76.4,1.1389599516057e-05,1.1389599516057e-05,3.920780782081,1.157956040361e-08,5.9956559928033e-08
76.5,1.1280143760904e-05,1.1280143760904e-05,3.9207808915367,1.1358067218225e-08,5.8809714194664e-08
76.6,1.1171739891932e-05,1.1171739891932e-05,3.9207809999406,1.1140810742133e-08,5.7684805262501e-08
76.7,1.1064377800357e-05,1.1064377800357e-05,3.9207811073027,1.0927709935796e-08,5.6581413525635e-08
76.8,1.0958047474543e-05,1.0958047474542e-05,3.920781213633,1.0718685309793e-08,5.5499127404354e-08
76.9,1.0852738999066e-05,1.0852738999065e-05,3.9207813189415,1.0513658895175e-08,5.443754319162e-08
77,1.0748442553791e-05,1.0748442553791e-05,3.9207814232379,1.0312554214378e-08,5.3396264902483e-08
77.1,1.0645148412958e-05,1.0645148412958e-05,3.9207815265321,1.0115296252695e-08,5.2374904126368e-08
77.2,1.054284694427e-05,1.054284694427e-05,3.9207816288335,9.9218114302991e-09,5.1373079882198e-08
77.3,1.0441528608e-05,1.0441528608e-05,3.9207817301519,9.7320275747912e-09,5.039041847628e-08
77.4,1.0341183956098e-05,1.0341183956098e-05,3.9207818304965,9.5458738942836e-09,4.9426553362911e-08
77.5,1.0241803631312e-05,1.0241803631312e-05,3.9207819298768,9.3632809509913e-09,4.8481125007658e-08
77.6,1.0143378366314e-05,1.0143378366313e-05,3.9207820283021,9.1841806353316e-09,4.7553780753239e-08
77.7,1.0045898982835e-05,1.0045898982835e-05,3.9207821257815,9.0085061405179e-09,4.6644174687983e-08
77.8,9.9493563908146e-06,9.9493563908144e-06,3.9207822223241,8.8361919376403e-09,4.5751967516797e-08
77.9,9.8537415875453e-06,9.8537415875451e-06,3.9207823179389,8.667173751222e-09,4.4876826434606e-08
78,9.7590456568387e-06,9.7590456568385e-06,3.9207824126348,8.5013885352442e-09,4.4018425002211e-08
78.1,9.665259768192e-06,9.6652597681918e-06,3.9207825064207,8.3387744496285e-09,4.3176443024526e-08
78.2,9.572375175965e-06,9.5723751759648e-06,3.9207825993053,8.1792708371704e-09,4.2350566431136e-08
78.3,9.4803832185641e-06,9.4803832185639e-06,3.9207826912973,8.0228182009127e-09,4.154048715915e-08
78.4,9.3892753176352e-06,9.389275317635e-06,3.9207827824052,7.869358181953e-09,4.0745903038284e-08
78.5,9.2990429772633e-06,9.2990429772631e-06,3.9207828726375,7.7188335376746e-09,3.9966517678153e-08
78.6,9.2096777831805e-06,9.2096777831803e-06,3.9207829620027,7.5711881203942e-09,3.9202040357709e-08
78.7,9.1211714019813e-06,9.1211714019811e-06,3.9207830505091,7.4263668564186e-09,3.8452185916801e-08
78.8,9.0335155803453e-06,9.0335155803451e-06,3.9207831381649,7.2843157255008e-09,3.7716674649805e-08
78.9,8.9467021442679e-06,8.9467021442677e-06,3.9207832249783,7.1449817406903e-09,3.699523220129e-08
79,8.8607229982979e-06,8.8607229982977e-06,3.9207833109575,7.0083129285678e-09,3.6287589463682e-08
79.1,8.7755701247826e-06,8.7755701247823e-06,3.9207833961104,6.874258309859e-09,3.5593482476879e-08
79.2,8.69123558312e-06,8.6912355831197e-06,3.9207834804449,6.7427678804181e-09,3.4912652329797e-08
79.3,8.6077115090186e-06,8.6077115090184e-06,3.920783563969,6.6137925925757e-09,3.4244845063785e-08
79.4,8.524990113764e-06,8.5249901137637e-06,3.9207836466904,6.4872843368437e-09,3.3589811577901e-08
79.5,8.4430636834922e-06,8.443063683492e-06,3.9207837286168,6.3631959239696e-09,3.294730753599e-08
79.6,8.3619245784711e-06,8.3619245784709e-06,3.9207838097559,6.2414810673341e-09,3.2317093275549e-08
79.7,8.281565232387e-06,8.2815652323868e-06,3.9207838901152,6.122094365686e-09,3.1698933718322e-08
79.8,8.20197815164e-06,8.2019781516398e-06,3.9207839697023,6.0049912862065e-09,3.1092598282619e-08
79.9,8.1231559146446e-06,8.1231559146444e-06,3.9207840485246,5.8901281478982e-09,3.0497860797304e-08
80,8.045091171138e-06,8.0450911711378e-06,3.9207841265893,5.7774621052913e-09,2.9914499417427e-08
80.1,7.9677766414944e-06,7.9677766414942e-06,3.9207842039038,5.6669511324618e-09,2.9342296541479e-08
80.2,7.8912051160464e-06,7.8912051160462e-06,3.9207842804754,5.5585540073553e-09,2.878103873022e-08
80.3,7.8153694544125e-06,7.8153694544123e-06,3.920784356311,5.4522302964104e-09,2.8230516627062e-08
80.4,7.7402625848314e-06,7.7402625848313e-06,3.9207844314179,5.3479403394768e-09,2.769052487998e-08
80.5,7.6658775035025e-06,7.6658775035023e-06,3.920784505803,5.2456452350211e-09,2.7160862064911e-08
80.6,7.5922072739326e-06,7.5922072739324e-06,3.9207845794732,5.1453068256164e-09,2.6641330610619e-08
80.7,7.5192450262894e-06,7.5192450262892e-06,3.9207846524354,5.0468876837091e-09,2.6131736725e-08
80.8,7.4469839567607e-06,7.4469839567605e-06,3.9207847246965,4.9503510976574e-09,2.5631890322795e-08
80.9,7.3754173269199e-06,7.3754173269197e-06,3.9207847962631,4.855661058038e-09,2.5141604954686e-08
81,7.3045384630978e-06,7.3045384630976e-06,3.920784867142,4.7627822442138e-09,2.4660697737745e-08
81.1,7.2343407557599e-06,7.2343407557598e-06,3.9207849373397,4.6716800111587e-09,2.418898928722e-08
81.2,7.1648176588907e-06,7.1648176588905e-06,3.9207850068628,4.582320376535e-09,2.3726303649621e-08
81.3,7.0959626893825e-06,7.0959626893824e-06,3.9207850757178,4.4946700080171e-09,2.3272468237085e-08
81.4,7.0277694264316e-06,7.0277694264314e-06,3.920785143911,4.4086962108582e-09,2.2827313763001e-08
81.5,6.9602315109388e-06,6.9602315109386e-06,3.920785211449,4.324366915695e-09,2.2390674178862e-08
81.6,6.8933426449171e-06,6.8933426449169e-06,3.9207852783378,4.2416506665849e-09,2.1962386612328e-08
81.7,6.827096590904e-06,6.8270965909038e-06,3.9207853445839,4.1605166092732e-09,2.1542291306474e-08
81.8,6.7614871713798e-06,6.7614871713797e-06,3.9207854101933,4.0809344796833e-09,2.1130231560193e-08
81.9,6.6965082681921e-06,6.6965082681919e-06,3.9207854751722,4.0028745926284e-09,2.072605366975e-08
82,6.6321538219843e-06,6.6321538219841e-06,3.9207855395267,3.9263078307381e-09,2.0329606871447e-08
82.1,6.5684178316316e-06,6.5684178316314e-06,3.9207856032626,3.8512056335977e-09,1.9940743285385e-08
82.2,6.5052943536806e-06,6.5052943536804e-06,3.9207856663861,3.7775399870943e-09,1.9559317860302e-08
82.3,6.4427775017955e-06,6.4427775017953e-06,3.920785728903,3.7052834129675e-09,1.918518831947e-08
82.4,6.3808614462091e-06,6.380861446209e-06,3.920785790819,3.6344089585594e-09,1.8818215107624e-08
82.5,6.3195404131792e-06,6.319540413179e-06,3.9207858521401,3.5648901867612e-09,1.84582613389e-08
82.6,6.2588086844498e-06,6.2588086844497e-06,3.9207859128718,3.4967011661515e-09,1.8105192745783e-08
82.7,6.1986605967186e-06,6.1986605967184e-06,3.9207859730199,3.4298164613239e-09,1.7758877629018e-08
82.8,6.1390905411082e-06,6.139090541108e-06,3.9207860325899,3.3642111233987e-09,1.7419186808485e-08
82.9,6.0800929626435e-06,6.0800929626433e-06,3.9207860915875,3.2998606807173e-09,1.7085993575017e-08
83,6.0216623597334e-06,6.0216623597333e-06,3.9207861500181,3.2367411297135e-09,1.6759173643129e-08
83.1,5.9637932836581e-06,5.963793283658e-06,3.9207862078872,3.1748289259598e-09,1.6438605104666e-08
83.2,5.9064803380607e-06,5.9064803380606e-06,3.9207862652001,3.1141009753855e-09,1.6124168383322e-08
83.3,5.8497181784441e-06,5.849718178444e-06,3.9207863219623,3.0545346256618e-09,1.5815746190042e-08
83.4,5.7935015116727e-06,5.7935015116725e-06,3.920786378179,2.9961076577525e-09,1.5513223479268e-08
83.5,5.7378250954785e-06,5.7378250954784e-06,3.9207864338554,2.9387982776258e-09,1.5216487406028e-08
83.6,5.6826837379728e-06,5.6826837379726e-06,3.9207864889967,2.8825851081248e-09,1.4925427283843e-08
83.7,5.6280722971614e-06,5.6280722971613e-06,3.9207865436082,2.827447180994e-09,1.4639934543437e-08
83.8,5.5739856804658e-06,5.5739856804656e-06,3.9207865976948,2.7733639290572e-09,1.4359902692242e-08
83.9,5.5204188442475e-06,5.5204188442474e-06,3.9207866512616,2.7203151785462e-09,1.4085227274673e-08
84,5.4673667933385e-06,5.4673667933384e-06,3.9207867043137,2.6682811415755e-09,1.3815805833168e-08
84.1,5.414824580575e-06,5.4148245805749e-06,3.9207867568559,2.617242408761e-09,1.3551537869965e-08
84.2,5.3627873063361e-06,5.362787306336e-06,3.9207868088932,2.5671799419803e-09,1.3292324809619e-08
84.3,5.311250118087e-06,5.3112501180869e-06,3.9207868604304,2.5180750672712e-09,1.303806996223e-08
84.4,5.2602082099266e-06,5.2602082099265e-06,3.9207869114723,2.4699094678661e-09,1.2788678487378e-08
84.5,5.2096568221392e-06,5.209656822139e-06,3.9207869620237,2.4226651773593e-09,1.2544057358742e-08
84.6,5.1595912407505e-06,5.1595912407503e-06,3.9207870120892,2.3763245730055e-09,1.2304115329409e-08
84.7,5.1100067970884e-06,5.1100067970882e-06,3.9207870616737,2.3308703691466e-09,1.2068762897826e-08
84.8,5.0608988673474e-06,5.0608988673472e-06,3.9207871107816,2.2862856107631e-09,1.1837912274424e-08
84.9,5.0122628721573e-06,5.0122628721572e-06,3.9207871594176,2.2425536671507e-09,1.1611477348867e-08
85,4.9640942761567e-06,4.9640942761566e-06,3.9207872075862,2.199658225716e-09,1.1389373657934e-08
85.1,4.9163885875693e-06,4.9163885875692e-06,3.9207872552919,2.1575832858918e-09,1.1171518354011e-08
85.2,4.8691413577857e-06,4.8691413577856e-06,3.9207873025391,2.1163131531694e-09,1.0957830174186e-08
85.3,4.8223481809482e-06,4.822348180948e-06,3.9207873493323,2.0758324332432e-09,1.0748229409944e-08
85.4,4.77600469354e-06,4.7760046935398e-06,3.9207873956758,2.0361260262693e-09,1.0542637877427e-08
85.5,4.7301065739784e-06,4.7301065739783e-06,3.9207874415739,1.9971791212329e-09,1.0340978888274e-08
85.6,4.6846495422119e-06,4.6846495422117e-06,3.9207874870309,1.9589771904231e-09,1.0143177221015e-08
85.7,4.6396293593207e-06,4.6396293593205e-06,3.9207875320511,1.9215059840147e-09,9.9491590930118e-09
85.8,4.5950418271217e-06,4.5950418271216e-06,3.9207875766386,1.8847515247519e-09,9.7588521329372e-09
85.9,4.5508827877772e-06,4.5508827877771e-06,3.9207876207977,1.8487001027354e-09,9.5721853537779e-09
86,4.5071481234067e-06,4.5071481234066e-06,3.9207876645324,1.813338270308e-09,9.3890891263563e-09
86.1,4.4638337557032e-06,4.463833755703e-06,3.9207877078467,1.7786528370384e-09,9.209495153358e-09
86.2,4.4209356455528e-06,4.4209356455527e-06,3.9207877507448,1.7446308648013e-09,9.0333364438558e-09
86.3,4.3784497926582e-06,4.3784497926581e-06,3.9207877932307,1.7112596629511e-09,8.8605472883212e-09
86.4,4.3363722351655e-06,4.3363722351654e-06,3.9207878353082,1.6785267835882e-09,8.6910632341139e-09
86.5,4.2946990492949e-06,4.2946990492948e-06,3.9207878769814,1.6464200169155e-09,8.5248210614401e-09
86.6,4.2534263489744e-06,4.2534263489743e-06,3.9207879182541,1.6149273866846e-09,8.3617587597706e-09
86.7,4.2125502854782e-06,4.2125502854781e-06,3.9207879591302,1.5840371457277e-09,8.2018155047103e-09
86.8,4.1720670470669e-06,4.1720670470668e-06,3.9207879996134,1.5537377715766e-09,8.0449316353098e-09
86.9,4.1319728586328e-06,4.1319728586327e-06,3.9207880397076,1.5240179621638e-09,7.8910486318106e-09
87,4.0922639813473e-06,4.0922639813472e-06,3.9207880794165,1.4948666316074e-09,7.7401090938174e-09
87.1,4.0529367123127e-06,4.0529367123126e-06,3.9207881187438,1.4662729060756e-09,7.5920567188861e-09
87.2,4.0139873842166e-06,4.0139873842165e-06,3.9207881576931,1.4382261197305e-09,7.4468362815227e-09
87.3,3.9754123649901e-06,3.97541236499e-06,3.9207881962681,1.4107158107499e-09,7.3043936125835e-09
87.4,3.9372080574689e-06,3.9372080574687e-06,3.9207882344724,1.3837317174247e-09,7.164675579069e-09
87.5,3.899370899058e-06,3.8993708990579e-06,3.9207882723096,1.3572637743312e-09,7.0276300643048e-09
87.6,3.8618973613997e-06,3.8618973613995e-06,3.9207883097831,1.3313021085766e-09,6.8932059485013e-09
87.7,3.824783950044e-06,3.8247839500439e-06,3.9207883468965,1.3058370361162e-09,6.7613530896854e-09
87.8,3.7880272041233e-06,3.7880272041232e-06,3.9207883836533,1.2808590581411e-09,6.6320223049971e-09
87.9,3.7516236960295e-06,3.7516236960294e-06,3.9207884200568,1.2563588575352e-09,6.5051653523429e-09
88,3.7155700310942e-06,3.7155700310941e-06,3.9207884561104,1.2323272953996e-09,6.3807349124019e-09
88.1,3.6798628472723e-06,3.6798628472722e-06,3.9207884918176,1.2087554076439e-09,6.2586845709742e-09
88.2,3.6444988148285e-06,3.6444988148284e-06,3.9207885271817,1.1856344016421e-09,6.1389688016682e-09
88.3,3.6094746360267e-06,3.6094746360266e-06,3.9207885622058,1.1629556529532e-09,6.0215429489186e-09
88.4,3.5747870448225e-06,3.5747870448224e-06,3.9207885968934,1.140710702104e-09,5.9063632113294e-09
88.5,3.5404328065588e-06,3.5404328065587e-06,3.9207886312477,1.1188912514336e-09,5.7933866253349e-09
88.6,3.506408717664e-06,3.5064087176639e-06,3.9207886652718,1.0974891619983e-09,5.6825710491744e-09
88.7,3.4727116053532e-06,3.4727116053531e-06,3.9207886989689,1.0764964505357e-09,5.5738751471725e-09
88.8,3.4393383273326e-06,3.4393383273325e-06,3.9207887323421,1.0559052864869e-09,5.4672583743199e-09
88.9,3.4062857715061e-06,3.406285771506e-06,3.9207887653947,1.0357079890752e-09,5.3626809611504e-09
89,3.3735508556856e-06,3.3735508556855e-06,3.9207887981296,1.0158970244416e-09,5.2601038989057e-09
89.1,3.341130527303e-06,3.3411305273029e-06,3.9207888305499,9.9646500283422e-10,5.159488924985e-09
89.2,3.3090217631261e-06,3.309021763126e-06,3.9207888626587,9.7740467585209e-10,5.0607985086721e-09
89.3,3.2772215689761e-06,3.277221568976e-06,3.9207888944589,9.5870893374111e-10,4.9639958371366e-09
89.4,3.245726979449e-06,3.2457269794489e-06,3.9207889259535,9.403708027422e-10,4.8690448017017e-09
89.5,3.2145350576386e-06,3.2145350576385e-06,3.9207889571454,9.2238344248997e-10,4.7759099843753e-09
89.6,3.1836428948629e-06,3.1836428948628e-06,3.9207889880376,9.0474014346115e-10,4.6845566446388e-09
89.7,3.1530476103927e-06,3.1530476103927e-06,3.9207890186329,8.8743432447184e-10,4.5949507064883e-09
89.8,3.1227463511832e-06,3.1227463511831e-06,3.9207890489341,8.7045953022268e-10,4.5070587457236e-09
89.9,3.0927362916075e-06,3.0927362916074e-06,3.9207890789442,8.538094288909e-10,4.4208479774811e-09
90,3.0630146331936e-06,3.0630146331935e-06,3.9207891086658,8.374778097685e-10,4.3362862440038e-09
90.1,3.0335786043632e-06,3.0335786043631e-06,3.9207891381019,8.2145858094555e-10,4.2533420026469e-09
90.2,3.0044254601733e-06,3.0044254601732e-06,3.920789167255,8.0574576703782e-10,4.1719843141112e-09
90.3,2.9755524820601e-06,2.97555248206e-06,3.920789196128,7.9033350695791e-10,4.0921828309029e-09
90.4,2.9469569775858e-06,2.9469569775858e-06,3.9207892247235,7.7521605172897e-10,4.0139077860134e-09
90.5,2.9186362801873e-06,2.9186362801872e-06,3.9207892530442,7.6038776234025e-10,3.9371299818156e-09
90.6,2.8905877489272e-06,2.8905877489272e-06,3.9207892810927,7.458431076437e-10,3.8618207791732e-09
90.7,2.8628087682485e-06,2.8628087682484e-06,3.9207893088717,7.3157666229076e-10,3.7879520867574e-09
90.8,2.8352967477296e-06,2.8352967477295e-06,3.9207893363837,7.1758310470861e-10,3.7154963505691e-09
90.9,2.8080491218435e-06,2.8080491218434e-06,3.9207893636314,7.038572151152e-10,3.6444265436603e-09
91,2.7810633497182e-06,2.7810633497182e-06,3.9207893906171,6.9039387357217e-10,3.5747161560532e-09
91.1,2.7543369149e-06,2.7543369148999e-06,3.9207894173436,6.7718805807507e-10,3.5063391848511e-09
91.2,2.7278673251184e-06,2.7278673251183e-06,3.9207894438132,6.6423484268005e-10,3.4392701245395e-09
91.3,2.7016521120543e-06,2.7016521120542e-06,3.9207894700284,6.5152939566646e-10,3.3734839574717e-09
91.4,2.6756888311093e-06,2.6756888311093e-06,3.9207894959916,6.3906697773452e-10,3.3089561445375e-09
91.5,2.6499750611782e-06,2.6499750611781e-06,3.9207895217054,6.2684294023751e-10,3.2456626160091e-09
91.6,2.6245084044227e-06,2.6245084044226e-06,3.9207895471721,6.1485272344778e-10,3.1835797625633e-09
91.7,2.5992864860482e-06,2.5992864860481e-06,3.920789572394,6.0309185485587e-10,3.1226844264747e-09
91.8,2.5743069540823e-06,2.5743069540823e-06,3.9207895973735,5.9155594750225e-10,3.0629538929774e-09
91.9,2.5495674791554e-06,2.5495674791554e-06,3.920789622113,5.8024069834092e-10,3.0043658817926e-09
92,2.5250657542834e-06,2.5250657542834e-06,3.9207896466147,5.6914188663427e-10,2.9468985388171e-09
92.1,2.5007994946527e-06,2.5007994946527e-06,3.920789670881,5.5825537237876e-10,2.890530427972e-09
92.2,2.4767664374071e-06,2.4767664374071e-06,3.920789694914,5.4757709476057e-10,2.8352405232064e-09
92.3,2.4529643414369e-06,2.4529643414368e-06,3.9207897187161,5.3710307064093e-10,2.7810082006546e-09
92.4,2.4293909871695e-06,2.4293909871694e-06,3.9207897422895,5.2682939307031e-10,2.727813230943e-09
92.5,2.406044176363e-06,2.4060441763629e-06,3.9207897656363,5.1675222983111e-10,2.6756357716443e-09
92.6,2.3829217319009e-06,2.3829217319008e-06,3.9207897887587,5.0686782200814e-10,2.6244563598761e-09
92.7,2.360021497589e-06,2.360021497589e-06,3.920789811659,4.9717248258657e-10,2.574255905041e-09
92.8,2.3373413379546e-06,2.3373413379546e-06,3.9207898343391,4.8766259507655e-10,2.5250156817053e-09
92.9,2.3148791380471e-06,2.314879138047e-06,3.9207898568013,4.7833461216428e-10,2.4767173226145e-09
93,2.2926328032409e-06,2.2926328032408e-06,3.9207898790477,4.6918505438875e-10,2.4293428118418e-09
93.1,2.27060025904e-06,2.2706002590399e-06,3.9207899010802,4.6021050884391e-10,2.3828744780682e-09
93.2,2.2487794508848e-06,2.2487794508848e-06,3.920789922901,4.5140762790556e-10,2.3372949879906e-09
93.3,2.2271683439603e-06,2.2271683439602e-06,3.9207899445121,4.427731279827e-10,2.2925873398564e-09
93.4,2.2057649230061e-06,2.2057649230061e-06,3.9207899659156,4.3430378829265e-10,2.2487348571214e-09
93.5,2.1845671921292e-06,2.1845671921291e-06,3.9207899871133,4.2599644965969e-10,2.2057211822298e-09
93.6,2.1635731746169e-06,2.1635731746169e-06,3.9207900081073,4.1784801333664e-10,2.1635302705117e-09
93.7,2.1427809127536e-06,2.1427809127535e-06,3.9207900288996,4.0985543984898e-10,2.1221463841992e-09
93.8,2.1221884676371e-06,2.122188467637e-06,3.920790049492,4.020157478611e-10,2.0815540865553e-09
93.9,2.1017939189987e-06,2.1017939189986e-06,3.9207900698866,3.9432601306419e-10,2.0417382361161e-09
94,2.0815953650235e-06,2.0815953650235e-06,3.9207900900851,3.8678336708546e-10,2.0026839810428e-09
94.1,2.0615909221737e-06,2.0615909221736e-06,3.9207901100896,3.7938499641822e-10,1.9643767535817e-09
94.2,2.0417787250121e-06,2.041778725012e-06,3.9207901299018,3.7212814137236e-10,1.9268022646304e-09
94.3,2.022156926029e-06,2.022156926029e-06,3.9207901495235,3.6501009504496e-10,1.8899464984075e-09
94.4,2.0027236954695e-06,2.0027236954694e-06,3.9207901689568,3.5802820231059e-10,1.8537957072247e-09
94.5,1.9834772211627e-06,1.9834772211626e-06,3.9207901882033,3.5117985883094e-10,1.8183364063589e-09
94.6,1.9644157083531e-06,1.964415708353e-06,3.9207902072648,3.4446251008329e-10,1.7835553690218e-09
94.7,1.945537379533e-06,1.945537379533e-06,3.9207902261431,3.3787365040774e-10,1.7494396214264e-09
94.8,1.9268404742771e-06,1.926840474277e-06,3.92079024484,3.3141082207248e-10,1.7159764379478e-09
94.9,1.9083232490775e-06,1.9083232490774e-06,3.9207902633572,3.2507161435705e-10,1.6831533363758e-09
95,1.8899839771822e-06,1.8899839771821e-06,3.9207902816965,3.1885366265314e-10,1.6509580732596e-09
95.1,1.8718209484332e-06,1.8718209484331e-06,3.9207902998595,3.1275464758254e-10,1.6193786393401e-09
95.2,1.8538324691075e-06,1.8538324691074e-06,3.920790317848,3.0677229413194e-10,1.5884032550708e-09
95.3,1.8360168617591e-06,1.836016861759e-06,3.9207903356636,3.0090437080439e-10,1.5580203662237e-09
95.4,1.8183724650624e-06,1.8183724650624e-06,3.920790353308,2.9514868878689e-10,1.5282186395794e-09
95.5,1.8008976336575e-06,1.8008976336574e-06,3.9207903707828,2.8950310113391e-10,1.4989869586998e-09
95.6,1.7835907379964e-06,1.7835907379964e-06,3.9207903880897,2.839655019666e-10,1.4703144197812e-09
95.7,1.7664501641917e-06,1.7664501641916e-06,3.9207904052303,2.7853382568721e-10,1.4421903275874e-09
95.8,1.7494743138653e-06,1.7494743138652e-06,3.9207904222062,2.7320604620868e-10,1.4146041914601e-09
95.9,1.732661604e-06,1.732661604e-06,3.9207904390189,2.6798017619877e-10,1.3875457214056e-09
96,1.7160104667916e-06,1.7160104667916e-06,3.92079045567,2.6285426633886e-10,1.3610048242568e-09
96.1,1.6995193495027e-06,1.6995193495026e-06,3.9207904721611,2.5782640459679e-10,1.3349715999079e-09
96.2,1.6831867143178e-06,1.6831867143178e-06,3.9207904884938,2.5289471551361e-10,1.309436337622e-09
96.3,1.6670110382004e-06,1.6670110382003e-06,3.9207905046694,2.4805735950409e-10,1.2843895124085e-09
96.4,1.6509908127502e-06,1.6509908127501e-06,3.9207905206897,2.4331253217044e-10,1.2598217814703e-09
96.5,1.6351245440631e-06,1.635124544063e-06,3.9207905365559,2.3865846362932e-10,1.2357239807189e-09
96.6,1.6194107525915e-06,1.6194107525914e-06,3.9207905522697,2.340934178516e-10,1.2120871213559e-09
96.7,1.6038479730067e-06,1.6038479730066e-06,3.9207905678325,2.2961569201485e-10,1.1889023865201e-09
96.8,1.5884347540617e-06,1.5884347540617e-06,3.9207905832457,2.2522361586808e-10,1.1661611279988e-09
96.9,1.5731696584565e-06,1.5731696584565e-06,3.9207905985108,2.2091555110883e-10,1.1438548630017e-09
97,1.5580512627037e-06,1.5580512627036e-06,3.9207906136292,2.1668989077194e-10,1.1219752709971e-09
97.1,1.5430781569956e-06,1.5430781569956e-06,3.9207906286023,2.1254505863023e-10,1.1005141906076e-09
97.2,1.5282489450733e-06,1.5282489450732e-06,3.9207906434315,2.0847950860649e-10,1.0794636165666e-09
97.3,1.5135622440958e-06,1.5135622440958e-06,3.9207906581182,2.0449172419679e-10,1.0588156967314e-09
97.4,1.4990166845118e-06,1.4990166845118e-06,3.9207906726638,2.005802179048e-10,1.0385627291549e-09
97.5,1.4846109099313e-06,1.4846109099313e-06,3.9207906870696,1.9674353068695e-10,1.0186971592124e-09
97.6,1.4703435769996e-06,1.4703435769995e-06,3.9207907013369,1.9298023140815e-10,9.9921157678333e-10
97.7,1.4562133552716e-06,1.4562133552715e-06,3.9207907154671,1.8928891630801e-10,9.8009871348793e-10
97.8,1.4422189270882e-06,1.4422189270881e-06,3.9207907294615,1.8566820847716e-10,9.6135143997535e-10
97.9,1.4283589874531e-06,1.428358987453e-06,3.9207907433215,1.8211675734371e-10,9.4296276326462e-10
98,1.4146322439112e-06,1.4146322439112e-06,3.9207907570482,1.7863323816941e-10,9.2492582413613e-10
98.1,1.4010374164282e-06,1.4010374164282e-06,3.9207907706431,1.7521635155552e-10,9.0723389457301e-10
98.2,1.387573237271e-06,1.387573237271e-06,3.9207907841072,1.7186482295817e-10,8.8988037525156e-10
98.3,1.3742384508896e-06,1.3742384508896e-06,3.920790797442,1.6857740221284e-10,8.7285879307954e-10
98.4,1.3610318138002e-06,1.3610318138002e-06,3.9207908106487,1.6535286306813e-10,8.561627987817e-10
98.5,1.3479520944688e-06,1.3479520944688e-06,3.9207908237284,1.6219000272828e-10,8.3978616453132e-10
98.6,1.3349980731968e-06,1.3349980731968e-06,3.9207908366824,1.5908764140456e-10,8.2372278162724e-10
98.7,1.3221685420071e-06,1.3221685420071e-06,3.9207908495119,1.5604462187516e-10,8.0796665821519e-10
98.8,1.3094623045313e-06,1.3094623045313e-06,3.9207908622182,1.5305980905355e-10,7.9251191705274e-10
98.9,1.2968781758985e-06,1.2968781758984e-06,3.9207908748023,1.5013208956507e-10,7.7735279331704e-10
99,1.2844149826242e-06,1.2844149826242e-06,3.9207908872655,1.4726037133164e-10,7.6248363245443e-10
99.1,1.2720715625018e-06,1.2720715625018e-06,3.9207908996089,1.4444358316436e-10,7.4789888807127e-10
99.2,1.2598467644932e-06,1.2598467644932e-06,3.9207909118337,1.41680674364e-10,7.33593119865e-10
99.3,1.2477394486222e-06,1.2477394486222e-06,3.920790923941,1.3897061432903e-10,7.1956099159486e-10
99.4,1.235748485868e-06,1.2357484858679e-06,3.920790935932,1.3631239217121e-10,7.0579726909144e-10
99.5,1.2238727580595e-06,1.2238727580595e-06,3.9207909478077,1.3370501633853e-10,6.9229681830419e-10
99.6,1.2121111577718e-06,1.2121111577718e-06,3.9207909595693,1.3114751424532e-10,6.7905460338642e-10
99.7,1.2004625882223e-06,1.2004625882223e-06,3.9207909712179,1.2863893190946e-10,6.6606568481682e-10
99.8,1.1889259631688e-06,1.1889259631687e-06,3.9207909827545,1.2617833359657e-10,6.5332521755698e-10
99.9,1.1775002068078e-06,1.1775002068077e-06,3.9207909941803,1.2376480147094e-10,6.408284492441e-10
100,1.1661842536746e-06,1.1661842536746e-06,3.9207910054962,1.2139743525315e-10,6.2857071841833e-10
