time_s,ocv_minus_terminal_energy_J,heat_J,rc_storage_J,residual_J
0.1,0.0044538104141125,0.0044484533139699,5.3571001425868e-06,-1.475531394117e-18
0.2,0.0089183350285101,0.0088971120633199,2.1222965190179e-05,-3.5812553009912e-18
0.3,0.013393470878125,0.013346176269609,4.7294608516143e-05,-4.7975946132484e-18
0.4,0.017879115987401,0.017795840168395,8.3275819005501e-05,-8.0908587121731e-18
0.5,0.022375169360778,0.022246292338743,0.00012887702203537,-1.1980434005965e-17
0.6,0.026881530973283,0.026697715830078,0.00018381514320508,-1.1655173354219e-17
0.7,0.031398101761195,0.031150288286433,0.00024781347476246,-1.3118846287075e-17
0.8,0.035924783612812,0.035604182068138,0.00032060154467393,-1.2197274440462e-17
0.9,0.040461479359299,0.040059564371012,0.00040191498828694,-1.4311468676809e-17
1,0.045008092765627,0.044516597343093,0.00049149542253423,-1.4636729328554e-17
1.1,0.049564528521603,0.048975438198972,0.00058909032263072,-2.2226144535953e-17
1.2,0.054130692232976,0.053436239331762,0.00069445290121414,-2.8839777788114e-17
1.3,0.058706490412641,0.057899148422759,0.00080734198988222,-2.471980953267e-17
1.4,0.063291830471916,0.062364308548836,0.00092752192307953,-2.092510192897e-17
1.5,0.067886620711909,0.066831858287621,0.0010547624242883,-2.6671373443143e-17
1.6,0.072490770314972,0.071301931820494,0.0011888384944782,-2.2334564753201e-17
1.7,0.077104189336224,0.075774659033453,0.0013295303027718,-2.1900883884207e-17
1.8,0.081726788695171,0.08025016561589,0.0014766230792811,-2.6237692574149e-17
1.9,0.086358480167393,0.084728573157319,0.0016299070100746,-3.2742905609062e-17
2,0.090999176376322,0.089209999242091,0.0017891771342316,-3.664603343001e-17
2.1,0.095648790785092,0.093694557542147,0.0019542332429449,-3.5995512126519e-17
2.2,0.10030723768847,0.098182357907836,0.0021248797806304,-3.4694469519536e-17
2.3,0.10497443220485,0.10267350645685,0.0023009257480048,-3.3827107781548e-17
2.4,0.10965029026838,0.10716810566129,0.0024821846070942,-3.816391647149e-17
2.5,0.11433472862107,0.11166625443293,0.0026684741881345,-3.5995512126519e-17
2.6,0.11902766480505,0.11616804820672,0.0028596165983268,-3.2959746043559e-17
2.7,0.12372901715489,0.12067357902248,0.0030554381324129,-2.9490299091606e-17
2.8,0.12843870478999,0.12518293560496,0.0032557691850338,-1.9949319973733e-17
2.9,0.133156647607,0.12969620344216,0.0034604441648375,-3.2526065174565e-17
3,0.1378827662724,0.13421346486209,0.0036693014103012,-1.8648277366751e-17
3.1,0.14261698221504,0.13873479910781,0.0038821831072348,-4.0332320816461e-17
3.2,0.1473592176189,0.14326028241097,0.0040989352079335,-6.0715321659188e-17
3.3,0.15210939541575,0.1477899880638,0.004319407351945,-6.2450045135165e-17
3.4,0.15686743927799,0.15232398648957,0.0045434527884233,-6.2450045135165e-17
3.5,0.16163327361158,0.15686234531154,0.0047709283000345,-6.5919492087119e-17
3.6,0.1664068235489,0.16140512942052,0.0050016941283865,-7.1123662515049e-17
3.7,0.17118801494187,0.16595240104091,0.0052356139009526,-7.632783294298e-17
3.8,0.17597677435494,0.17050421979548,0.0054725545594585,-9.9746599868666e-17
3.9,0.1807730290583,0.1750606427686,0.0057123862897055,-9.5409791178724e-17
4,0.18557670702111,0.17962172456831,0.0059549824528008,-1.0321604682062e-16
4.1,0.19038773690472,0.18418751738695,0.0062002195177685,-1.275021754843e-16
4.2,0.19520604805607,0.18875807106056,0.0064479769955126,-1.196959198424e-16
4.3,0.2000315705011,0.193333433127,0.0066981373741073,-1.1275702593849e-16
4.4,0.20486423493819,0.19791364888281,0.0069505860553869,-1.2056328158039e-16
4.5,0.20970397273174,0.20249876143892,0.0072052112928117,-1.2229800505636e-16
4.6,0.21455071590572,0.20708881177513,0.0074619041305833,-1.3964523981613e-16
4.7,0.21940439713738,0.21168383879339,0.0077205583439854,-1.4831885719602e-16
4.8,0.22426494975095,0.21628387937002,0.0079810703809263,-1.4745149545803e-16
4.9,0.22913230771143,0.22088896840677,0.0082433393046592,-1.6132928326584e-16
5,0.2340064056184,0.22549913888074,0.0085072667376574,-1.5265566588596e-16
5.1,0.23888717869998,0.23011442189336,0.0087727568066218,-1.3530843112619e-16
5.2,0.24377456280675,0.23473484671815,0.0090397160885977,-1.2143064331838e-16
5.3,0.24866849440575,0.23936044084757,0.0093080535581809,-1.196959198424e-16
5.4,0.25356891057461,0.24399123003882,0.0095776805357891,-1.1796119636642e-16
5.5,0.25847574899564,0.24862723835866,0.0098485106369808,-9.7144514654701e-17
5.6,0.26338894795005,0.25326848822725,0.010120459722798,-1.3357370765021e-16
5.7,0.26830844631214,0.25791500046103,0.010393445851115,-1.3877787807814e-16
5.8,0.27323418354368,0.26256679431471,0.010667389228972,-1.2663481374631e-16
5.9,0.27816609968819,0.26722388752231,0.010942212165876,-1.2490009027033e-16
6,0.28310413536539,0.27188629633735,0.011217839028044,-1.422473250301e-16
6.1,0.28804823176567,0.27655403557208,0.011494196193585,-1.2836953722228e-16
6.2,0.29299833064456,0.28122711863598,0.011771212008579,-1.3357370765021e-16
6.3,0.29795437431734,0.28590555757329,0.012048816744056,-1.1796119636642e-16
6.4,0.30291630565367,0.29058936309982,0.012326942553853,-1.3010426069826e-16
6.5,0.3078840680722,0.29527854463889,0.012605523433315,-1.3183898417424e-16
6.6,0.31285760553538,0.29997311035653,0.012884495178852,-1.1796119636642e-16
6.7,0.31783686254415,0.30467306719584,0.013163795348312,-1.5092094240998e-16
6.8,0.32282178413283,0.30937842091067,0.01344336322216,-1.5612511283791e-16
6.9,0.32781231586396,0.31408917609851,0.013723139765452,-1.4745149545803e-16
7,0.33280840382322,0.31880533623263,0.014003067590589,-1.5959455978987e-16
7.1,0.33780999461444,0.32352690369362,0.01428309092082,-1.3183898417424e-16
7.2,0.34281703535458,0.32825387980008,0.014563155554505,-1.3357370765021e-16
7.3,0.34782947366881,0.33298626483871,0.014843208830101,-1.5612511283791e-16
7.4,0.35284725768564,0.33772405809378,0.015123199591861,-1.6132928326584e-16
7.5,0.35787033603207,0.34246725787582,0.015403078156248,-1.5959455978987e-16
7.6,0.36289865782879,0.34721586154976,0.015682796279025,-1.2143064331838e-16
7.7,0.36793217268547,0.35196986556244,0.015962307123027,-1.1102230246252e-16
7.8,0.37297083069602,0.35672926546942,0.016241565226593,-9.0205620750794e-17
7.9,0.37801458243396,0.36149405596131,0.016520526472646,-1.0061396160665e-16
8,0.38306337894782,0.36626423088941,0.016799148058408,-1.2490009027033e-16
8.1,0.38811717175654,0.37103978329079,0.017077388465742,-1.5959455978987e-16
8.2,0.39317591284497,0.37582070541287,0.017355207432099,-1.5612511283791e-16
8.3,0.39823955465942,0.38060698873735,0.017632565922068,-1.5265566588596e-16
8.4,0.40330805010317,0.38539862400366,0.017909426099512,-1.4571677198205e-16
8.5,0.40838135253212,0.39019560123184,0.01818575130028,-1.2143064331838e-16
8.6,0.41345941575042,0.39499790974494,0.018461506005475,-1.1102230246252e-16
8.7,0.41854219400617,0.39980553819088,0.018736655815292,-1.3530843112619e-16
8.8,0.42362964198716,0.40461847456379,0.019011167423377,-1.2836953722228e-16
8.9,0.42872171481663,0.4094367062249,0.019285008591731,-1.3183898417424e-16
9,0.4338183680491,0.41426021992297,0.019558148126131,-8.673617379884e-17
9.1,0.4389195576662,0.41908900181414,0.019830555852056,-5.8980598183211e-17
9.2,0.4440252400726,0.42392303748148,0.02010220259112,-5.2041704279304e-17
9.3,0.44913537209192,0.42876231195393,0.020373060137993,-6.9388939039072e-17
9.4,0.45424991096273,0.43360680972493,0.020643101237796,-1.3877787807814e-17
9.5,0.4593688143345,0.43845651477053,0.020912299563976,0
9.6,0.46449204026375,0.44331141056712,0.021180629696637,1.7347234759768e-17
9.7,0.46961954721005,0.44817148010873,0.02144806710132,1.7347234759768e-17
9.8,0.47475129403217,0.45303670592393,0.021714588108237,3.1225022567583e-17
9.9,0.47988723998428,0.45790707009236,0.021980169891924,3.4694469519536e-17
10,0.48502734471212,0.46278255426078,0.022244790451336,1.0408340855861e-17
10.1,0.48502734471212,0.46320805137151,0.021819293340604,-3.4694469519536e-18
10.2,0.48502734471212,0.46362540959725,0.021401935114868,-1.3877787807814e-17
10.3,0.48502734471212,0.46403478461813,0.020992560093989,6.9388939039072e-18
10.4,0.48502734471212,0.46443632913645,0.020591015575672,0
10.5,0.48502734471212,0.46483019293362,0.020197151778499,-1.7347234759768e-17
10.6,0.48502734471212,0.46521652292605,0.019810821786064,-3.1225022567583e-17
10.7,0.48502734471212,0.46559546321995,0.019431881492172,-5.2041704279304e-17
10.8,0.48502734471212,0.46596715516504,0.019060189547081,-5.2041704279304e-17
10.9,0.48502734471212,0.46633173740734,0.018695607304779,-4.8572257327351e-17
11,0.48502734471212,0.46668934594085,0.018337998771268,-7.632783294298e-17
11.1,0.48502734471212,0.46704011415828,0.017987230553835,-9.0205620750794e-17
11.2,0.48502734471212,0.46738417290082,0.017643171811296,-9.3675067702748e-17
11.3,0.48502734471212,0.46772165050693,0.01730569420519,-1.0755285551056e-16
11.4,0.48502734471212,0.46805267286021,0.016974671851906,-8.3266726846887e-17
11.5,0.48502734471212,0.46837736343639,0.016649981275727,-1.0408340855861e-16
11.6,0.48502734471212,0.46869584334934,0.016331501362776,-8.3266726846887e-17
11.7,0.48502734471212,0.46900823139629,0.016019113315832,-8.673617379884e-17
11.8,0.48502734471212,0.4693146441021,0.015712700610022,-6.9388939039072e-17
11.9,0.48502734471212,0.46961519576276,0.015412148949354,-7.8062556418956e-17
12,0.48502734471212,0.46990999848803,0.015117346224083,-1.0234868508263e-16
12.1,0.48502734471212,0.47019916224322,0.014828182468895,-1.0408340855861e-16
12.2,0.48502734471212,0.47048279489023,0.014544549821884,-7.9797279894933e-17
12.3,0.48502734471212,0.4707610022278,0.014266342484321,-5.7245874707235e-17
12.4,0.48502734471212,0.47103388803093,0.01399345668119,-5.8980598183211e-17
12.5,0.48502734471212,0.47130155408964,0.013725790622477,-4.336808689942e-17
12.6,0.48502734471212,0.47156410024691,0.013463244465203,-3.9898639947467e-17
12.7,0.48502734471212,0.47182162443594,0.013205720276177,-3.1225022567583e-17
12.8,0.48502734471212,0.47207422271664,0.012953121995473,-3.6429192995513e-17
12.9,0.48502734471212,0.47232198931153,0.012705355400589,-3.2959746043559e-17
13,0.48502734471212,0.47256501664081,0.012462328071309,-1.3877787807814e-17
13.1,0.48502734471212,0.47280339535689,0.012223949355226,-2.6020852139652e-17
13.2,0.48502734471212,0.47303721437819,0.011990130333924,0
13.3,0.48502734471212,0.4732665609223,0.011760783789818,-1.0408340855861e-17
13.4,0.48502734471212,0.47349152053851,0.011535824173612,6.9388939039072e-18
13.5,0.48502734471212,0.47371217713972,0.011315167572395,1.5612511283791e-17
13.6,0.48502734471212,0.47392861303378,0.011098731678335,-8.673617379884e-18
13.7,0.48502734471212,0.47414090895413,0.010886435757982,1.7347234759768e-18
13.8,0.48502734471212,0.47434914408997,0.01067820062215,-1.7347234759768e-17
13.9,0.48502734471212,0.47455339611574,0.010473948596379,6.9388939039072e-18
14,0.48502734471212,0.47475374122016,0.010273603491962,-2.2551405187698e-17
14.1,0.48502734471212,0.47495025413459,0.010077090577525,5.2041704279304e-18
14.2,0.48502734471212,0.47514300816097,0.0098843365511516,2.9490299091606e-17
14.3,0.48502734471212,0.47533207519908,0.0096952695130413,3.4694469519536e-18
14.4,0.48502734471212,0.47551752577343,0.0095098189386881,-6.9388939039072e-18
14.5,0.48502734471212,0.47569942905954,0.009327915652575,5.2041704279304e-18
14.6,0.48502734471212,0.47587785290975,0.0091494918023704,5.2041704279304e-18
14.7,0.48502734471212,0.4760528638785,0.0089744808336184,-6.9388939039072e-18
14.8,0.48502734471212,0.4762245272472,0.0088028174649129,-1.9081958235745e-17
14.9,0.48502734471212,0.47639290704857,0.008634437663547,-1.0408340855861e-17
15,0.48502734471212,0.47655806609049,0.0084692786216279,1.7347234759768e-17
15.1,0.48502734471212,0.47672006597947,0.0083072787326485,1.2143064331838e-17
15.2,0.48502734471212,0.47687896714361,0.0081483775685076,2.7755575615629e-17
15.3,0.48502734471212,0.47703482885515,0.0079925158569694,1.7347234759768e-18
15.4,0.48502734471212,0.47718770925256,0.0078396354595541,-5.2041704279304e-18
15.5,0.48502734471212,0.47733766536227,0.0076896793498515,1.7347234759768e-17
15.6,0.48502734471212,0.47748475311987,0.0075425915922494,-8.673617379884e-18
15.7,0.48502734471212,0.47762902739105,0.0073983173210687,-2.168404344971e-17
15.8,0.48502734471212,0.47777054199202,0.0072568027200982,-3.5561831257525e-17
15.9,0.48502734471212,0.4779093497096,0.0071179950025201,-3.2959746043559e-17
16,0.48502734471212,0.4780455023209,0.0069818423912198,-4.5970172113385e-17
16.1,0.48502734471212,0.47817905061264,0.0068482940994726,-2.6888213877641e-17
16.2,0.48502734471212,0.47831004440012,0.0067173003119994,-3.9898639947467e-17
16.3,0.48502734471212,0.47843853254573,0.0065888121663849,-1.4745149545803e-17
16.4,0.48502734471212,0.47856456297727,0.0064627817348515,-1.2143064331838e-17
16.5,0.48502734471212,0.47868818270574,0.0063391620063813,-6.0715321659188e-18
16.6,0.48502734471212,0.47880943784294,0.0062179068691806,-8.673617379884e-18
16.7,0.48502734471212,0.47892837361864,0.0060989710934796,-1.0408340855861e-17
16.8,0.48502734471212,0.47904503439746,0.0059823103146608,-1.1275702593849e-17
16.9,0.48502734471212,0.47915946369541,0.0058678810167108,-2.6888213877641e-17
17,0.48502734471212,0.47927170419613,0.0057556405159881,-1.7347234759768e-18
17.1,0.48502734471212,0.47938179776682,0.0056455469453015,-7.8062556418956e-18
17.2,0.48502734471212,0.47948978547382,0.0055375592382928,-1.8214596497756e-17
17.3,0.48502734471212,0.479595707598,0.0054316371141193,-2.2551405187698e-17
17.4,0.48502734471212,0.47969960364969,0.0053277410624276,0
17.5,0.48502734471212,0.4798015123835,0.0052258323286164,-2.2551405187698e-17
17.6,0.48502734471212,0.47990147181274,0.0051258728993801,-4.7704895589362e-17
17.7,0.48502734471212,0.47999951922359,0.0050278254885296,-5.2041704279304e-17
17.8,0.48502734471212,0.48009569118903,0.0049316535230839,-5.6378512969246e-17
17.9,0.48502734471212,0.48019002358249,0.0048373211296278,-5.98479599212e-17
18,0.48502734471212,0.48028255159119,0.004744793120931,-7.8929918156945e-17
18.1,0.48502734471212,0.48037330972929,0.0046540349828225,-6.9388939039072e-17
18.2,0.48502734471212,0.4804623318508,0.0045650128613164,-4.9439619065339e-17
18.3,0.48502734471212,0.48054965116213,0.004477693549984,-7.4593109467003e-17
18.4,0.48502734471212,0.48063530023455,0.0043920444775673,-5.3776427755281e-17
18.5,0.48502734471212,0.48071931101629,0.0043080336958295,-7.8062556418956e-17
18.6,0.48502734471212,0.48080171484448,0.0042256298676378,-5.2041704279304e-17
18.7,0.48502734471212,0.48088254245684,0.0041448022552745,-6.6786853825107e-17
18.8,0.48502734471212,0.48096182400315,0.0040655207089712,-3.9898639947467e-17
18.9,0.48502734471212,0.48103958905645,0.0039877556556626,-1.647987302178e-17
19,0.48502734471212,0.48111586662416,0.0039114780879551,-3.2092384305571e-17
19.1,0.48502734471212,0.48119068515881,0.0038366595533073,-3.512815038853e-17
19.2,0.48502734471212,0.4812640725687,0.0037632721434162,-6.3317406873153e-17
19.3,0.48502734471212,0.48133605622831,0.0036912884838073,-7.5460471204991e-17
19.4,0.48502734471212,0.48140666298849,0.0036206817236234,-8.4134088584875e-17
19.5,0.48502734471212,0.48147591918651,0.0035514255256092,-7.5894152073985e-17
19.6,0.48502734471212,0.48154385065583,0.0034834940562869,-7.6761513811974e-17
19.7,0.48502734471212,0.4816104827358,0.0034168619763199,-8.9338259012806e-17
19.8,0.48502734471212,0.48167584028106,0.0033515044310612,-8.0230960763927e-17
19.9,0.48502734471212,0.48173994767084,0.0032873970412819,-5.7679555576229e-17
20,0.48502734471212,0.48180282881804,0.0032245158940778,-7.9363599025939e-17
20.1,0.48502734471212,0.48186450717817,0.0031628375339494,-6.5485811218124e-17
20.2,0.48502734471212,0.48192500575806,0.0031023389540525,-8.8037216405823e-17
20.3,0.48502734471212,0.4819843471245,0.0030429975876167,-9.4542429440736e-17
20.4,0.48502734471212,0.48204255341259,0.0029847912995274,-7.8929918156945e-17
20.5,0.48502734471212,0.48209964633405,0.0029276983780695,-6.8521577301084e-17
20.6,0.48502734471212,0.48215564718529,0.002871697526828,-5.2909066017293e-17
20.7,0.48502734471212,0.48221057685537,0.0028167678567448,-6.2450045135165e-17
20.8,0.48502734471212,0.48226445583379,0.0027628888783265,-3.9898639947467e-17
20.9,0.48502734471212,0.48231730421812,0.0027100404940015,-4.5102810375397e-17
21,0.48502734471212,0.48236914172149,0.0026582029906235,-3.9898639947467e-17
21.1,0.48502734471212,0.48241998768,0.0026073570321181,-1.8214596497756e-17
21.2,0.48502734471212,0.48246986105985,0.0025574836522703,-1.8214596497756e-17
21.3,0.48502734471212,0.48251878046447,0.0025085642476499,-3.1225022567583e-17
21.4,0.48502734471212,0.48256676414145,0.0024605805706719,-1.9081958235745e-17
21.5,0.48502734471212,0.48261382998933,0.0024135147227902,-4.1199682554449e-17
21.6,0.48502734471212,0.4826599955643,0.0023673491478209,-2.3418766925687e-17
21.7,0.48502734471212,0.48270527808672,0.0023220666253941,-5.0306980803327e-17
21.8,0.48502734471212,0.48274969444759,0.0022776502645301,-2.5153490401664e-17
21.9,0.48502734471212,0.48279326121478,0.0022340834973386,-1.4745149545803e-17
22,0.48502734471212,0.48283599463928,0.0021913500728395,-4.0766001685455e-17
22.1,0.48502734471212,0.48287791066122,0.0021494340509001,-1.3877787807814e-17
22.2,0.48502734471212,0.48291902491583,0.0021083197962899,-3.9464959078472e-17
22.3,0.48502734471212,0.48295935273927,0.0020679919728481,-4.9005938196345e-17
22.4,0.48502734471212,0.48299890917435,0.0020284355377633,-2.2985086056693e-17
22.5,0.48502734471212,0.48303770897616,0.0019896357359619,-2.168404344971e-18
22.6,0.48502734471212,0.48307576661751,0.0019515780946048,-1.2143064331838e-17
22.7,0.48502734471212,0.48311309629443,0.0019142484176884,-1.9732479539236e-17
22.8,0.48502734471212,0.48314971193137,0.0018776327807494,-1.0191500421364e-17
22.9,0.48502734471212,0.48318562718645,0.0018417175256711,1.0408340855861e-17
23,0.48502734471212,0.48322085545653,0.0018064892555882,2.4936649967167e-17
23.1,0.48502734471212,0.48325540988223,0.00177193482989,4.4669129506403e-17
23.2,0.48502734471212,0.4832893033528,0.0017380413593189,4.0549161250958e-17
23.3,0.48502734471212,0.48332254851096,0.0017047962011619,4.2283884726935e-17
23.4,0.48502734471212,0.48335515775758,0.0016721869545355,3.0357660829594e-17
23.5,0.48502734471212,0.48338714325636,0.0016402014557593,5.3776427755281e-17
23.6,0.48502734471212,0.4834185169383,0.0016088277738192,7.2641545556529e-17
23.7,0.48502734471212,0.4834492905062,0.0015780542059169,5.312590645179e-17
23.8,0.48502734471212,0.48347947543901,0.0015478692731047,3.9681799512969e-17
23.9,0.48502734471212,0.48350908299611,0.0015182617160033,4.2283884726935e-17
24,0.48502734471212,0.48353812422151,0.0014892204906023,1.8431436932254e-17
24.1,0.48502734471212,0.48356660994798,0.0014607347641407,6.7220534694101e-18
24.2,0.48502734471212,0.48359455080105,0.0014327939110655,1.1058862159352e-17
24.3,0.48502734471212,0.48362195720305,0.0014053875090692,3.2526065174565e-17
24.4,0.48502734471212,0.48364883937692,0.0013785053352013,5.9197438617709e-17
24.5,0.48502734471212,0.48367520735006,0.0013521373620554,8.001412032943e-17
24.6,0.48502734471212,0.48370107095809,0.0013262737540288,9.7578195523695e-17
24.7,0.48502734471212,0.48372643984846,0.0013009048636537,9.4542429440736e-17
24.8,0.48502734471212,0.48375132348412,0.0012760212279983,1.0343288725512e-16
24.9,0.48502734471212,0.48377573114698,0.0012516135651374,1.0278236595163e-16
25,0.48502734471212,0.48379967194143,0.0012276727706901,1.2663481374631e-16
25.1,0.48502734471212,0.48382315479769,0.0012041899144234,1.4484941024406e-16
25.2,0.48502734471212,0.4838461884752,0.0011811562369212,1.567756341414e-16
25.3,0.48502734471212,0.4838687815658,0.0011585631463172,1.8214596497756e-16
25.4,0.48502734471212,0.48389094249703,0.0011364022150899,2.0578157233775e-16
25.5,0.48502734471212,0.4839126795352,0.0011146651769187,2.1163626406917e-16
25.6,0.48502734471212,0.48393400078852,0.001093343923601,2.092510192897e-16
25.7,0.48502734471212,0.48395491421009,0.0010724305020273,2.3050138187042e-16
25.8,0.48502734471212,0.4839754276009,0.0010519171112146,2.0599841277225e-16
25.9,0.48502734471212,0.48399554861272,0.001031796099397,2.1835831753858e-16
26,0.48502734471212,0.48401528475095,0.0010120599611709,2.1749095580059e-16
26.1,0.48502734471212,0.48403464337742,0.00099270133469577,2.0860049798621e-16
26.2,0.48502734471212,0.48405363171317,0.00097371299894782,2.3386240860512e-16
26.3,0.48502734471212,0.48407225684109,0.00095508787102671,2.3299504686713e-16
26.4,0.48502734471212,0.4840905257086,0.00093681900351339,2.2562247209423e-16
26.5,0.48502734471212,0.48410844513024,0.00091889958187865,2.5283594662362e-16
26.6,0.48502734471212,0.48412602179018,0.00090132292194124,2.6584637269345e-16
26.7,0.48502734471212,0.48414326224474,0.00088408246737452,2.3993394077104e-16
26.8,0.48502734471212,0.48416017292486,0.00086717178726092,2.2833297752545e-16
26.9,0.48502734471212,0.48417676013842,0.00085058457369309,2.0957627994145e-16
27,0.48502734471212,0.4841930300727,0.00083431463942101,2.3516345121211e-16
27.1,0.48502734471212,0.48420898879657,0.00081835591554399,2.5760643618256e-16
27.2,0.48502734471212,0.48422464226287,0.00080270244924696,2.7766417637354e-16
27.3,0.48502734471212,0.48423999631054,0.00078734840157997,2.6497901095546e-16
27.4,0.48502734471212,0.48425505666684,0.00077228804528016,2.3971710033655e-16
27.5,0.48502734471212,0.48426982894948,0.00075751576263545,2.1543097167287e-16
27.6,0.48502734471212,0.48428431866873,0.00074302604338903,1.8897643866422e-16
27.7,0.48502734471212,0.48429853122943,0.00072881348268398,1.8323016715005e-16
27.8,0.48502734471212,0.48431247193307,0.00071487277904719,1.6609977282478e-16
27.9,0.48502734471212,0.48432614597971,0.00070119873241183,1.5092094240998e-16
28,0.48502734471212,0.48433955846994,0.00068778624217764,1.6382294826256e-16
28.1,0.48502734471212,0.48435271440681,0.00067463030530837,1.3650105351593e-16
28.2,0.48502734471212,0.48436561869765,0.00066172601446558,1.5102936262723e-16
28.3,0.48502734471212,0.48437827615594,0.00064906855617811,1.3021268091551e-16
28.4,0.48502734471212,0.48439069150307,0.00063665320904662,1.49619899803e-16
28.5,0.48502734471212,0.48440286937013,0.00062447534198241,1.5905245870362e-16
28.6,0.48502734471212,0.48441481429964,0.00061253041248001,1.5373986805844e-16
28.7,0.48502734471212,0.48442653074719,0.00060081396492273,1.6718397499726e-16
28.8,0.48502734471212,0.4844380230832,0.00058932162892068,1.6002824065886e-16
28.9,0.48502734471212,0.48444929559444,0.00057804911768052,1.4821043697877e-16
29,0.48502734471212,0.48446035248571,0.00056699222640648,1.2424956896684e-16
29.1,0.48502734471212,0.48447119788139,0.00055614683073187,1.4474099002681e-16
29.2,0.48502734471212,0.48448183582694,0.00054550888518067,1.7119552303546e-16
29.3,0.48502734471212,0.48449227029046,0.00053507442165849,1.8203754476032e-16
29.4,0.48502734471212,0.48450250516414,0.00052483954797244,1.7488181042191e-16
29.5,0.48502734471212,0.48451254426574,0.00051480044637925,1.6750923564901e-16
29.6,0.48502734471212,0.48452239133996,0.00050495337216126,1.831217469328e-16
29.7,0.48502734471212,0.48453205005989,0.00049529465222955,1.9754163582686e-16
29.8,0.48502734471212,0.48454152402836,0.00048582068375384,1.7873072813424e-16
29.9,0.48502734471212,0.4845508167793,0.00047652793281859,1.7607443281165e-16
30,0.48502734471212,0.48455993177901,0.0004674129331048,1.8398910867079e-16
30.1,0.48502734471212,0.48456887242752,0.00045847228459701,1.5840193740013e-16
30.2,0.48502734471212,0.4845776420598,0.00044970265231508,1.7124973314409e-16
30.3,0.48502734471212,0.48458624394705,0.00044110076507019,1.7444812955292e-16
30.4,0.48502734471212,0.48459468129787,0.00043266341424463,1.7314708694594e-16
30.5,0.48502734471212,0.48460295725952,0.00042438745259495,1.5097515251861e-16
30.6,0.48502734471212,0.48461107491904,0.00041626979307799,1.3948260949026e-16
30.7,0.48502734471212,0.48461903730442,0.00040830740769939,1.4631308317692e-16
30.8,0.48502734471212,0.48462684738573,0.0004004973263841,1.5281829621183e-16
30.9,0.48502734471212,0.48463450807625,0.00039283663586849,1.5460722979643e-16
31,0.48502734471212,0.4846420222335,0.00038532247861368,1.6138349337447e-16
31.1,0.48502734471212,0.48464939266038,0.00037795205173962,1.7146657357858e-16
31.2,0.48502734471212,0.48465662210614,0.00037072260597963,1.8632014334163e-16
31.3,0.48502734471212,0.48466371326746,0.0003636314446548,2.1011838102769e-16
31.4,0.48502734471212,0.48467066878945,0.00035667592266819,2.2925454937206e-16
31.5,0.48502734471212,0.4846774912666,0.00034985344551809,2.132625673279e-16
31.6,0.48502734471212,0.48468418324379,0.00034316146833029,2.2768245622196e-16
31.7,0.48502734471212,0.48469074721721,0.00033659749490881,2.43403387723e-16
31.8,0.48502734471212,0.48469718563531,0.00033015907680473,2.1765358612647e-16
31.9,0.48502734471212,0.48470350089971,0.00032384381240295,2.3895815881581e-16
32,0.48502734471212,0.48470969536609,0.00031764934602633,2.4557179206797e-16
32.1,0.48502734471212,0.48471577134506,0.00031157336705697,2.5961221020165e-16
32.2,0.48502734471212,0.48472173110304,0.00030561360907436,2.4573442239384e-16
32.3,0.48502734471212,0.48472757686311,0.00029976784900995,2.4757756608706e-16
32.4,0.48502734471212,0.4847333108058,0.00029403390631793,2.2952559991518e-16
32.5,0.48502734471212,0.48473893506996,0.00028840964216182,2.1114837309155e-16
32.6,0.48502734471212,0.4847444517535,0.00028289295861672,2.1917146916794e-16
32.7,0.48502734471212,0.48474986291423,0.0002774817978867,2.4546337185072e-16
32.8,0.48502734471212,0.48475517057058,0.00027217414153724,2.2356248796651e-16
32.9,0.48502734471212,0.48476037670237,0.00026696800974232,2.0052319180119e-16
33,0.48502734471212,0.48476548325157,0.00026186146054592,2.0686577451023e-16
33.1,0.48502734471212,0.48477049212298,0.00025685258913767,2.1098574276568e-16
33.2,0.48502734471212,0.48477540518497,0.00025193952714227,2.072452452706e-16
33.3,0.48502734471212,0.48478022427019,0.00024712044192262,2.0193265462543e-16
33.4,0.48502734471212,0.48478495117622,0.0002423935358962,1.9144299860663e-16
33.5,0.48502734471212,0.48478958766625,0.00023775704586454,1.6512399086954e-16
33.6,0.48502734471212,0.48479413546976,0.00023320924235554,1.6097691755979e-16
33.7,0.48502734471212,0.48479859628314,0.00022874842897834,1.7564075194265e-16
33.8,0.48502734471212,0.48480297177033,0.00022437294179056,1.6870185803874e-16
33.9,0.48502734471212,0.48480726356344,0.0002200811486776,1.7639969346339e-16
34,0.48502734471212,0.48481147326337,0.00021587144874387,1.5436328430762e-16
34.1,0.48502734471212,0.4848156024404,0.00021174227171561,1.6623529809634e-16
34.2,0.48502734471212,0.48481965263476,0.00020769207735519,1.4040418133687e-16
34.3,0.48502734471212,0.48482362535723,0.00020371935488653,1.3647394846161e-16
34.4,0.48502734471212,0.48482752208969,0.00019982262243162,1.134346522963e-16
34.5,0.48502734471212,0.48483134428566,0.00019600042645771,1.3167635384836e-16
34.6,0.48502734471212,0.48483509337088,0.00019225134123515,1.4051260155412e-16
34.7,0.48502734471212,0.48483877074381,0.00018857396830557,1.6376873815394e-16
34.8,0.48502734471212,0.48484237777616,0.00018496693596023,1.3875077302383e-16
34.9,0.48502734471212,0.48484591581339,0.00018142889872836,1.572093150104e-16
35,0.48502734471212,0.48484938617524,0.00017795853687528,1.3446817444251e-16
35.1,0.48502734471212,0.48485279015621,0.00017455455591011,1.4793938643565e-16
35.2,0.48502734471212,0.48485612902601,0.00017121568610293,1.306463617845e-16
35.3,0.48502734471212,0.48485940403011,0.00016794068201116,1.5333329224376e-16
35.4,0.48502734471212,0.4848626163901,0.00016472832201494,1.4072944198862e-16
35.5,0.48502734471212,0.48486576730426,0.00016157740786152,1.3858814269796e-16
35.6,0.48502734471212,0.4848688579479,0.00015848676421823,1.3530843112619e-16
35.7,0.48502734471212,0.48487188947388,0.00015545523823413,1.6043481647354e-16
35.8,0.48502734471212,0.48487486301301,0.00015248169910993,1.5769720598802e-16
35.9,0.48502734471212,0.48487777967444,0.0001495650376762,1.8073650215333e-16
36,0.48502734471212,0.48488064054614,0.00014670416597966,1.813328133482e-16
36.1,0.48502734471212,0.48488344669524,0.00014389801687732,1.5471565001368e-16
36.2,0.48502734471212,0.48488619916848,0.00014114554363846,1.2785454119035e-16
36.3,0.48502734471212,0.48488889899256,0.00013844571955415,1.3815446182897e-16
36.4,0.48502734471212,0.48489154717456,0.00013579753755431,1.272853350498e-16
36.5,0.48502734471212,0.48489414470229,0.00013320000983202,1.1381412305667e-16
36.6,0.48502734471212,0.48489669254464,0.00013065216747509,1.2012960071139e-16
36.7,0.48502734471212,0.48489919165201,0.00012815306010462,1.007223818239e-16
36.8,0.48502734471212,0.4849016429566,0.00012570175552051,1.1828645701817e-16
36.9,0.48502734471212,0.48490404737276,0.00012329733935372,1.2300273646848e-16
37,0.48502734471212,0.48490640579739,0.00012093891472524,1.3019912838835e-16
37.1,0.48502734471212,0.48490871911021,0.00011862560191147,1.4674676404591e-16
37.2,0.48502734471212,0.4849109881741,0.00011635653801614,1.3786985875869e-16
37.3,0.48502734471212,0.48491321383547,0.00011413087664842,1.5621998052801e-16
37.4,0.48502734471212,0.48491539692451,0.00011194778760717,1.4272166348056e-16
37.5,0.48502734471212,0.48491753825555,0.00010980645657131,1.2805782909769e-16
37.6,0.48502734471212,0.48491963862732,0.00010770608479604,1.1709383462843e-16
37.7,0.48502734471212,0.4849216988233,0.00010564588881491,1.0298565385897e-16
37.8,0.48502734471212,0.48492371961197,0.00010362510014756,9.966528470573e-17
37.9,0.48502734471212,0.4849257017471,0.00010164296501311,8.0285170872552e-17
38,0.48502734471212,0.48492764596807,9.9698744048932e-05,9.4366246587707e-17
38.1,0.48502734471212,0.48492955300008,9.7791712034886e-05,1.1388188569245e-16
38.2,0.48502734471212,0.48493142355449,9.5921157622814e-05,9.973304734151e-17
38.3,0.48502734471212,0.48493325832905,9.4086383071178e-05,1.1171348134748e-16
38.4,0.48502734471212,0.48493505800813,9.2286703984806e-05,1.1694475682972e-16
38.5,0.48502734471212,0.48493682326306,9.0521449059595e-05,9.3620857594123e-17
38.6,0.48502734471212,0.48493855475229,8.8789959832111e-05,8.1017007338979e-17
38.7,0.48502734471212,0.48494025312168,8.7091590433971e-05,1.0268749826153e-16
38.8,0.48502734471212,0.48494191900477,8.5425707350929e-05,1.1006007303443e-16
38.9,0.48502734471212,0.48494355302293,8.379168918656e-05,9.1574425993557e-17
39,0.48502734471212,0.48494515578569,8.2188926430479e-05,1.0283657606025e-16
39.1,0.48502734471212,0.48494672789089,8.0616821230979e-05,8.1735291278251e-17
39.2,0.48502734471212,0.48494826992495,7.9074787172029e-05,8.8863920562343e-17
39.3,0.48502734471212,0.48494978246306,7.7562249054529e-05,1.124453178139e-16
39.4,0.48502734471212,0.48495126606944,7.6078642681757e-05,1.3010426069826e-16
39.5,0.48502734471212,0.48495272129747,7.4623414648914e-05,1.1895053084882e-16
39.6,0.48502734471212,0.48495414868998,7.3196022136698e-05,9.2428235204389e-17
39.7,0.48502734471212,0.48495554877941,7.1795932708821e-05,7.4403374086818e-17
39.8,0.48502734471212,0.484956922088,7.0422624113412e-05,8.6031442386725e-17
39.9,0.48502734471212,0.48495826912803,6.9075584088199e-05,1.085286374658e-16
40,0.48502734471212,0.48495959040195,6.7754310169438e-05,9.4298483951927e-17
40.1,0.48502734471212,0.48496088640261,6.6458309504482e-05,9.801187639269e-17
40.2,0.48502734471212,0.48496215761345,6.5187098667943e-05,9.7686615740944e-17
40.3,0.48502734471212,0.48496340450864,6.3940203481365e-05,7.3956140690667e-17
40.4,0.48502734471212,0.48496462755328,6.2717158836352e-05,8.2033446875684e-17
40.5,0.48502734471212,0.4849658272036,6.1517508521076e-05,1.0430024899311e-16
40.6,0.48502734471212,0.48496700390707,6.0340805050104e-05,8.1681081169627e-17
40.7,0.48502734471212,0.48496815810262,5.9186609497476e-05,7.6205860198575e-17
40.8,0.48502734471212,0.48496929022078,5.8054491332988e-05,7.1686092392026e-17
40.9,0.48502734471212,0.48497040068386,5.6944028261589e-05,8.4513559345245e-17
41,0.48502734471212,0.48497148990605,5.5854806065869e-05,8.9026550888216e-17
41.1,0.48502734471212,0.48497255829367,5.4786418451541e-05,9.4190063734678e-17
41.2,0.48502734471212,0.48497360624522,5.3738466895896e-05,9.5728275566892e-17
41.3,0.48502734471212,0.48497463415162,5.2710560499142e-05,7.1476028221107e-17
41.4,0.48502734471212,0.48497564239628,5.17023158386e-05,7.5413037359945e-17
41.5,0.48502734471212,0.48497663135529,5.0713356825675e-05,9.6189061490198e-17
41.6,0.48502734471212,0.48497760139755,4.9743314565576e-05,1.2189142924168e-16
41.7,0.48502734471212,0.4849785528849,4.879182721971e-05,1.3059892793946e-16
41.8,0.48502734471212,0.48497948617225,4.7858539870713e-05,1.133397846062e-16
41.9,0.48502734471212,0.48498040160773,4.694310439006e-05,1.2435121292051e-16
42,0.48502734471212,0.48498129953281,4.604517930821e-05,1.3055149409441e-16
42.1,0.48502734471212,0.48498218028243,4.5164429687231e-05,1.5257435072302e-16
42.2,0.48502734471212,0.48498304418512,4.4300526995865e-05,1.3449527949683e-16
42.3,0.48502734471212,0.48498389156313,4.3453148986983e-05,1.4373810301727e-16
42.4,0.48502734471212,0.48498472273254,4.2621979577381e-05,1.6979961273839e-16
42.5,0.48502734471212,0.48498553800339,4.1806708729875e-05,1.7728060772854e-16
42.6,0.48502734471212,0.48498633767978,4.1007032337657e-05,1.7970651008947e-16
42.7,0.48502734471212,0.48498712206001,4.0222652110855e-05,1.5504091066543e-16
42.8,0.48502734471212,0.48498789143665,3.9453275465272e-05,1.7840546748249e-16
42.9,0.48502734471212,0.4849886460967,3.8698615413243e-05,2.0293554163497e-16
43,0.48502734471212,0.48498938632166,3.7958390456587e-05,1.9548165169914e-16
43.1,0.48502734471212,0.48499011238764,3.7232324481605e-05,2.2304749193458e-16
43.2,0.48502734471212,0.48499082456546,3.6520146656086e-05,1.9615927805694e-16
43.3,0.48502734471212,0.48499152312079,3.5821591328282e-05,1.9558329565281e-16
43.4,0.48502734471212,0.48499220831419,3.5136397927816e-05,1.990391900776e-16
43.5,0.48502734471212,0.48499288040125,3.4464310868488e-05,1.8833946988789e-16
43.6,0.48502734471212,0.48499353963266,3.3805079452935e-05,1.7381116077658e-16
43.7,0.48502734471212,0.48499418625434,3.3158457779121e-05,1.7140558720638e-16
43.8,0.48502734471212,0.48499482050747,3.2524204648609e-05,1.6752278817617e-16
43.9,0.48502734471212,0.48499544262864,3.1902083476593e-05,1.6110566656777e-16
44,0.48502734471212,0.48499605284991,3.1291862203647e-05,1.5020943473429e-16
44.1,0.48502734471212,0.48499665139891,3.0693313209167e-05,1.5131396569751e-16
44.2,0.48502734471212,0.48499723849889,3.010621322646e-05,1.727879449763e-16
44.3,0.48502734471212,0.48499781436886,2.9530343259469e-05,1.7409576384686e-16
44.4,0.48502734471212,0.48499837922362,2.8965488501079e-05,1.5277425049857e-16
44.5,0.48502734471212,0.48499893327386,2.8411438252994e-05,1.6778367432392e-16
44.6,0.48502734471212,0.48499947672627,2.7867985847145e-05,1.6241687357012e-16
44.7,0.48502734471212,0.48500000978355,2.7334928568596e-05,1.7128022633019e-16
44.8,0.48502734471212,0.48500053264454,2.6812067579932e-05,1.6292848147026e-16
44.9,0.48502734471212,0.48500104550427,2.629920784709e-05,1.5697553391696e-16
45,0.48502734471212,0.48500154855405,2.5796158066605e-05,1.4374487928084e-16
45.1,0.48502734471212,0.48500204198152,2.5302730594256e-05,1.6666897896533e-16
45.2,0.48502734471212,0.48500252597074,2.4818741375071e-05,1.4997226550906e-16
45.3,0.48502734471212,0.48500300070224,2.4344009874669e-05,1.6388732276655e-16
45.4,0.48502734471212,0.48500346635311,2.3878359011921e-05,1.5376697311276e-16
45.5,0.48502734471212,0.48500392309702,2.3421615092898e-05,1.5746003676279e-16
45.6,0.48502734471212,0.48500437110437,2.2973607746077e-05,1.4741761414014e-16
45.7,0.48502734471212,0.48500481054226,2.2534169858791e-05,1.3225911251608e-16
45.8,0.48502734471212,0.4850052415746,2.2103137514897e-05,1.5299109093307e-16
45.9,0.48502734471212,0.48500566436218,2.1680349933631e-05,1.4158325119945e-16
46,0.48502734471212,0.48500607906271,2.1265649409632e-05,1.6433116803091e-16
46.1,0.48502734471212,0.48500648583086,2.085888125412e-05,1.8416190339203e-16
46.2,0.48502734471212,0.48500688481838,2.0459893737194e-05,1.9653874881731e-16
46.3,0.48502734471212,0.48500727617409,2.0068538031232e-05,2.0535127960054e-16
46.4,0.48502734471212,0.48500766004396,1.968466815538e-05,2.2642884746002e-16
46.5,0.48502734471212,0.4850080365712,1.9308140921097e-05,2.283770232387e-16
46.6,0.48502734471212,0.48500840589624,1.8938815878746e-05,2.5309683277137e-16
46.7,0.48502734471212,0.48500876815685,1.8576555265201e-05,2.3630186349322e-16
46.8,0.48502734471212,0.48500912348816,1.8221223952461e-05,2.136928600651e-16
46.9,0.48502734471212,0.48500947202272,1.7872689397248e-05,2.1034199772577e-16
47,0.48502734471212,0.48500981389053,1.7530821591562e-05,2.2067918781406e-16
47.1,0.48502734471212,0.4850101492191,1.7195493014191e-05,2.4191260973583e-16
47.2,0.48502734471212,0.48501047813353,1.686657858314e-05,2.6811980912388e-16
47.3,0.48502734471212,0.48501080075651,1.6543955608976e-05,2.6258360178062e-16
47.4,0.48502734471212,0.48501111720837,1.6227503749063e-05,2.3688801029272e-16
47.5,0.48502734471212,0.48501142760715,1.5917104962672e-05,2.3179903634561e-16
47.6,0.48502734471212,0.48501173206865,1.561264346695e-05,2.1667441603944e-16
47.7,0.48502734471212,0.48501203070642,1.5314005693733e-05,2.0130923837625e-16
47.8,0.48502734471212,0.48501232363187,1.502108024718e-05,1.878736017669e-16
47.9,0.48502734471212,0.48501261095425,1.4733757862228e-05,2.0067735179759e-16
48,0.48502734471212,0.48501289278075,1.4451931363825e-05,1.8727051430845e-16
48.1,0.48502734471212,0.48501316921649,1.4175495626961e-05,1.9468713479461e-16
48.2,0.48502734471212,0.48501344036458,1.3904347537449e-05,1.6951162153632e-16
48.3,0.48502734471212,0.48501370632616,1.3638385953467e-05,1.7368579990039e-16
48.4,0.48502734471212,0.48501396720045,1.3377511667825e-05,1.9760262219906e-16
48.5,0.48502734471212,0.48501422308475,1.3121627370965e-05,1.9528683412127e-16
48.6,0.48502734471212,0.4850144740745,1.2870637614659e-05,1.8886801844697e-16
48.7,0.48502734471212,0.48501472026334,1.262444877641e-05,1.7837497429639e-16
48.8,0.48502734471212,0.48501496174309,1.2382969024524e-05,2.0315238206947e-16
48.9,0.48502734471212,0.48501519860383,1.214610828386e-05,1.7938124943773e-16
49,0.48502734471212,0.48501543093391,1.1913778202229e-05,1.9261868033742e-16
49.1,0.48502734471212,0.48501565882,1.1685892117438e-05,2.031422176741e-16
49.2,0.48502734471212,0.48501588234709,1.1462365024963e-05,1.7563397567907e-16
49.3,0.48502734471212,0.48501610159857,1.1243113546243e-05,2.0113474958911e-16
49.4,0.48502734471212,0.48501631665622,1.1028055897576e-05,1.7905260065419e-16
49.5,0.48502734471212,0.48501652760026,1.0817111859614e-05,1.8101432896003e-16
49.6,0.48502734471212,0.48501673450937,1.0610202747443e-05,1.7564583414034e-16
49.7,0.48502734471212,0.48501693746074,1.0407251381225e-05,1.8026216370287e-16
49.8,0.48502734471212,0.48501713653006,1.0208182057419e-05,1.841398805354e-16
49.9,0.48502734471212,0.4850173317916,1.0012920520532e-05,1.8728406683561e-16
50,0.48502734471212,0.48501752331818,9.8213939354287e-06,1.9864786085597e-16
50.1,0.48502734471212,0.48501771118126,9.6335308601604e-06,2.0412646995881e-16
50.2,0.48502734471212,0.4850178954509,9.4492612193152e-06,2.2552421627235e-16
50.3,0.48502734471212,0.48501807619584,9.2685162778797e-06,2.0281356889057e-16
50.4,0.48502734471212,0.4850182534835,9.0912286156005e-06,2.0911888214993e-16
50.5,0.48502734471212,0.48501842738002,8.9173321018345e-06,2.3075210362281e-16
50.6,0.48502734471212,0.48501859795025,8.7467618708823e-06,2.4338305893226e-16
50.7,0.48502734471212,0.48501876525782,8.5794542977917e-06,2.6045246688533e-16
50.8,0.48502734471212,0.48501892936514,8.4153469746253e-06,2.5183475367997e-16
50.9,0.48502734471212,0.48501909033343,8.2543786871809e-06,2.7467415006973e-16
51,0.48502734471212,0.48501924822272,8.0964893921585e-06,2.69964646883e-16
51.1,0.48502734471212,0.48501940309192,7.9416201947627e-06,2.550314560229e-16
51.2,0.48502734471212,0.48501955499879,7.7897133267347e-06,2.5415054175776e-16
51.3,0.48502734471212,0.48501970399999,7.6407121248035e-06,2.530273760697e-16
51.4,0.48502734471212,0.48501985015111,7.4945610095502e-06,2.4070897591778e-16
51.5,0.48502734471212,0.48501999350665,7.3512054646758e-06,2.3578771449423e-16
51.6,0.48502734471212,0.4850201341201,7.2105920166661e-06,2.4910391945802e-16
51.7,0.48502734471212,0.4850202720439,7.0726682148452e-06,2.4606476524327e-16
51.8,0.48502734471212,0.48502040732951,6.9373826118108e-06,2.270200764572e-16
51.9,0.48502734471212,0.48502054002737,6.8046847442438e-06,2.1097303727147e-16
52,0.48502734471212,0.485020670187,6.6745251140844e-06,1.852655873223e-16
52.1,0.48502734471212,0.48502079785695,6.5468551700693e-06,1.9482435413207e-16
52.2,0.48502734471212,0.48502092308483,6.4216272896206e-06,1.8925680656976e-16
52.3,0.48502734471212,0.48502104591736,6.2987947610828e-06,1.8965999425266e-16
52.4,0.48502734471212,0.48502116640035,6.1783117662982e-06,1.7116841798115e-16
52.5,0.48502734471212,0.48502128457875,6.0601333635161e-06,1.6731865323588e-16
52.6,0.48502734471212,0.48502140049665,5.9442154706293e-06,1.5852645124338e-16
52.7,0.48502734471212,0.48502151419727,5.8305148487307e-06,1.3950802047868e-16
52.8,0.48502734471212,0.48502162572303,5.7189890859845e-06,1.4972662595435e-16
52.9,0.48502734471212,0.48502173511554,5.6095965818062e-06,1.6187053731914e-16
53,0.48502734471212,0.48502184241559,5.5022965313448e-06,1.6732373543356e-16
53.1,0.48502734471212,0.48502194766321,5.3970489102625e-06,1.8685208003251e-16
53.2,0.48502734471212,0.48502205089766,5.2938144598045e-06,2.1220801130857e-16
53.3,0.48502734471212,0.48502215215744,5.1925546721556e-06,1.9521737741959e-16
53.4,0.48502734471212,0.48502225148034,5.0932317760756e-06,2.0084845245294e-16
53.5,0.48502734471212,0.48502234890339,4.9958087228106e-06,1.7450742185923e-16
53.6,0.48502734471212,0.48502244446294,4.9002491722733e-06,1.6148513732814e-16
53.7,0.48502734471212,0.48502253819464,4.8065174794875e-06,1.5102936262723e-16
53.8,0.48502734471212,0.48502263013344,4.7145786812921e-06,1.6074483053224e-16
53.9,0.48502734471212,0.48502272031363,4.6243984832994e-06,1.7767871321375e-16
54,0.48502734471212,0.48502280876887,4.5359432471028e-06,1.8302095001208e-16
54.1,0.48502734471212,0.48502289553214,4.4491799777293e-06,2.0965590103849e-16
54.2,0.48502734471212,0.48502298063581,4.3640763113319e-06,2.152378481609e-16
54.3,0.48502734471212,0.48502306411161,4.2806005031175e-06,2.1943150828275e-16
54.4,0.48502734471212,0.4850231459907,4.1987214155055e-06,2.1023696564031e-16
54.5,0.48502734471212,0.48502322630361,4.1184085065134e-06,2.1240621701822e-16
54.6,0.48502734471212,0.4850233050803,4.039631818364e-06,1.8919751426346e-16
54.7,0.48502734471212,0.48502338235015,3.9623619663105e-06,1.7030275030906e-16
54.8,0.48502734471212,0.48502345814199,3.8865701276763e-06,1.6602353985953e-16
54.9,0.48502734471212,0.48502353248409,3.8122280311031e-06,1.4935393145756e-16
55,0.48502734471212,0.48502360540417,3.7393079460057e-06,1.6547127437792e-16
55.1,0.48502734471212,0.48502367692944,3.6677826722279e-06,1.8400266119795e-16
55.2,0.48502734471212,0.48502374708659,3.5976255298965e-06,1.9752596571733e-16
55.3,0.48502734471212,0.48502381590177,3.5288103494696e-06,1.8150899620123e-16
55.4,0.48502734471212,0.48502388340066,3.4613114619748e-06,1.9695379496146e-16
55.5,0.48502734471212,0.48502394960843,3.3951036894343e-06,1.95299116099e-16
55.6,0.48502734471212,0.48502401454978,3.3301623354732e-06,1.9528768115422e-16
55.7,0.48502734471212,0.48502407824894,3.2664631761077e-06,1.6916942022563e-16
55.8,0.48502734471212,0.48502414072967,3.2039824507088e-06,1.9678396485554e-16
55.9,0.48502734471212,0.48502420201526,3.1426968531396e-06,1.6924565319088e-16
56,0.48502734471212,0.48502426212859,3.0825835230616e-06,1.5577274713185e-16
56.1,0.48502734471212,0.48502432109208,3.0236200374076e-06,1.601320021949e-16
56.2,0.48502734471212,0.48502437892772,2.9657844020177e-06,1.580652418036e-16
56.3,0.48502734471212,0.48502443565707,2.9090550434349e-06,1.4126476681128e-16
56.4,0.48502734471212,0.48502449130132,2.8534108008582e-06,1.1544169686481e-16
56.5,0.48502734471212,0.4850245458812,2.7988309182492e-06,1.1099858553999e-16
56.6,0.48502734471212,0.48502459941708,2.7452950365897e-06,9.8235493090765e-17
56.7,0.48502734471212,0.48502465192893,2.6927831862879e-06,8.7527726088049e-17
56.8,0.48502734471212,0.48502470343634,2.6412757797291e-06,8.4242932318597e-17
56.9,0.48502734471212,0.48502475395851,2.5907536039693e-06,6.7706731605825e-17
57,0.48502734471212,0.4850248035143,2.5411978135689e-06,5.2457173939932e-17
57.1,0.48502734471212,0.48502485212219,2.4925899235626e-06,6.79303483039e-17
57.2,0.48502734471212,0.48502489980031,2.4449118025646e-06,5.9188544771762e-17
57.3,0.48502734471212,0.48502494656645,2.398145666005e-06,4.4342598305236e-17
57.4,0.48502734471212,0.48502499243805,2.3522740694965e-06,3.1576541240693e-17
57.5,0.48502734471212,0.48502503743221,2.3072799023269e-06,3.1338948498988e-17
57.6,0.48502734471212,0.48502508156574,2.2631463810767e-06,5.5074929263422e-17
57.7,0.48502734471212,0.48502512485507,2.2198570433588e-06,4.7396999113035e-17
57.8,0.48502734471212,0.48502516731638,2.1773957416777e-06,3.1564682779432e-17
57.9,0.48502734471212,0.48502520896548,2.1357466374063e-06,2.6493073007746e-17
58,0.48502734471212,0.48502524981792,2.0948941948778e-06,1.5070833714022e-17
58.1,0.48502734471212,0.48502528988894,2.0548231755908e-06,2.15252247721e-17
58.2,0.48502734471212,0.48502532919348,2.0155186325253e-06,2.2422232663242e-17
58.3,0.48502734471212,0.48502536774621,1.9769659045667e-06,2.6501119820745e-17
58.4,0.48502734471212,0.48502540556151,1.9391506110377e-06,4.7858632069289e-17
58.5,0.48502734471212,0.48502544265347,1.9020586463336e-06,3.0038117650242e-17
58.6,0.48502734471212,0.48502547903594,1.865676174661e-06,5.6093486382495e-17
58.7,0.48502734471212,0.48502551472249,1.8299896248769e-06,6.9430867169961e-17
58.8,0.48502734471212,0.48502554972643,1.794985685426e-06,5.1040934852123e-17
58.9,0.48502734471212,0.48502558406082,1.7606512993762e-06,4.4394055556782e-17
59,0.48502734471212,0.48502561773846,1.7269736595472e-06,2.9845629412979e-17
59.1,0.48502734471212,0.48502565077191,1.6939402037341e-06,3.8944245574148e-17
59.2,0.48502734471212,0.48502568317351,1.6615386100208e-06,6.6345337901351e-17
59.3,0.48502734471212,0.48502571495533,1.6297567921844e-06,5.8619973905918e-17
59.4,0.48502734471212,0.48502574612922,1.5985828951864e-06,3.7195757812778e-17
59.5,0.48502734471212,0.48502577670683,1.5680052907511e-06,2.4041336141919e-17
59.6,0.48502734471212,0.48502580669954,1.5380125730275e-06,4.9294352914885e-17
59.7,0.48502734471212,0.48502583611856,1.5085935543353e-06,7.5927821633639e-17
59.8,0.48502734471212,0.48502586497486,1.4797372609914e-06,6.5075635513417e-17
59.9,0.48502734471212,0.48502589327919,1.4514329292166e-06,7.2559595118882e-17
60,0.48502734471212,0.48502592104212,1.423670001121e-06,4.5073587738717e-17
60.1,0.48502734471212,0.485025948274,1.3964381207651e-06,3.9169556338117e-17
60.2,0.48502734471212,0.48502597498499,1.3697271302974e-06,3.1844627168499e-17
60.3,0.48502734471212,0.48502600118505,1.3435270661652e-06,4.58189767323e-17
60.4,0.48502734471212,0.48502602688396,1.317828155398e-06,3.5803447405729e-17
60.5,0.48502734471212,0.48502605209131,1.2926208119622e-06,3.6744077493655e-17
60.6,0.48502734471212,0.48502607681648,1.2678956331854e-06,2.0292368317371e-17
60.7,0.48502734471212,0.48502610106872,1.2436433962489e-06,1.5945606990299e-17
60.8,0.48502734471212,0.48502612485706,1.2198550547474e-06,-1.4327562302806e-18
60.9,0.48502734471212,0.48502614819038,1.1965217353151e-06,-1.2342540590916e-17
61,0.48502734471212,0.48502617107738,1.1736347343151e-06,-2.8943539324153e-17
61.1,0.48502734471212,0.4850261935266,1.1511855145933e-06,-1.2620579155852e-17
61.2,0.48502734471212,0.48502621554642,1.129165702294e-06,-2.0180983484807e-17
61.3,0.48502734471212,0.48502623714503,1.1075670837359e-06,-2.2385598488273e-17
61.4,0.48502734471212,0.48502625833051,1.0863816023486e-06,-4.274340010082e-18
61.5,0.48502734471212,0.48502627911076,1.0656013556673e-06,-1.3069930134371e-17
61.6,0.48502734471212,0.48502629949352,1.0452185923853e-06,1.3985360992116e-17
61.7,0.48502734471212,0.48502631948641,1.0252257094621e-06,3.2348188255642e-17
61.8,0.48502734471212,0.48502633909687,1.0056152492882e-06,6.1608941418542e-18
61.9,0.48502734471212,0.48502635833222,9.8637989690234e-07,2.5502679734169e-17
62,0.48502734471212,0.48502637719964,9.6751247726384e-07,3.7366646709887e-17
62.1,0.48502734471212,0.48502639570616,9.4900595257557e-07,2.404059498809e-17
62.2,0.48502734471212,0.4850264138587,9.3085341965908e-07,1.9276458176258e-17
62.3,0.48502734471212,0.48502643166401,9.130481073795e-07,1.873075719999e-17
62.4,0.48502734471212,0.48502644912874,8.9558337411985e-07,7.6862946007407e-18
62.5,0.48502734471212,0.48502646625941,8.7845270530365e-07,-4.0285945762599e-18
62.6,0.48502734471212,0.48502648306241,8.6164971096486e-07,5.4941733332466e-18
62.7,0.48502734471212,0.48502649954399,8.4516812336436e-07,1.1291902098965e-17
62.8,0.48502734471212,0.48502651571032,8.2900179465198e-07,3.5246099726436e-18
62.9,0.48502734471212,0.48502653156742,8.131446945733e-07,4.7471961528867e-18
63,0.48502734471212,0.48502654712121,7.9759090822027e-07,-1.2195050978975e-17
63.1,0.48502734471212,0.48502656237748,7.8233463382487e-07,-2.7250320462592e-17
63.2,0.48502734471212,0.48502657734194,7.6737018059497e-07,-2.9470923212937e-17
63.3,0.48502734471212,0.48502659202015,7.5269196659159e-07,-3.6957106279889e-18
63.4,0.48502734471212,0.4850266064176,7.3829451664678e-07,-1.3348392215781e-17
63.5,0.48502734471212,0.48502662053966,7.2417246032129e-07,1.0005259052086e-17
63.6,0.48502734471212,0.48502663439159,7.1032052990134e-07,-6.0557561772762e-18
63.7,0.48502734471212,0.48502664797856,6.9673355843367e-07,-3.0725802524295e-17
63.8,0.48502734471212,0.48502666130564,6.8340647779822e-07,-5.6543896152198e-17
63.9,0.48502734471212,0.4850266743778,6.7033431681766e-07,-4.0785271685005e-17
64,0.48502734471212,0.48502668719992,6.5751219940305e-07,-4.954856867818e-17
64.1,0.48502734471212,0.48502669977677,6.4493534273501e-07,-4.8732875949974e-17
64.2,0.48502734471212,0.48502671211306,6.3259905547967e-07,-6.2873667487911e-17
64.3,0.48502734471212,0.48502672421338,6.2049873603871e-07,-9.0547292665893e-17
64.4,0.48502734471212,0.48502673608225,6.0862987083295e-07,-1.0876030097687e-16
64.5,0.48502734471212,0.48502674772408,5.9698803261869e-07,-1.1016955204287e-16
64.6,0.48502734471212,0.48502675914324,5.855688788363e-07,-1.1699706111421e-16
64.7,0.48502734471212,0.48502677034397,5.7436814999039e-07,-1.1550988301707e-16
64.8,0.48502734471212,0.48502678133045,5.6338166806097e-07,-1.3250581086196e-16
64.9,0.48502734471212,0.48502679210678,5.5260533494497e-07,-1.2014781191976e-16
65,0.48502734471212,0.48502680267699,5.420351309276e-07,-9.2651004869517e-17
65.1,0.48502734471212,0.485026813045,5.3166711318298e-07,-7.016598588906e-17
65.2,0.48502734471212,0.4850268232147,5.2149741430335e-07,-5.1342584460464e-17
65.3,0.48502734471212,0.48502683318988,5.1152224085652e-07,-6.9536958046605e-17
65.4,0.48502734471212,0.48502684297425,5.0173787197089e-07,-5.4567874165372e-17
65.5,0.48502734471212,0.48502685257146,4.9214065794743e-07,-5.4604508340341e-17
65.6,0.48502734471212,0.4850268619851,4.8272701889839e-07,-4.051644460337e-17
65.7,0.48502734471212,0.48502687121867,4.734934434119e-07,-1.3816536737816e-17
65.8,0.48502734471212,0.48502688027563,4.6443648724219e-07,-2.912649844076e-17
65.9,0.48502734471212,0.48502688915935,4.555527720248e-07,-1.9650317343353e-17
66,0.48502734471212,0.48502689787313,4.4683898401648e-07,-3.5800588669532e-17
66.1,0.48502734471212,0.48502690642024,4.3829187285905e-07,-8.3294043659436e-18
66.2,0.48502734471212,0.48502691480387,4.2990825036699e-07,-3.470283396989e-17
66.3,0.48502734471212,0.48502692302713,4.2168498933825e-07,-2.2532611644181e-17
66.4,0.48502734471212,0.48502693109309,4.136190223877e-07,-2.1889660697656e-17
66.5,0.48502734471212,0.48502693900478,4.0570734080298e-07,-2.4818382991906e-17
66.6,0.48502734471212,0.48502694676512,3.9794699342223e-07,-8.781614080659e-18
66.7,0.48502734471212,0.48502695437703,3.9033508553323e-07,-1.5718813918672e-18
66.8,0.48502734471212,0.48502696184334,3.8286877779367e-07,-7.4660660344546e-19
66.9,0.48502734471212,0.48502696916683,3.7554528517201e-07,-2.4738656015746e-17
67,0.48502734471212,0.48502697635024,3.6836187590865e-07,-1.7692506564893e-17
67.1,0.48502734471212,0.48502698339625,3.6131587049692e-07,3.7841726314178e-18
67.2,0.48502734471212,0.48502699030748,3.5440464068361e-07,6.4224685038781e-18
67.3,0.48502734471212,0.48502699708651,3.476256084886e-07,3.2486836961195e-17
67.4,0.48502734471212,0.48502700373587,3.4097624524322e-07,5.1172701414981e-17
67.5,0.48502734471212,0.48502701025805,3.3445407064703e-07,6.916643407174e-17
67.6,0.48502734471212,0.48502701665547,3.2805665184265e-07,5.6628864144719e-17
67.7,0.48502734471212,0.48502702293051,3.2178160250825e-07,7.7527760991884e-17
67.8,0.48502734471212,0.48502702908554,3.1562658196744e-07,6.9544157826657e-17
67.9,0.48502734471212,0.48502703512282,3.0958929431615e-07,5.1041570126834e-17
68,0.48502734471212,0.48502704104463,3.0366748756624e-07,3.3779462178265e-17
68.1,0.48502734471212,0.48502704685316,2.9785895280547e-07,3.026692242512e-17
68.2,0.48502734471212,0.48502705255059,2.9216152337355e-07,4.5049182601924e-17
68.3,0.48502734471212,0.48502705813904,2.8657307405395e-07,5.023302423912e-17
68.4,0.48502734471212,0.4850270636206,2.8109152028115e-07,5.6576083404193e-17
68.5,0.48502734471212,0.4850270689973,2.7571481736311e-07,5.8389475065146e-17
68.6,0.48502734471212,0.48502707427116,2.7044095971853e-07,7.4590568368161e-17
68.7,0.48502734471212,0.48502707944414,2.6526798012874e-07,6.4143899271437e-17
68.8,0.48502734471212,0.48502708451817,2.6019394900395e-07,4.9236966432708e-17
68.9,0.48502734471212,0.48502708949514,2.5521697366344e-07,5.7886761010951e-17
69,0.48502734471212,0.48502709437692,2.5033519762958e-07,5.2778517064297e-17
69.1,0.48502734471212,0.48502709916532,2.4554679993535e-07,6.864476765535e-17
69.2,0.48502734471212,0.48502710386212,2.4084999444507e-07,5.8843378845756e-17
69.3,0.48502734471212,0.48502710846909,2.3624302918817e-07,6.2008714499866e-17
69.4,0.48502734471212,0.48502711298793,2.3172418570569e-07,7.8404254803835e-17
69.5,0.48502734471212,0.48502711742034,2.2729177840925e-07,1.0030767978688e-16
69.6,0.48502734471212,0.48502712176796,2.2294415395228e-07,7.4623602653104e-17
69.7,0.48502734471212,0.48502712603243,2.1867969061338e-07,7.5514893071852e-17
69.8,0.48502734471212,0.48502713021532,2.1449679769131e-07,7.6658652248442e-17
69.9,0.48502734471212,0.4850271343182,2.103939149117e-07,1.0050961773546e-16
70,0.48502734471212,0.48502713834261,2.06369511845e-07,7.8658364688011e-17
70.1,0.48502734471212,0.48502714229003,2.0242208733563e-07,8.9634747014124e-17
70.2,0.48502734471212,0.48502714616195,1.9855016894206e-07,8.6191399264858e-17
70.3,0.48502734471212,0.4850271499598,1.9475231238751e-07,1.1147710621563e-16
70.4,0.48502734471212,0.48502715368502,1.9102710102126e-07,1.1612633771421e-16
70.5,0.48502734471212,0.48502715733897,1.8737314529019e-07,9.8110264563469e-17
70.6,0.48502734471212,0.48502716092303,1.837890822205e-07,1.2145843658696e-16
70.7,0.48502734471212,0.48502716443854,1.8027357490925e-07,1.0302096454496e-16
70.8,0.48502734471212,0.48502716788681,1.7682531202572e-07,8.9106251394597e-17
70.9,0.48502734471212,0.48502717126911,1.7344300732225e-07,7.8491128620487e-17
71,0.48502734471212,0.48502717458672,1.7012539915445e-07,5.811874215938e-17
71.1,0.48502734471212,0.48502717784087,1.668712500106e-07,8.5130887545116e-17
71.2,0.48502734471212,0.48502718103277,1.6367934605003e-07,8.2342190384959e-17
71.3,0.48502734471212,0.48502718416362,1.6054849665034e-07,6.8973972304256e-17
71.4,0.48502734471212,0.48502718723458,1.574775339633e-07,4.9661197590385e-17
71.5,0.48502734471212,0.4850271902468,1.5446531247921e-07,6.1496630143692e-17
71.6,0.48502734471212,0.48502719320141,1.5151070859962e-07,4.6210067725916e-17
71.7,0.48502734471212,0.4850271960995,1.486126202182e-07,4.7240377427132e-17
71.8,0.48502734471212,0.48502719894215,1.4576996630966e-07,6.5724648039471e-17
71.9,0.48502734471212,0.48502720173043,1.4298168652649e-07,7.5156598135164e-17
72,0.48502734471212,0.48502720446538,1.4024674080346e-07,8.3843423935069e-17
72.1,0.48502734471212,0.48502720714801,1.3756410896964e-07,7.8774567020462e-17
72.2,0.48502734471212,0.48502720977933,1.3493279036787e-07,7.3092220024027e-17
72.3,0.48502734471212,0.48502721236031,1.3235180348152e-07,9.0771491699119e-17
72.4,0.48502734471212,0.48502721489193,1.2982018556834e-07,8.8649832984925e-17
72.5,0.48502734471212,0.48502721737512,1.2733699230137e-07,9.3498328984347e-17
72.6,0.48502734471212,0.48502721981082,1.2490129741667e-07,1.1017847235859e-16
72.7,0.48502734471212,0.48502722219992,1.2251219236784e-07,1.3408438910807e-16
72.8,0.48502734471212,0.48502722454333,1.2016878598709e-07,1.569754809774e-16
72.9,0.48502734471212,0.48502722684191,1.1787020415287e-07,1.6632700264777e-16
73,0.48502734471212,0.48502722909653,1.1561558946373e-07,1.9383311382554e-16
73.1,0.48502734471212,0.48502723130802,1.1340410091858e-07,1.9113993286508e-16
73.2,0.48502734471212,0.4850272334772,1.1123491360294e-07,1.7701642609322e-16
73.3,0.48502734471212,0.4850272356049,1.0910721838126e-07,1.5648044315929e-16
73.4,0.48502734471212,0.4850272376919,1.0702022159508e-07,1.4506116848088e-16
73.5,0.48502734471212,0.48502723973897,1.0497314476699e-07,1.3177744193666e-16
73.6,0.48502734471212,0.48502724174689,1.0296522431027e-07,1.4747535796434e-16
73.7,0.48502734471212,0.48502724371641,1.0099571124402e-07,1.6107831005055e-16
73.8,0.48502734471212,0.48502724564825,9.906387091382e-08,1.3692201565582e-16
73.9,0.48502734471212,0.48502724754313,9.7168982717684e-08,1.4225702620432e-16
74,0.48502734471212,0.48502724940178,9.5310339837249e-08,1.1644230747332e-16
74.1,0.48502734471212,0.48502725122487,9.3487248974139e-08,1.3459791606723e-16
74.2,0.48502734471212,0.48502725301309,9.1699030091349e-08,1.1110294264607e-16
74.3,0.48502734471212,0.4850272547671,8.9945016159586e-08,1.0876940658106e-16
74.4,0.48502734471212,0.48502725648756,8.8224552908455e-08,8.805272769667e-17
74.5,0.48502734471212,0.48502725817512,8.6536998582408e-08,9.5592009141502e-17
74.6,0.48502734471212,0.48502725983039,8.4881723701361e-08,1.1501537459455e-16
74.7,0.48502734471212,0.48502726145401,8.3258110825893e-08,1.3521077087435e-16
74.8,0.48502734471212,0.48502726304656,8.1665554326927e-08,1.5859455798629e-16
74.9,0.48502734471212,0.48502726460866,8.0103460159825e-08,1.4946342370088e-16
75,0.48502734471212,0.48502726614087,7.8571245642804e-08,1.4455840148712e-16
75.1,0.48502734471212,0.48502726764378,7.7068339239583e-08,1.3734623357861e-16
75.2,0.48502734471212,0.48502726911794,7.5594180346196e-08,1.2467632798847e-16
75.3,0.48502734471212,0.4850272705639,7.414821908188e-08,1.4936004597665e-16
75.4,0.48502734471212,0.4850272719822,7.2729916083959e-08,1.7221660801849e-16
75.5,0.48502734471212,0.48502727337337,7.1338742306656e-08,1.6224018779128e-16
75.6,0.48502734471212,0.48502727473794,6.9974178823752e-08,1.8291871048837e-16
75.7,0.48502734471212,0.4850272760764,6.8635716635022e-08,1.9722206617773e-16
75.8,0.48502734471212,0.48502727738926,6.7322856476365e-08,2.019548760054e-16
75.9,0.48502734471212,0.48502727867701,6.603510863358e-08,1.9194388624603e-16
76,0.48502734471212,0.48502727994012,6.4771992759689e-08,1.7617447534365e-16
76.1,0.48502734471212,0.48502728117908,6.3533037695766e-08,1.9043299122637e-16
76.2,0.48502734471212,0.48502728239434,6.2317781295184e-08,1.9549939968636e-16
76.3,0.48502734471212,0.48502728358635,6.1125770251235e-08,1.940230212593e-16
76.4,0.48502734471212,0.48502728475556,5.9956559928033e-08,1.7756732838118e-16
76.5,0.48502734471212,0.4850272859024,5.8809714194664e-08,1.814426563161e-16
76.6,0.48502734471212,0.48502728702731,5.7684805262501e-08,1.6983305068747e-16
76.7,0.48502734471212,0.4850272881307,5.6581413525635e-08,1.9536720298958e-16
76.8,0.48502734471212,0.48502728921299,5.5499127404354e-08,2.2256987784889e-16
76.9,0.48502734471212,0.48502729027457,5.443754319162e-08,2.2587565553612e-16
77,0.48502734471212,0.48502729131585,5.3396264902483e-08,2.2919454899915e-16
77.1,0.48502734471212,0.48502729233721,5.2374904126368e-08,2.3157508215785e-16
77.2,0.48502734471212,0.48502729333904,5.1373079882198e-08,2.4106428638682e-16
77.3,0.48502734471212,0.4850272943217,5.039041847628e-08,2.5028515322508e-16
77.4,0.48502734471212,0.48502729528556,4.9426553362911e-08,2.6480709635439e-16
77.5,0.48502734471212,0.48502729623099,4.8481125007658e-08,2.7333887542028e-16
77.6,0.48502734471212,0.48502729715834,4.7553780753239e-08,2.7081737083286e-16
77.7,0.48502734471212,0.48502729806794,4.6644174687983e-08,2.7893110605206e-16
77.8,0.48502734471212,0.48502729896015,4.5751967516797e-08,2.5310531633574e-16
77.9,0.48502734471212,0.48502729983529,4.4876826434606e-08,2.6457463213248e-16
78,0.48502734471212,0.48502730069369,4.4018425002211e-08,2.9145683075271e-16
78.1,0.48502734471212,0.48502730153567,4.3176443024526e-08,2.8500789246923e-16
78.2,0.48502734471212,0.48502730236155,4.2350566431136e-08,2.8905893341859e-16
78.3,0.48502734471212,0.48502730317163,4.154048715915e-08,2.7961292786993e-16
78.4,0.48502734471212,0.48502730396621,4.0745903038284e-08,2.7975620878691e-16
78.5,0.48502734471212,0.4850273047456,3.9966517678153e-08,3.058385237548e-16
78.6,0.48502734471212,0.48502730551008,3.9202040357709e-08,3.1149712735893e-16
78.7,0.48502734471212,0.48502730625993,3.8452185916801e-08,2.9609957715529e-16
78.8,0.48502734471212,0.48502730699544,3.7716674649805e-08,3.0008992290002e-16
78.9,0.48502734471212,0.48502730771688,3.699523220129e-08,2.8727802679465e-16
79,0.48502734471212,0.48502730842453,3.6287589463682e-08,3.0268887806255e-16
79.1,0.48502734471212,0.48502730911863,3.5593482476879e-08,2.9538757978867e-16
79.2,0.48502734471212,0.48502730979946,3.4912652329797e-08,2.7245105254266e-16
79.3,0.48502734471212,0.48502731046727,3.4244845063785e-08,2.8452301242904e-16
79.4,0.48502734471212,0.48502731112231,3.3589811577901e-08,2.9849932737398e-16
79.5,0.48502734471212,0.48502731176481,3.294730753599e-08,2.9044591016505e-16
79.6,0.48502734471212,0.48502731239502,3.2317093275549e-08,2.8122823293523e-16
79.7,0.48502734471212,0.48502731301318,3.1698933718322e-08,2.5937512038576e-16
79.8,0.48502734471212,0.48502731361952,3.1092598282619e-08,2.6876606217541e-16
79.9,0.48502734471212,0.48502731421426,3.0497860797304e-08,2.7259666280025e-16
80,0.48502734471212,0.48502731479762,2.9914499417427e-08,2.9325455230414e-16
80.1,0.48502734471212,0.48502731536982,2.9342296541479e-08,2.7302592321605e-16
80.2,0.48502734471212,0.48502731593108,2.878103873022e-08,2.6628608536347e-16
80.3,0.48502734471212,0.4850273164816,2.8230516627062e-08,2.4155932089621e-16
80.4,0.48502734471212,0.48502731702159,2.769052487998e-08,2.1512286343831e-16
80.5,0.48502734471212,0.48502731755126,2.7160862064911e-08,2.1658358499074e-16
80.6,0.48502734471212,0.48502731807079,2.6641330610619e-08,1.9747838959722e-16
80.7,0.48502734471212,0.48502731858038,2.6131736725e-08,2.1599320964394e-16
80.8,0.48502734471212,0.48502731908023,2.5631890322795e-08,2.3169424248817e-16
80.9,0.48502734471212,0.48502731957051,2.5141604954686e-08,2.319434521544e-16
81,0.48502734471212,0.48502732005142,2.4660697737745e-08,2.4593545706119e-16
81.1,0.48502734471212,0.48502732052313,2.418898928722e-08,2.4638182688078e-16
81.2,0.48502734471212,0.48502732098581,2.3726303649621e-08,2.7193512014227e-16
81.3,0.48502734471212,0.48502732143965,2.3272468237085e-08,2.7077726911677e-16
81.4,0.48502734471212,0.4850273218848,2.2827313763001e-08,2.7601943029587e-16
81.5,0.48502734471212,0.48502732232144,2.2390674178862e-08,3.0231467478832e-16
81.6,0.48502734471212,0.48502732274973,2.1962386612328e-08,2.967739775087e-16
81.7,0.48502734471212,0.48502732316983,2.1542291306474e-08,3.1074204711729e-16
81.8,0.48502734471212,0.48502732358189,2.1130231560193e-08,3.3734418885189e-16
81.9,0.48502734471212,0.48502732398606,2.072605366975e-08,3.1442670992102e-16
82,0.48502734471212,0.48502732438251,2.0329606871447e-08,2.9291277450992e-16
82.1,0.48502734471212,0.48502732477137,1.9940743285385e-08,2.7099462902069e-16
82.2,0.48502734471212,0.4850273251528,1.9559317860302e-08,2.4929478973e-16
82.3,0.48502734471212,0.48502732552693,1.918518831947e-08,2.2946089784767e-16
82.4,0.48502734471212,0.4850273258939,1.8818215107624e-08,2.1172568560211e-16
82.5,0.48502734471212,0.48502732625386,1.84582613389e-08,1.9145178988218e-16
82.6,0.48502734471212,0.48502732660692,1.8105192745783e-08,2.101919835586e-16
82.7,0.48502734471212,0.48502732695324,1.7758877629018e-08,1.8372812657008e-16
82.8,0.48502734471212,0.48502732729293,1.7419186808485e-08,1.7324133921365e-16
82.9,0.48502734471212,0.48502732762612,1.7085993575017e-08,1.5594213386897e-16
83,0.48502734471212,0.48502732795294,1.6759173643129e-08,1.8335691438095e-16
83.1,0.48502734471212,0.48502732827351,1.6438605104666e-08,2.0564351920224e-16
83.2,0.48502734471212,0.48502732858795,1.6124168383322e-08,2.2808684827982e-16
83.3,0.48502734471212,0.48502732889637,1.5815746190042e-08,2.4468011783741e-16
83.4,0.48502734471212,0.48502732919889,1.5513223479268e-08,2.263640858355e-16
83.5,0.48502734471212,0.48502732949563,1.5216487406028e-08,2.1945170141587e-16
83.6,0.48502734471212,0.48502732978669,1.4925427283843e-08,2.2118732817307e-16
83.7,0.48502734471212,0.48502733007218,1.4639934543437e-08,2.2103426832689e-16
83.8,0.48502734471212,0.48502733035221,1.4359902692242e-08,2.4117253289614e-16
83.9,0.48502734471212,0.48502733062689,1.4085227274673e-08,2.6519967296438e-16
84,0.48502734471212,0.48502733089631,1.3815805833168e-08,2.7709409673026e-16
84.1,0.48502734471212,0.48502733116058,1.3551537869965e-08,2.9943310013462e-16
84.2,0.48502734471212,0.48502733141979,1.3292324809619e-08,3.1985755761529e-16
84.3,0.48502734471212,0.48502733167405,1.303806996223e-08,3.2784185561223e-16
84.4,0.48502734471212,0.48502733192344,1.2788678487378e-08,3.5076051575702e-16
84.5,0.48502734471212,0.48502733216806,1.2544057358742e-08,3.782426271165e-16
84.6,0.48502734471212,0.485027332408,1.2304115329409e-08,3.9687187602044e-16
84.7,0.48502734471212,0.48502733264335,1.2068762897826e-08,4.2422287263538e-16
84.8,0.48502734471212,0.4850273328742,1.1837912274424e-08,4.3122409956153e-16
84.9,0.48502734471212,0.48502733310064,1.1611477348867e-08,4.3041573234483e-16
85,0.48502734471212,0.48502733332274,1.1389373657934e-08,4.5255878327953e-16
85.1,0.48502734471212,0.4850273335406,1.1171518354011e-08,4.671187088882e-16
85.2,0.48502734471212,0.48502733375429,1.0957830174186e-08,4.6867980053616e-16
85.3,0.48502734471212,0.48502733396389,1.0748229409944e-08,4.5174618420681e-16
85.4,0.48502734471212,0.48502733416948,1.0542637877427e-08,4.404741493318e-16
85.5,0.48502734471212,0.48502733437114,1.0340978888274e-08,4.623246066315e-16
85.6,0.48502734471212,0.48502733456894,1.0143177221015e-08,4.6564656231715e-16
85.7,0.48502734471212,0.48502733476296,9.9491590930118e-09,4.5875802386022e-16
85.8,0.48502734471212,0.48502733495326,9.7588521329372e-09,4.8195674585371e-16
85.9,0.48502734471212,0.48502733513993,9.5721853537779e-09,4.6798224574304e-16
86,0.48502734471212,0.48502733532303,9.3890891263563e-09,4.9053949082586e-16
86.1,0.48502734471212,0.48502733550262,9.209495153358e-09,5.1271575471652e-16
86.2,0.48502734471212,0.48502733567878,9.0333364438558e-09,5.2347872609895e-16
86.3,0.48502734471212,0.48502733585157,8.8605472883212e-09,5.0715384687163e-16
86.4,0.48502734471212,0.48502733602105,8.6910632341139e-09,5.2344599621648e-16
86.5,0.48502734471212,0.4850273361873,8.5248210614401e-09,5.0943656923162e-16
86.6,0.48502734471212,0.48502733635036,8.3617587597706e-09,5.2520990262446e-16
86.7,0.48502734471212,0.4850273365103,8.2018155047103e-09,4.9942826450052e-16
86.8,0.48502734471212,0.48502733666719,8.0449316353098e-09,4.7406476286749e-16
86.9,0.48502734471212,0.48502733682107,7.8910486318106e-09,4.6012421521224e-16
87,0.48502734471212,0.48502733697201,7.7401090938174e-09,4.5947179801079e-16
87.1,0.48502734471212,0.48502733712006,7.5920567188861e-09,4.8624414870003e-16
87.2,0.48502734471212,0.48502733726528,7.4468362815227e-09,4.7682861234923e-16
87.3,0.48502734471212,0.48502733740772,7.3043936125835e-09,4.7699654655719e-16
87.4,0.48502734471212,0.48502733754744,7.164675579069e-09,4.9557567410627e-16
87.5,0.48502734471212,0.48502733768449,7.0276300643048e-09,4.687582313203e-16
87.6,0.48502734471212,0.48502733781891,6.8932059485013e-09,4.460746434979e-16
87.7,0.48502734471212,0.48502733795076,6.7613530896854e-09,4.4292842812365e-16
87.8,0.48502734471212,0.48502733808009,6.6320223049971e-09,4.5929980151884e-16
87.9,0.48502734471212,0.48502733820695,6.5051653523429e-09,4.4258040015272e-16
88,0.48502734471212,0.48502733833138,6.3807349124019e-09,4.165905093834e-16
88.1,0.48502734471212,0.48502733845343,6.2586845709742e-09,4.4371865692388e-16
88.2,0.48502734471212,0.48502733857315,6.1389688016682e-09,4.2019010741447e-16
88.3,0.48502734471212,0.48502733869057,6.0215429489186e-09,4.2611572326598e-16
88.4,0.48502734471212,0.48502733880575,5.9063632113294e-09,4.0908216945656e-16
88.5,0.48502734471212,0.48502733891873,5.7933866253349e-09,4.2253502300318e-16
88.6,0.48502734471212,0.48502733902955,5.6825710491744e-09,4.1976014058643e-16
88.7,0.48502734471212,0.48502733913824,5.5738751471725e-09,4.3613654820283e-16
88.8,0.48502734471212,0.48502733924486,5.4672583743199e-09,4.3802174658558e-16
88.9,0.48502734471212,0.48502733934944,5.3626809611504e-09,4.4889782912652e-16
89,0.48502734471212,0.48502733945201,5.2601038989057e-09,4.5318372567694e-16
89.1,0.48502734471212,0.48502733955263,5.159488924985e-09,4.6629712580686e-16
89.2,0.48502734471212,0.48502733965132,5.0607985086721e-09,4.9341579633906e-16
89.3,0.48502734471212,0.48502733974812,4.9639958371366e-09,4.8796587303268e-16
89.4,0.48502734471212,0.48502733984307,4.8690448017017e-09,4.7637584263324e-16
89.5,0.48502734471212,0.48502733993621,4.7759099843753e-09,4.6052324796692e-16
89.6,0.48502734471212,0.48502734002756,4.6845566446388e-09,4.8645722628992e-16
89.7,0.48502734471212,0.48502734011717,4.5949507064883e-09,4.9082371835614e-16
89.8,0.48502734471212,0.48502734020506,4.5070587457236e-09,4.8010973839985e-16
89.9,0.48502734471212,0.48502734029127,4.4208479774811e-09,4.8759987125422e-16
90,0.48502734471212,0.48502734037583,4.3362862440038e-09,4.7458317432817e-16
90.1,0.48502734471212,0.48502734045877,4.2533420026469e-09,4.5337074046009e-16
90.2,0.48502734471212,0.48502734054013,4.1719843141112e-09,4.4355037199134e-16
90.3,0.48502734471212,0.48502734061993,4.0921828309029e-09,4.2801619802028e-16
90.4,0.48502734471212,0.48502734069821,4.0139077860134e-09,4.1979984277429e-16
90.5,0.48502734471212,0.48502734077499,3.9371299818156e-09,4.1766275962321e-16
90.6,0.48502734471212,0.4850273408503,3.8618207791732e-09,4.1698733604738e-16
90.7,0.48502734471212,0.48502734092416,3.7879520867574e-09,4.2045966572377e-16
90.8,0.48502734471212,0.48502734099662,3.7154963505691e-09,3.930368379852e-16
90.9,0.48502734471212,0.48502734106769,3.6444265436603e-09,3.8324724518473e-16
91,0.48502734471212,0.4850273411374,3.5747161560532e-09,3.6673853830116e-16
91.1,0.48502734471212,0.48502734120578,3.5063391848511e-09,3.6718850097974e-16
91.2,0.48502734471212,0.48502734127285,3.4392701245395e-09,3.5498217387465e-16
91.3,0.48502734471212,0.48502734133863,3.3734839574717e-09,3.6774804523715e-16
91.4,0.48502734471212,0.48502734140316,3.3089561445375e-09,3.531565200883e-16
91.5,0.48502734471212,0.48502734146645,3.2456626160091e-09,3.4460677714105e-16
91.6,0.48502734471212,0.48502734152854,3.1835797625633e-09,3.5918279885727e-16
91.7,0.48502734471212,0.48502734158943,3.1226844264747e-09,3.5094880729344e-16
91.8,0.48502734471212,0.48502734164916,3.0629538929774e-09,3.30609705753e-16
91.9,0.48502734471212,0.48502734170775,3.0043658817926e-09,3.1847283452241e-16
92,0.48502734471212,0.48502734176522,2.9468985388171e-09,2.9724766000494e-16
92.1,0.48502734471212,0.48502734182159,2.890530427972e-09,2.7570879502454e-16
92.2,0.48502734471212,0.48502734187688,2.8352405232064e-09,2.9669193856273e-16
92.3,0.48502734471212,0.48502734193111,2.7810082006546e-09,2.7840341610645e-16
92.4,0.48502734471212,0.4850273419843,2.727813230943e-09,2.9966891650596e-16
92.5,0.48502734471212,0.48502734203648,2.6756357716443e-09,2.7441239951824e-16
92.6,0.48502734471212,0.48502734208766,2.6244563598761e-09,2.9212449909671e-16
92.7,0.48502734471212,0.48502734213786,2.574255905041e-09,2.9205552340056e-16
92.8,0.48502734471212,0.4850273421871,2.5250156817053e-09,2.9238110706633e-16
92.9,0.48502734471212,0.4850273422354,2.4767173226145e-09,2.8616474467414e-16
93,0.48502734471212,0.48502734228277,2.4293428118418e-09,3.0372016590484e-16
93.1,0.48502734471212,0.48502734232924,2.3828744780682e-09,3.0830921794591e-16
93.2,0.48502734471212,0.48502734237482,2.3372949879906e-09,3.1375579861543e-16
93.3,0.48502734471212,0.48502734241953,2.2925873398564e-09,3.3540026105924e-16
93.4,0.48502734471212,0.48502734246338,2.2487348571214e-09,3.4093013674849e-16
93.5,0.48502734471212,0.4850273425064,2.2057211822298e-09,3.6762301357884e-16
93.6,0.48502734471212,0.48502734254859,2.1635302705117e-09,3.6191466333267e-16
93.7,0.48502734471212,0.48502734258997,2.1221463841992e-09,3.5191737209783e-16
93.8,0.48502734471212,0.48502734263056,2.0815540865553e-09,3.4226802983817e-16
93.9,0.48502734471212,0.48502734267038,2.0417382361161e-09,3.1988624217098e-16
94,0.48502734471212,0.48502734270943,2.0026839810428e-09,3.1513344517817e-16
94.1,0.48502734471212,0.48502734274774,1.9643767535817e-09,2.9633053384053e-16
94.2,0.48502734471212,0.48502734278531,1.9268022646304e-09,2.8621413356057e-16
94.3,0.48502734471212,0.48502734282217,1.8899464984075e-09,3.1175546909912e-16
94.4,0.48502734471212,0.48502734285832,1.8537957072247e-09,2.9836613599251e-16
94.5,0.48502734471212,0.48502734289378,1.8183364063589e-09,2.9707077404839e-16
94.6,0.48502734471212,0.48502734292856,1.7835553690218e-09,3.2300359431853e-16
94.7,0.48502734471212,0.48502734296268,1.7494396214264e-09,3.0483099481445e-16
94.8,0.48502734471212,0.48502734299614,1.7159764379478e-09,3.1163556017035e-16
94.9,0.48502734471212,0.48502734302896,1.6831533363758e-09,3.3561828084649e-16
95,0.48502734471212,0.48502734306116,1.6509580732596e-09,3.5226573631768e-16
95.1,0.48502734471212,0.48502734309274,1.6193786393401e-09,3.2491706345987e-16
95.2,0.48502734471212,0.48502734312371,1.5884032550708e-09,3.2026587112965e-16
95.3,0.48502734471212,0.4850273431541,1.5580203662237e-09,3.4622071280885e-16
95.4,0.48502734471212,0.4850273431839,1.5282186395794e-09,3.5621496725686e-16
95.5,0.48502734471212,0.48502734321313,1.4989869586998e-09,3.6445658129003e-16
95.6,0.48502734471212,0.4850273432418,1.4703144197812e-09,3.3905234618172e-16
95.7,0.48502734471212,0.48502734326993,1.4421903275874e-09,3.1709746167238e-16
95.8,0.48502734471212,0.48502734329751,1.4146041914601e-09,2.9764270016559e-16
95.9,0.48502734471212,0.48502734332457,1.3875457214056e-09,3.0111871079571e-16
96,0.48502734471212,0.48502734335111,1.3610048242568e-09,3.1766317276805e-16
96.1,0.48502734471212,0.48502734337715,1.3349715999079e-09,3.1088567937924e-16
96.2,0.48502734471212,0.48502734340268,1.309436337622e-09,3.3258291118984e-16
96.3,0.48502734471212,0.48502734342773,1.2843895124085e-09,3.5982741636593e-16
96.4,0.48502734471212,0.4850273434523,1.2598217814703e-09,3.5403170819566e-16
96.5,0.48502734471212,0.48502734347639,1.2357239807189e-09,3.7545555474586e-16
96.6,0.48502734471212,0.48502734350003,1.2120871213559e-09,3.6457970133395e-16
96.7,0.48502734471212,0.48502734352321,1.1889023865201e-09,3.675034144292e-16
96.8,0.48502734471212,0.48502734354596,1.1661611279988e-09,3.7269983479518e-16
96.9,0.48502734471212,0.48502734356826,1.1438548630017e-09,3.6975302578325e-16
97,0.48502734471212,0.48502734359014,1.1219752709971e-09,3.5252216768424e-16
97.1,0.48502734471212,0.4850273436116,1.1005141906076e-09,3.7775637540406e-16
97.2,0.48502734471212,0.48502734363265,1.0794636165666e-09,4.016055479771e-16
97.3,0.48502734471212,0.4850273436533,1.0588156967314e-09,3.9362874072099e-16
97.4,0.48502734471212,0.48502734367355,1.0385627291549e-09,3.9523426954543e-16
97.5,0.48502734471212,0.48502734369342,1.0186971592124e-09,4.1153033703804e-16
97.6,0.48502734471212,0.48502734371291,9.9921157678333e-10,4.1414300685513e-16
97.7,0.48502734471212,0.48502734373202,9.8009871348793e-10,3.9949142756662e-16
97.8,0.48502734471212,0.48502734375077,9.6135143997535e-10,3.9149903622777e-16
97.9,0.48502734471212,0.48502734376915,9.4296276326462e-10,3.8874174752907e-16
98,0.48502734471212,0.48502734378719,9.2492582413613e-10,3.6705642836006e-16
98.1,0.48502734471212,0.48502734380488,9.0723389457301e-10,3.931217811623e-16
98.2,0.48502734471212,0.48502734382224,8.8988037525156e-10,4.0492337654848e-16
98.3,0.48502734471212,0.48502734383926,8.7285879307954e-10,3.8074874376637e-16
98.4,0.48502734471212,0.48502734385595,8.561627987817e-10,3.9711306906576e-16
98.5,0.48502734471212,0.48502734387233,8.3978616453132e-10,4.0908295631212e-16
98.6,0.48502734471212,0.48502734388839,8.2372278162724e-10,4.1913294133012e-16
98.7,0.48502734471212,0.48502734390415,8.0796665821519e-10,4.2391296693735e-16
98.8,0.48502734471212,0.48502734391961,7.9251191705274e-10,4.1648342433906e-16
98.9,0.48502734471212,0.48502734393476,7.7735279331704e-10,4.4401859333777e-16
99,0.48502734471212,0.48502734394963,7.6248363245443e-10,4.4342354338654e-16
99.1,0.48502734471212,0.48502734396422,7.4789888807127e-10,4.6548796273901e-16
99.2,0.48502734471212,0.48502734397852,7.33593119865e-10,4.5491043046405e-16
99.3,0.48502734471212,0.48502734399256,7.1956099159486e-10,4.74372327541e-16
99.4,0.48502734471212,0.48502734400632,7.0579726909144e-10,4.8448371893216e-16
99.5,0.48502734471212,0.48502734401982,6.9229681830419e-10,4.5675807195186e-16
99.6,0.48502734471212,0.48502734403306,6.7905460338642e-10,4.310384748554e-16
99.7,0.48502734471212,0.48502734404605,6.6606568481682e-10,4.0635377272908e-16
99.8,0.48502734471212,0.48502734405879,6.5332521755698e-10,3.9827222486528e-16
99.9,0.48502734471212,0.48502734407129,6.408284492441e-10,3.8519761805852e-16
100,0.48502734471212,0.48502734408355,6.2857071841833e-10,3.6565311014361e-16
