t_s,rad_mean_K,rad_max_K,rad_min_K,RadiatorTop_p_mean_K,RadiatorTop_p_max_K,RadiatorTop_n_mean_K,RadiatorTop_n_max_K,RadiatorBot_p_mean_K,RadiatorBot_p_max_K,RadiatorBot_n_mean_K,RadiatorBot_n_max_K,baseplate_mean_K,baseplate_max_K,pkg_max_K,pkg_mean_K,bus_mean_K,blades_mean_K,wing_mean_K,illum,emitted_rad_W,emitted_gross_W,abs_mutual_solar_W,P_sources_W,abs_solar_albedo_ext_W,abs_planet_IR_ext_W,abs_IR_rad_faces_W,abs_solar_rad_faces_W
0.0,339.76921044784376,339.80025397732027,339.6777835587545,339.76302403220404,339.7898208928508,339.775537871397,339.79582957374294,339.76291166446606,339.7895722133314,339.775368223289,339.80025397732027,339.79224370840143,339.79341595667944,339.7982100939822,339.7961062185586,339.7902212830293,339.7900443378273,339.7809776329572,1.0,4029.184120709475,73602.95143846664,283.8993679945036,3032.3999999999996,30717.498656331027,6515.19855200511,309.504768828597,790.7888820259748
119.99999999999808,333.0159406483037,335.2113683387124,330.5116309623082,332.93002130351243,334.95986223734525,333.091925966134,335.16064419778354,332.9400397580406,335.0131908639076,333.1017755655095,335.2113683387124,341.71242887164084,342.1989838879334,342.3076316979404,341.80211527286735,340.61841459225155,341.1472250205624,317.87994482777157,1.0,3718.361982369625,57354.33151476124,274.1672721070588,3036.96,30049.857161961503,6508.69587895524,309.21321949033535,783.815231682732
239.99999999999616,329.5885956228024,332.5653679405024,326.69736070826093,329.48787373043155,332.25939550048645,329.6479869804113,332.47408096942223,329.52951263500853,332.3569506501529,329.68900914533833,332.5653679405024,342.5465839737202,343.4158853081741,343.5225619435827,342.6393603873942,341.45245596242955,341.9517466132016,306.35804544679746,1.0,3567.6941429473363,50049.40357391911,283.33226588221055,3042.66,29875.811021207217,6501.67015700267,308.88407676198705,767.0429660670924
359.99999999998346,327.65635729803813,331.0850095836809,324.4833249284278,327.54638380603956,330.74726015025533,327.7024281998624,330.96837603062323,327.61089890519025,330.87350595634354,327.76571828104136,331.0850095836809,343.0762356968543,344.193381389651,344.30263564298576,343.171033838822,342.22840939750125,342.47820897645613,299.9422386301111,1.0,3484.811738734859,46315.14746158174,292.2321747725733,3047.2200000000003,29826.01186026519,6494.3586281850885,308.5359799478036,739.7918594367737
454.57608807311385,326.5694264739488,330.261486807758,323.23218352609285,326.45536019011047,329.9076771935647,326.60647044008385,330.13085195567305,326.5331694487957,330.05062208479933,326.6827058167868,330.261486807758,343.4057658214307,344.6700569957993,344.78347057072796,343.5016810565369,342.80480757983054,342.8098858402477,296.40804244046325,1.0,3438.8335521693934,44354.76065749677,290.4149516590803,3051.7799999999997,0.0,6486.933581583459,308.1829137331395,0.0
454.5760880731139,326.5694264739488,330.261486807758,323.23218352609285,326.45536019011047,329.9076771935647,326.60647044008385,330.13085195567305,326.5331694487957,330.05062208479933,326.6827058167868,330.261486807758,343.4057658214307,344.6700569957993,344.78347057072796,343.5016810565369,342.80480757983054,342.8098858402477,296.40804244046325,0.0,3438.8335521693934,44354.76065749677,290.4149516590803,3051.7799999999997,0.0,6486.933581583459,308.1829137331395,0.0
479.9999999999923,325.58575450742444,329.6052802283849,322.0309229982059,325.5358812187516,329.38273614843985,325.547025509898,329.4607481462127,325.6246221870458,329.5308710939817,325.63548911398306,329.6052802283849,343.4440841833927,344.72601758006175,344.83072549332815,343.53756367800423,342.931589539142,342.84838680490316,289.8709353949809,0.0,3397.643111716741,40920.085403020086,0.009214895941669798,3063.18,0.0,6486.933581583459,308.1829137331395,0.0
599.9999999999892,322.8208274618423,327.3850863587221,318.955383542395,322.75587511107767,327.1663670847889,322.75782390143274,327.19693401867164,322.8838086420143,327.3550916598245,322.8858021928259,327.3850863587221,343.4654081442573,344.87414744213856,344.9868956743488,343.56168427032594,343.47117646773467,342.8655591377795,267.24659215384037,0.0,3283.777360519914,30833.554735212896,0.007911784237559925,3114.48,0.0,6479.605412229471,307.83401698992884,0.0
719.9999999999669,321.07454850967287,325.93592912711654,317.0295437197122,320.99387932362293,325.693770099508,320.9951826437577,325.7153891172056,321.153880234107,325.91472273959,321.155251837184,325.93592912711654,343.3582902578172,344.8711806937538,344.99148952840693,343.4566491933064,343.9302519133244,342.76456717800164,251.56286681530509,0.0,3213.3513014809855,25178.65971839915,0.0077011383292707215,3158.94,0.0,6472.513864531008,307.4963009082807,0.0
840.0000000000233,319.979903833527,325.0098687137617,315.83855344618473,319.8874302761295,324.7496189095858,319.88837689942136,324.7659865410112,320.0713956727417,324.9939778019752,320.0724124857979,325.0098687137617,343.20500339683787,344.7874641683384,344.91870292752697,343.30496649553095,344.3089536451762,342.61823470397457,240.49255495391319,0.0,3169.785594550159,21771.94851208467,0.007563558529031714,3197.7,0.0,6465.80998787742,307.1771275107525,0.0
959.9999999999847,319.20190101336914,324.3428121581467,315.00083911308684,319.10005933446814,324.0682386588717,319.10073743152253,324.080617597607,319.3030304506989,324.3309973674673,319.3037768367689,324.3428121581467,343.04804416269036,344.7115380634875,344.8433631432024,343.1493390805059,344.635431079784,342.46732800463775,231.78039655630764,0.0,3139.0914279527096,19400.740340144974,0.007467929976837415,3231.8999999999996,0.0,6459.616484392483,306.88208659168515,0.0
1079.9999999999955,318.63887654517714,323.8537503515796,314.4006819239278,318.5296707845634,323.56800127381007,318.53013861804675,323.57724196935567,318.74758173957866,323.84515493030295,318.7481150385005,323.8537503515796,342.90005716886446,344.6369014690067,344.7681236641107,343.00245916196207,344.9182486392208,342.3243756844177,224.7786424222187,0.0,3117.0172363906167,17679.156611588227,0.007393622810717472,3261.54,0.0,6453.987774820436,306.61265071951107,0.0
1199.9999999999784,318.2246141907877,323.48993026483714,313.9633091680692,318.10944068210006,323.19492486880307,318.109741500189,323.20166400861626,318.339455656896,323.4839069482904,318.3398189239468,323.48993026483714,342.7677748636563,344.56421223344944,344.69293660537136,342.87112483254197,345.1644804187094,342.1960523788608,219.06415382664989,0.0,3100.849285213092,16388.671692777025,0.007334978832723484,3287.7599999999998,0.0,6448.94253262462,306.37607489848125,0.0
1319.9999999999955,317.915348169197,323.2157653453253,313.63967249026865,317.7952301758542,322.91292186691567,317.795397268863,322.9176524528278,318.0352692330245,323.211809057146,318.0354959990269,323.2157653453253,342.65358577432903,344.4964957491124,344.62374148379075,342.7577425674442,345.3802059639454,342.0849794145475,214.33752269385204,0.0,3088.819731406686,15395.358928080872,0.007290397727358487,3310.56,0.0,6444.562488127118,306.18677705844607,0.0
1439.9999999999338,317.6803319128141,323.00590930203794,313.39561101425755,317.55610863385465,322.69640432068206,317.5561678930497,322.6995112018733,317.8044673263523,323.0036241688235,317.804583797982,323.00590930203794,342.55717354108486,344.4359864819859,344.56313950265144,342.6620072281936,345.5706299162943,341.9911028263693,210.37884918745473,0.0,3079.701383056827,14612.91958573633,0.007255739597013991,3329.94,0.0,6440.884698683389,306.00964642445916,0.0
1560.0000000000182,317.5008053091416,322.8449919064451,313.2104019448492,317.3730636249603,322.5296764056965,317.3730356924358,322.531469484372,317.62854731776986,322.8440582093944,317.628574601382,322.8449919064451,342.4791787014958,344.38572619011063,344.5128159892612,342.584641790828,345.7397083265157,341.9148138217584,207.04074896107312,0.0,3072.7494114410106,13987.032533436866,0.007229727091893145,3348.18,0.0,6437.837942132027,305.8645297526962,0.0
1680.0000000000466,317.3608046631012,322.7195307565421,313.0667021856139,317.230020718297,322.3989585526727,317.2299214239244,322.3996755478601,317.4916610753197,322.7195307565421,317.4916154348433,322.71935973083606,342.4161827169394,344.3445499974275,344.4715440554365,342.52215981322394,345.8914963036748,341.85331439368747,204.18649487510552,0.0,3067.3361408659143,13475.707756037902,0.007209161708256712,3363.0,0.0,6435.399211748975,305.7485530466604,0.0
1799.9999999999673,317.25349557929025,322.6242847725065,312.95696537681084,317.1201153332216,322.2984518876052,317.1199582458477,322.2982966558426,317.3870066718553,322.6242847725065,317.38690206622005,322.623219980501,342.36812587753576,344.3134264705896,344.4414385005605,342.47456776066866,346.02791731059756,341.8063003197612,201.75237085516392,0.0,3063.1917598669415,13056.678081844817,0.00719487979069766,3376.68,0.0,6433.542345269574,305.6602719771017,0.0
1919.9999999999693,317.1716549786485,322.5520256073436,312.8734210132813,317.0360950504724,322.2218197977937,317.0358911509123,322.2209576876336,317.30739300768704,322.5520256073436,317.30724070550474,322.55023766245404,342.3328181626893,344.29179132099864,344.42024849458653,342.4396499805797,346.1513062910444,341.7718536376224,199.66735401695968,0.0,3060.0338587034835,12710.001322045331,0.007185873570015263,3388.08,0.0,6432.252708787797,305.59884115701635,0.0
2040.000000000015,317.1098308156972,322.4979866379115,312.81020719167185,316.9725180021281,322.1643069706161,316.97227607503845,322.1628705380472,317.2473600594537,322.4979866379115,317.24716912615025,322.49561310508614,342.3090064771589,344.27879284643495,344.40748277106354,342.4161862015717,346.26368421056793,341.7486452175747,197.87418485322078,0.0,3057.650011128438,12420.786014794618,0.007180967474555147,3398.34,0.0,6431.515390499676,305.56371317106425,0.0
2159.999999999991,317.0639098113412,322.4584050246349,312.7630117355964,316.92523106652027,322.12210388209684,316.9249581824872,322.1201998817208,317.2028361182284,322.4584050246349,317.2026138781086,322.45555692651936,342.2943122673051,344.2726377738021,344.4014982882755,342.40176486381716,346.36665116937615,341.7345805762972,196.32686202091185,0.0,3055.880364410634,12177.813461192414,0.007179202435885936,3406.32,0.0,6431.362968626606,305.5564513513934,0.0
2279.99999999992,317.03096069188,322.4307439815338,312.72873524542774,316.8912742260188,322.09261999787117,316.89097607932354,322.0903345152913,317.1709200497493,322.4307439815338,317.1706724124107,322.42751087942804,342.28850314868504,344.27352858409563,344.4025738323253,342.3962243260543,346.4616590368529,341.7290901803085,194.98804160985475,0.0,3054.6112199811537,11972.51230130434,0.007180064634771614,3414.3,0.0,6431.75269793958,305.575019185459,0.0
2399.999999999957,317.0067537263432,322.4111137303226,312.7030583017931,316.86638441361305,322.0718614224539,316.86606484538714,322.06925261782555,317.14741735560887,322.4111137303226,317.14714829074626,322.4075560842548,342.2888507646253,344.2794425922907,344.408655594896,342.3968127721633,346.5510273676659,341.7296671119116,193.79747394552058,0.0,3053.6791952425933,11793.730651695438,0.007182328021439215,3421.14,0.0,6432.731325981029,305.62164387358985,0.0
2511.417734501584,316.99211639996935,322.3999618348005,312.68691472649573,316.8514398212413,322.06036231815256,316.851103798964,322.0575052825491,317.133103698957,322.3999618348005,317.1328182806967,322.39615656481226,342.2939967869156,344.2888611638499,344.41817629955597,342.40212256541497,346.6287629983524,341.7351590869271,192.82800620397225,0.0,3053.1158787441227,11650.841265644587,0.007186095101656414,3425.7,29866.531195907082,6434.28353393394,305.69556907234124,713.2429993849216
2511.4177345015846,316.99211639996935,322.3999618348005,312.68691472649573,316.8514398212413,322.06036231815256,316.851103798964,322.0575052825491,317.133103698957,322.3999618348005,317.1328182806967,322.39615656481226,342.2939967869156,344.2888611638499,344.41817629955597,342.40212256541497,346.6287629983524,341.7351590869271,192.82800620397225,1.0,3053.1158787441227,11650.841265644587,0.007186095101656414,3425.7,29866.531195907082,6434.28353393394,305.69556907234124,713.2429993849216
2520.0000000000555,317.298389343035,322.56189693856726,313.0538908633001,317.21869825151526,322.22641933329066,317.0998746828164,322.1360130418781,317.4962948057127,322.56189693856726,317.37868963207677,322.4764946628948,342.3102816735915,344.3118079891838,344.449631655627,342.4210260432941,346.64349204634374,341.7497801275939,194.81652923375543,1.0,3064.900638414961,11971.520963739486,291.0118102401311,3423.42,29866.531195907082,6434.28353393394,305.69556907234124,713.2429993849216
2639.999999999991,319.48526051315315,324.3092096304742,315.5382754273056,319.43420969235683,323.999192973209,319.27810520497263,323.7976991998459,319.6917741932509,324.3092096304742,319.53695296201323,324.11592673071925,342.58822175611715,344.5392855509188,344.6674971405676,342.69636896298346,346.86895255699443,342.04597924374036,219.41630964345643,1.0,3150.186929980758,16546.739968947204,286.8904249668066,3378.96,29888.447315467925,6436.4729138408775,305.7994957840683,747.7545681693573
2759.99999999997,320.89341775164746,325.5255082048904,317.07114049466287,320.8508698571746,325.23010885820776,320.689497911506,325.0124048527604,321.0969268232609,325.5255082048904,320.93637641462885,325.31406014448885,342.9392616971572,344.83068813769364,344.9541882495894,343.04476218253257,347.1275119866844,342.4067295057843,238.17271958979637,1.0,3206.057019555593,21197.567213929346,279.93034795370687,3341.34,29993.962459824503,6439.318079209584,305.9350367495432,771.3541316053872
2879.9999999998677,321.9613467840487,326.4753292332606,318.2142907155044,321.9231130013174,326.1856748313958,321.7587427465883,325.95717859448706,322.1637709895216,326.4753292332606,321.99976039874986,326.24919970710664,343.3004684233086,345.14780943144507,345.26702104110115,343.40359485521304,347.4016460277208,342.7761965498628,252.70843163614006,1.0,3248.9266403673737,25627.860279526754,270.70951002949954,3308.2799999999997,30308.068033197495,6442.7806570584125,306.10081423142225,784.9955607812171
2999.999999999905,322.81021296613477,327.25452161798046,319.17662852857086,322.7726560725717,326.965159664795,322.60810490963695,326.7298872862543,323.01239351044813,327.25452161798046,322.84769737186207,327.01715152632886,343.7079453959382,345.5197129196665,345.6357299473904,343.81001055886657,347.6957665674782,343.1879193163796,264.0477251074452,1.0,3283.3114819335724,29651.782310574203,288.43041037725266,3278.64,31041.81187639461,6446.85709893585,306.29609978340795,788.9179333510849
3120.0000000000364,323.4912069361699,327.9024639889547,319.95039628334195,323.4509961107977,327.6117242786859,323.2896886731755,327.37404295259546,323.69309123981304,327.9024639889547,323.531051720875,327.6594377827088,344.142517062367,345.93921167130026,346.0542359726791,344.24366777186833,348.0105412940188,343.6250517974418,272.7962521802066,1.0,3311.0966059260963,33129.20491954277,306.2180255841401,3250.14,31935.65171099922,6451.721251061929,306.505101012572,780.6892325510779
3240.0000000000937,323.91024685909633,328.2448205333484,320.4303740042744,323.86654503489217,327.95610311445733,323.7117040649309,327.71968515396145,324.1093875908193,328.2448205333484,323.95335074572387,328.00007615696353,343.86619875193935,345.70834224894213,345.7928924678239,343.938609186377,348.2656592785862,343.522432075969,279.5522004125799,1.0,3328.2745057314296,36042.990340872195,316.8291352438372,2416.8,32866.33575080664,6457.077640593049,306.7616532704672,763.4431503606953
3360.000000000093,324.11685666516604,328.41367283262474,320.6781897533398,324.065268042959,328.1160158775522,323.91996214040665,327.89107343937286,324.3148097687849,328.41367283262474,324.16738670849577,328.1735610568302,343.7943268493485,345.67278103770775,345.7540079445728,343.8659477313795,348.48366782945294,343.4746547414889,284.7767458604404,1.0,3336.7676490560966,38438.344394607135,317.83955126806393,2416.8,33717.864665163564,6463.150859707233,307.0504739452574,730.3875764247123
3480.000000000017,324.15804467558684,328.4549890890178,320.7359690107066,324.097097978397,328.15084954335464,323.96334318969554,327.9374892818606,324.3540545918669,328.4549890890178,324.2176829423704,328.2232355017594,343.76968725482106,345.68045106861626,345.7609780563198,343.84117538656756,348.67753528972816,343.46038275151756,288.84265630690356,1.0,3338.463025333111,40389.11607689645,311.21771770526686,2416.8,34479.938067553696,6469.758750554965,307.36508633211923,683.2994356917425
3599.9999999999345,324.06231126831767,328.39162979496945,320.6392823733114,323.98903991226416,328.07738945116307,323.8691985092795,327.8786985636727,324.2570486850873,328.39162979496945,324.1339579666209,328.1714192648022,343.7579203520824,345.70700330052205,345.7861950250552,343.82932655912947,348.8520355993843,343.45527967621285,292.03268879936496,1.0,3334.5246472292215,41971.42750081169,299.27945874371346,2416.8,35142.61516624871,6476.794619812233,307.700168413565,624.6536629517176
3719.9999999998804,323.8320143798493,328.2242985052099,320.3835606933678,323.7402675369228,327.88923273246104,323.6377410581912,327.713538521428,324.0285720759926,328.2242985052099,323.92147684827205,328.01887388573846,343.7401600677621,345.7339085971755,345.81289060135015,343.8115464324214,349.00926954404815,343.44260748270597,294.5503129371301,1.0,3325.0633035681863,43248.99682799684,278.5460509741818,2416.8,35673.436837457666,6484.131809350635,308.04945225543105,540.3697776923732
3839.9999999999386,323.41201821811603,327.90271182918775,319.9349693012231,323.30112320125755,327.54841329205306,323.2218235454115,327.40192068667454,323.60472069908815,327.90271182918775,323.5204054266883,327.7187397751933,343.7021803126754,345.7492212178937,345.82905524269495,343.77372589421884,349.1506166022975,343.40844262704087,296.53688892562195,1.0,3307.8618210696945,44267.65682820996,246.70712846867463,2416.8,36026.915429508845,6491.614710724137,308.4054029051655,384.9544769943147
3959.9999999998763,322.9513689964752,327.53778709648475,319.42096752815667,322.82732777234645,327.1690789043055,322.7641907130962,327.04399010528886,323.1409211024775,327.53778709648475,323.0730363979618,327.3700134613653,343.63742834437113,345.7386487719042,345.819237228293,343.70909228840287,349.26773847246227,343.3476514866043,298.09295331377393,1.0,3289.0717079713336,45072.948081676506,232.7451168906787,2416.8,36356.14918183757,6499.051865195504,308.7594228694984,320.94182018998663
4080.00000000003,322.3890074180298,327.1009197076833,318.76768388277674,322.23797517043056,326.69880649850376,322.19600313418044,326.599721816269,322.5838272987052,327.1009197076833,322.5382240687845,326.97453170206865,343.54631885420713,345.6992127831056,345.78137153184167,343.61813695001075,349.35989002938567,343.26055959417755,299.28083941036715,1.0,3266.2423231002695,45685.02778867372,214.85592780853392,2416.8,36517.50262821036,6506.251259400692,309.1021510394638,210.1276546614018
4199.999999999896,321.7344908480825,326.57530858733264,318.0595186798873,321.5585573660465,326.1515502506547,321.53941829227534,326.0795237239215,321.9306137247556,326.57530858733264,321.9093740092347,326.4842531305791,343.4115098709512,345.622503575476,345.7050713176553,343.4834016007979,349.42788864864326,343.12971493483656,300.1441173634843,1.0,3239.819583439054,46121.212722346696,193.48055978931578,2416.8,36574.47688748437,6512.9988495645,309.39998347282256,133.81410005402867
4319.999999999982,321.2044099893164,326.0849639683541,317.5108367301949,321.00448689048653,325.6482453342731,321.00967478569584,325.63250276833116,321.3989138060119,326.0849639683541,321.4045644750527,326.0655985851135,343.25045804629696,345.50039886689433,345.58197167972503,343.3224446036401,349.47499398827244,342.9735562625544,300.7153782542705,1.0,3218.530959412828,46406.05755717181,180.18863406245856,2416.8,36567.47103389551,6519.105618519944,309.69088663269,132.65400373034893
4439.999999999928,321.0766804324937,325.9509750971921,317.3628956730497,320.8530689621915,325.45878846740845,320.882423435509,325.4849136959196,321.26972031475395,325.9166100312208,321.30150901750005,325.9509750971921,343.1078106677424,345.37553450135397,345.4587044163097,343.179824527137,349.5019713140301,342.8366577031262,301.0188235413771,1.0,3213.415257361473,46565.595944843495,210.73351185048898,2416.8,36568.238620124495,6524.381267574467,309.9418303214472,199.66840370477
4559.99999999984,321.2466567393625,326.03456886796545,317.5582600665755,321.01080710989584,325.5119203941473,321.0644459778596,325.56495547452903,321.4270114291723,325.95628643334703,321.48436244050333,326.03456886796545,342.99335982423025,345.24878578783637,345.33213306500016,343.06524079485035,349.5234477546338,342.7270042279359,301.0657401124934,1.0,3220.2106623062373,46599.061006415715,229.5560865842113,2416.8,36441.64398075395,6528.6588068383235,310.1561076919486,300.7520381962067
4680.000000000037,321.51071093066963,326.2183930076029,317.8661454582592,321.26748338742215,325.6728403645106,321.3380954430871,325.75145965817336,321.6808344253912,326.10547496542387,321.75643046675975,326.2183930076029,342.91688916647524,345.14458229848964,345.22905438380224,342.9886377860428,349.5439474932252,342.6536214000655,300.8646784823069,1.0,3230.797167939088,46500.79843336423,246.0419497996751,2416.8,36161.19394617144,6531.767433364987,310.30382678204467,372.56950816773946
4799.999999999914,321.9348383873111,326.539485177548,318.3294165088522,321.6803650924375,325.96186330896415,321.77428805824445,326.0749089353336,322.0928635683629,326.3950673461912,322.1918368301804,326.539485177548,342.88279483414306,345.0565660411769,345.1405648258808,342.95429996301823,349.56170795457905,342.6214495871779,300.42772515146424,1.0,3247.8606218158247,46281.51950160634,276.3491854108588,2416.8,35837.37019217457,6533.606773298534,310.39144895585514,525.1616576472948
4920.00000000004,322.3816349188497,326.8914390644467,318.8282730525992,322.12168668842884,326.2911632932359,322.2336122152773,326.4337228207366,322.5275128208518,326.722308220254,322.6437279508201,326.8914390644467,342.888564250319,344.99765231952057,345.08245056974994,342.95993460041467,349.5823034289783,342.62719713399724,299.76349481919084,1.0,3265.9130303244883,45940.44812565424,296.3919284452794,2416.8,35334.88870532751,6534.12144826943,310.41596696756795,609.3408151994043
5040.000000000111,322.8151739669559,327.2393605269583,319.29761136897383,322.55468824760703,326.6266166390254,322.6821527822049,326.7952770412299,322.94660675158775,327.04885508297264,323.0772480864065,327.2393605269583,342.9258751767649,344.99563562658307,345.0798214947846,342.9971398998872,349.6096969631138,342.6630942415275,298.8839944414579,1.0,3283.5035824643323,45484.45792494289,309.13000119980484,2416.8,34704.44550259667,6533.294954736294,310.3765945904661,672.219580434561
5159.9999999998945,323.21193562845446,327.5654812314925,319.7264497516413,322.95157542488073,326.94379780695226,323.0917712981554,327.1337486405071,323.3307586762556,327.35663865048735,323.473637114507,327.5654812314925,342.981668434831,345.0091995040361,345.0917117326734,343.05277716436035,349.6438323181624,342.71708794654637,297.80383150886195,1.0,3299.664881147457,44923.14299696382,314.156360993802,2416.8,33960.29074449185,6531.15057278815,310.2748100741223,721.668685158376
5279.999999999982,323.5547688595886,327.8507346490449,320.09071383202,323.29709068487216,327.2250511031092,323.44815347144777,327.43843096836423,323.66053318131424,327.62654881515704,323.8132981007011,327.8507346490449,343.04602595781466,345.0335211761222,345.1150339284478,343.1169653192547,349.68497011335205,342.7800516772661,296.54026171126173,1.0,3313.6782906152807,44268.10261739344,317.4272558148352,2416.8,33132.91931445876,6527.7803792182385,310.1142679063022,758.173068406569
5399.999999999836,323.82534761912103,328.07681536040445,320.371953483302,323.57228492409433,327.4551903727844,323.73114663264863,327.6815151644929,323.9189384371466,327.84244358091826,324.0790204825752,328.07681536040445,343.10486898516416,345.05379236207557,345.1340607932219,343.17561627411396,349.72917623297747,342.83820345070967,295.11276723189326,1.0,3324.7704661429725,43532.058651635,310.5140082648704,2416.8,32224.65796695769,6523.273623071311,309.88906624966535,778.9597116131895
5519.99999999994,324.0123290170216,328.2328594810523,320.5687310792688,323.7650517668099,327.6176200936984,323.9287330218751,327.85322880564695,324.0955672071475,327.9920393163261,324.25996407223596,328.2328594810523,343.1420029172689,345.0601151326267,345.1390316900072,343.21240437302777,349.7688075765447,342.87530934125124,293.5777909710228,1.0,3332.45192019729,42746.9741132115,291.34893835743674,2416.8,31301.07572936875,6517.817582924431,309.62952948289706,788.0580380208853
5639.999999999753,324.33393068846857,328.66713120426436,320.7943439279386,324.09153014753673,328.05384026792086,324.25663249674716,328.2958948788178,324.4111553848311,328.4245539254911,324.5764047247401,328.66713120426436,344.4593181099686,346.2314868107976,346.37754674972496,344.580147950937,349.9344768142535,343.8818267359378,292.00605872934904,1.0,3345.715519165848,41968.02997428653,273.32462523043694,3872.58,30436.51101826562,6511.585023355691,309.33265378836836,786.5553568894578
5759.999999999735,324.73336181770753,329.1612914167709,321.1048416254791,324.4980388976982,328.5566591241053,324.66155252797023,328.8029976052312,324.8053349443595,328.91921086419325,324.9685209007816,329.1612914167709,345.354428522171,347.08692637956864,347.23464760346684,345.4740553766718,350.17873838475936,344.7464925638507,290.75238842240725,1.0,3362.2405829890417,41365.175807661224,277.3763672000481,3772.26,30120.616367476297,6504.7702481035785,309.0315956333203,774.7160891450677
5879.999999999986,325.13234644181614,329.6324784505633,321.43589771117297,324.9075023941015,329.0456253445162,325.0672193186079,329.291867689617,325.1979292199829,329.3943708197748,325.3567348345534,329.6324784505633,346.1142461969546,347.8398657893116,347.98903463402524,346.2320885684205,350.46683780136067,345.5009184504765,289.8366960491255,1.0,3378.8058075085974,40937.06537041429,287.7324676536734,3684.4800000000005,30003.00196835945,6497.563276546184,308.68856999264506,752.5647625607769
5999.99999999981,325.48332214228503,330.0474600537324,321.7176966258336,325.271992080304,329.48341834019686,325.42609043269874,329.7287723725808,325.54125491037564,329.81378225814535,325.6939511457424,330.0474600537324,346.7774753244954,348.5264375511614,348.67407481695477,346.8936005269743,350.77971882317024,346.16513104913867,289.2326501298667,1.0,3393.4290619871495,40663.25528990222,292.8286738314889,3608.1000000000004,29988.908654093895,6487.586179660582,308.2137583179987,705.4360409688045
6031.1010345150735,325.5688609931019,330.14977345151885,321.78632625639386,325.3615210813362,329.59246898530324,325.51378620843855,329.83687280757573,325.6247147674723,329.9174712440225,325.77542191514243,330.14977345151885,346.942881163203,348.69896916867526,348.84630120659403,347.05854584685005,350.8618504067339,346.3311207733567,289.0944390359575,1.0,3397.000271468966,40601.277938763196,290.66247037484044,3589.86,0.0,6482.77786833351,307.9850309058438,0.0
6031.101034515074,325.5688609931019,330.14977345151885,321.78632625639386,325.3615210813362,329.59246898530324,325.51378620843855,329.83687280757573,325.6247147674723,329.9174712440225,325.77542191514243,330.14977345151885,346.942881163203,348.69896916867526,348.84630120659403,347.05854584685005,350.8618504067339,346.3311207733567,289.0944390359575,0.0,3397.000271468966,40601.277938763196,290.66247037484044,3589.86,0.0,6482.77786833351,307.9850309058438,0.0
6119.999999999844,323.9469522246889,329.04412965113903,319.8400733865827,323.8106367649952,328.66429338114983,323.8142836562899,328.7196686701846,324.0795984177397,328.9895171707473,324.08329005971126,329.04412965113903,347.1967354747305,348.9723741517536,349.1116671073409,347.3095266511885,351.0054700782577,346.5785099465677,271.08331660681074,0.0,3329.9132121298694,32440.52315352461,0.009102325810769658,3578.46,0.0,6482.77786833351,307.9850309058438,0.0
6240.000000000073,322.793870897962,328.1293284323708,318.5156291250305,322.65613755263195,327.76094248020104,322.65857740788,327.7999899336575,322.92912167345565,328.0906559550814,322.93164695786123,328.1293284323708,347.36006768252366,349.200502083636,349.33890904673353,347.4728741191756,351.1798774213038,346.7443221492114,254.35321544131173,0.0,3282.8048819637484,26216.85572700235,0.009470787528520333,3563.64,0.0,6475.56603852962,307.64163003866156,0.0
6360.0000000000555,322.1242602687458,327.5841733361574,317.753939769467,321.98673964177124,327.22562173308177,321.9885697663563,327.2556020380136,322.2599081591587,327.55463539960635,322.2618235076777,327.5841733361574,347.41835440692955,349.306779988323,349.44314060374677,347.5310119681404,351.32532297150965,346.8092206957873,242.6604797728894,0.0,3255.678100658913,22536.96159734883,0.009412097530188937,3552.2400000000002,0.0,6468.679789222475,307.3137844531916,0.0
6480.000000000187,321.6753451373146,327.21096105679896,317.2464406115644,321.539459572524,326.86341420094277,321.5408331947834,326.8865437348501,321.8098165966167,327.1883739895654,321.8112711853149,327.21096105679896,347.43083264815954,349.36905999810733,349.5031043136306,347.5432326236778,351.449935061687,346.8288922076764,233.50675287144847,0.0,3237.585664470675,20004.304683485487,0.009368332396964621,3540.84,0.0,6462.278233611893,307.0091330178323,0.0
6599.999999999887,321.36797854864227,326.9487322207516,316.90091478758177,321.23494051651863,326.61335823741376,321.2359570971325,326.63110874304743,321.4999617454116,326.93161224436756,321.50105483548657,326.9487322207516,347.4166022079347,349.3928772810143,349.5266192469582,347.5287569356838,351.55626266867324,346.82124782776884,226.17919541566155,0.0,3225.2407683496153,18181.025424435236,0.009339538004113837,3531.7200000000003,0.0,6456.393693213545,306.7275672377424,0.0
6720.000000000186,321.1521204332972,326.75897213292967,316.6595494773994,321.02272777787897,326.4361230978978,321.0234607479924,326.4495901779861,321.28074382049,326.74620625945556,321.281549386809,326.75897213292967,347.38657381025496,349.3923998096901,349.52564432754554,347.4984849951624,351.64667307172294,346.79712519143175,220.21189170098378,0.0,3216.591536318395,16821.990320535922,0.00931567770234473,3523.7400000000002,0.0,6451.0929989437955,306.47476409274503,0.0
6839.99999999998,320.9960208405371,326.6168957899649,316.48595695109555,320.8707755404209,326.30659666295037,320.871281933719,326.31663624823636,321.1207250529364,326.60761152975317,321.12130083505275,326.6168957899649,347.34757226440917,349.3768985327057,349.51033422574415,347.45925641339505,351.7231823746226,346.7633024600015,215.29211643960892,0.0,3210.346930349838,15781.940935360897,0.00929429939582983,3516.8999999999996,0.0,6446.435623824364,306.27601933222934,0.0
6960.000000000034,320.878977677321,326.50620635128735,316.3565530552155,320.75814972084675,326.208211058464,320.7584743617648,326.215497615931,320.99944755932574,326.4997157695819,320.99983906732683,326.50620635128735,347.3030705859607,349.35234708025496,349.4861775845777,347.414514043176,351.7875798060085,346.72352189456495,211.1876616401015,0.0,3205.6700981189356,14967.293196973196,0.009274173312965504,3510.06,0.0,6442.449500900322,306.08424638664104,0.0
7079.999999999868,320.7875040165133,326.4163308575381,316.25594691727656,320.67126902459404,326.13032035187007,320.671447311449,326.135386794087,320.90352831520374,326.41209111363247,320.90377141478825,326.4163308575381,347.2562381769349,349.3229104172999,349.4563573123729,347.36747279110915,351.8414867395901,346.680788564565,207.72738801755852,0.0,3202.018033468863,14316.45334261486,0.00925494227005353,3504.36,0.0,6439.107084850542,305.92498446997786,0.0
7199.999999999869,320.7127272226826,326.3403837220274,316.17412726493615,320.6010726008832,326.0658603767548,320.60113185060027,326.0691205310889,320.82429097709144,326.33797253620685,320.8244134621374,326.3403837220274,347.20900396551554,349.2906179122263,349.42372282714837,347.320064014574,351.8865319378096,346.6370788764782,204.77273166124294,0.0,3199.034535928524,13785.795582996452,0.009236562536722118,3499.8,0.0,6436.433425305723,305.7978684972984,0.0
7319.999999999951,320.6506663324934,326.2753310969964,316.10656396223965,320.5434899639501,326.0117027893375,320.5434534320882,326.01350916656753,320.7578481540674,326.2743891457485,320.7578737798508,326.2753310969964,347.1626672801235,349.2571850318293,349.3900016745401,347.27359264248315,351.9234673489519,346.5936903209994,202.25592059586148,0.0,3196.5596674051553,13351.434672667467,0.009219131066037793,3496.38,0.0,6434.333620250724,305.69795719553633,0.0
7439.999999999761,320.597606578102,326.2183970016544,316.0490606792416,320.4947832817562,325.9648577108411,320.4946697707587,325.96549471709915,320.7005127090604,326.2183970016544,320.7004605508136,326.21815870650795,347.1172762625186,349.22314520896555,349.3556878125487,347.22806896329087,351.95327848304953,346.55094217915826,200.10214391390758,0.0,3194.4446526092015,12992.244366259103,0.009202358675801367,3492.96,0.0,6432.794179577492,305.6246384056901,0.0
7559.999999999834,320.55093707087934,326.16788901563064,315.99869767271224,320.45232774600214,325.92320102136534,320.45215234774975,325.92289736205515,320.64969142947393,326.16788901563064,320.64957676027547,326.1667021946805,347.072837541133,349.18882775097387,349.32110677768026,347.18349592506144,351.9767971892364,346.5089247010466,198.2512892676088,0.0,3192.5850507552495,12692.532770040356,0.009186038847110917,3489.54,0.0,6431.822200242843,305.57833047776734,0.0
7679.999999999877,320.5088686432445,326.12137875139234,315.9534677265826,320.41435931986206,325.8852932050866,320.41413409404055,325.8842318544457,320.60357304524325,326.12137875139234,320.60340811381457,326.11942933722196,347.0293002172037,349.15440951691545,349.2864359053425,347.13982448860384,351.9947228225725,346.4676217466192,196.65519299202592,0.0,3190.9093461327925,12440.539135817264,0.009170042177616628,3486.12,0.0,6431.403834532744,305.5583983215229,0.0
7799.999999999843,320.4703977462551,326.07816842121815,315.9122013293514,320.3798433403988,325.85040204542383,320.3795779432701,325.8487295810031,320.56118753311455,326.07816842121815,320.56098216821744,326.0756054517167,346.98753806893427,349.1208507940411,349.25267771394005,347.0979666874977,352.00775124918766,346.4277028460127,195.27484533032396,0.0,3189.377431822996,12227.314296344533,0.00915442006646065,3483.84,0.0,6431.551809596675,305.5654482823655,0.0
7919.999999999753,320.4344159527389,326.0373972353777,315.8736258661255,320.3476874150037,325.81770653750175,320.34738830137906,325.81552111671755,320.52141366813606,326.0373972353777,320.5211744264194,326.0343203609755,346.9477847332304,349.0886178922189,349.22029377136613,347.0581534446808,352.01726551691377,346.38944052643023,194.04770684442764,0.0,3187.945094375587,12041.361996091204,0.009139153375339687,3482.7,0.0,6432.258664610693,305.5991249083623,0.0
8040.000000000182,320.4015172866203,325.99953086081075,315.8384150279573,320.3184773810069,325.7876437641289,320.3181523206319,325.78506328676474,320.48485234153986,325.99953086081075,320.48458710328424,325.99605936081,346.9094894110021,349.0570958931148,349.1886093598309,347.01977729819555,352.02225986267996,346.3525798181302,193.0112572562734,0.0,3186.6358413904854,11886.836712114478,0.009124612759313241,3480.42,0.0,6433.549381231604,305.66061841875967,0.0
8088.825151149661,320.3884685307948,325.98439445369524,315.8244736385473,320.30691430521296,325.7756541206921,320.306579563678,325.77292615765464,320.47032759253057,325.98439445369524,320.47005266173886,325.98077571598697,346.89353800476437,349.04386848081407,349.1752728959978,347.00375306997813,352.0237368299458,346.3374123987401,192.61164424429703,0.0,3186.11664394698,11827.885949201494,0.009118807076610612,3478.1400000000003,30058.407373377337,6435.457725346356,305.7514152226369,731.4083120818586
8088.825151149662,320.3884685307948,325.98439445369524,315.8244736385473,320.30691430521296,325.7756541206921,320.306579563678,325.77292615765464,320.47032759253057,325.98439445369524,320.47005266173886,325.98077571598697,346.89353800476437,349.04386848081407,349.1752728959978,347.00375306997813,352.0237368299458,346.3374123987401,192.61164424429703,1.0,3186.11664394698,11827.885949201494,0.009118807076610612,3478.14,30058.407373377337,6435.457725346356,305.7514152226369,731.4083120818586
8160.00000000006,322.0005627626955,327.14451055342727,317.7063756712563,322.0050739621073,326.96075504513044,321.8527174247786,326.77135974247585,322.1476579714332,327.14451055342727,321.99680169244397,326.96406615450076,347.0066657722107,349.1574910277501,349.29689770448203,347.1181493767443,352.105573459407,346.4617557568388,208.44545085242544,1.0,3250.629871702485,14525.01593794648,292.5739733513147,3447.36,30058.407373377337,6435.457725346356,305.7514152226369,731.4083120818586
8279.999999999893,323.7186470134644,328.5892607013088,319.5981288952834,323.7377871724633,328.43153342785206,323.57877725316297,328.21973627321404,323.8579850016552,328.5892607013088,323.70003862655784,328.3845301637048,347.283585374819,349.34487993813866,349.47017214038294,347.39198837372794,352.26918569702195,346.75169374332603,230.8902718175699,1.0,3320.5072376940852,19470.096256279947,285.22033933736907,3400.62,30099.53913204198,6437.99906833861,305.8722062736661,760.067928459239
8399.999999999793,324.92127237793187,329.6360626010183,320.8945838411021,324.94963096242975,329.49391505076136,324.7865211876917,329.26801440008353,325.0557089727567,329.6360626010183,324.89322838883015,329.41507651163965,347.59693636448,349.6021174062904,349.72303905103854,347.7026577475694,352.46073003678765,347.0738651715542,248.1303496424017,1.0,3370.0947690900084,24358.331443733623,277.0141776888738,3360.7200000000003,30254.01132764079,6441.182229078668,306.02382548185864,778.8456452357383
8520.00000000018,325.78123472624264,330.4095049477412,321.8423945910482,325.81361639009043,330.27309474312926,325.6488981413553,330.0400061410165,325.91352927352784,330.4095049477412,325.7488950999773,330.17635342991326,347.93163782495566,349.90734928436626,350.0254031375349,348.0354984595515,352.67577048417843,347.41542878690854,260.54797824579316,1.0,3405.8968633622835,28561.392603959663,278.88091545691327,3324.2400000000002,30805.557933748256,6444.983570067999,306.2068387675209,787.0515147501617
8639.999999999964,326.4643987499026,331.0455928011896,322.62368424766896,326.4971998975474,330.9115439689787,326.33400820160153,330.6731495363163,326.59502272468455,331.0455928011896,326.4313641757589,330.80314435435565,348.29841599682595,350.258787593212,350.3741740910915,348.4011478905112,352.91157417346795,347.7864679684385,270.13650354823613,1.0,3434.5442482783496,32241.819243126993,300.5295852979094,3291.18,31683.15903030878,6449.518488561448,306.4064595670506,784.6935153268014
8760.0000000002,327.0068967293895,331.5699466263342,323.24570746820433,327.03649320322177,331.4351526528909,326.8784709093774,331.1963754939454,327.1358265158593,331.5699466263342,326.97679628907935,331.3243381590394,348.6794879103713,350.6361479377323,350.75086895299523,348.7812788495597,353.1655400949864,348.1704555424696,277.53549295605467,1.0,3457.4247866797355,35361.17267628766,311.6873803345556,3259.2599999999998,32604.54257931173,6454.763300727039,306.65081914362145,770.1184465095379
8879.999999999856,327.4205802055751,331.99090485748275,323.72332009926515,327.4441356452646,331.8513762206813,327.29410103513186,331.618471499238,327.5478529408752,331.99090485748275,327.3962312010116,331.74719889938586,349.0557346272891,351.0213300747872,351.13652332664265,349.15665393435995,353.4312787811556,348.5491822103531,283.25038608061345,1.0,3474.9522507799156,37945.91587785008,319.19522004659535,3230.7599999999998,33474.358090279435,6460.630069952533,306.93068846092245,741.5279412981808
8999.999999999975,327.7057233899813,332.30536593116364,324.0584945364641,327.7189292273567,332.15273041138664,327.5796435820974,331.93271292489,327.8330668555345,332.30536593116364,327.69125389491853,332.06663030274206,349.4072588334471,351.3940102209036,351.50913541538216,349.50722459625246,353.7023053884866,348.90443438066967,287.6882166807118,1.0,3487.075681354816,40061.26031767197,312.2987784478427,3202.2599999999998,34300.48087291772,6466.858612660983,307.2270497522737,704.4507948897726
9119.99999999968,327.86777946893085,332.51736684062257,324.20923440251744,327.8684040990722,332.3543572318928,327.741951687589,332.1465723595281,327.99520538640144,332.51736684062257,327.8655567026399,332.2879775523961,349.7319027738064,351.7503953893914,351.8656969487833,349.8311638844079,353.97664371631413,349.2329377940679,291.1637886661258,1.0,3493.984620721026,41784.09733738839,308.91462017022184,3177.18,35015.59596886189,6473.728281914156,307.5541666357598,652.1259009366074
9239.999999999867,327.8986954597039,332.61809669503924,324.21947506597456,327.8840433931743,332.44095925790435,327.7737538419739,332.253731074789,328.02567508770846,332.61809669503924,327.91130951593897,332.40318278019976,350.0143652733969,352.0663969302376,352.18058381040754,350.1126997923443,354.2469039396912,349.5210267964732,293.90639184468034,1.0,3495.311955552558,43182.32482685225,286.4900075790804,3152.1000000000004,35598.29631069544,6480.956522728227,307.898359333862,572.5539063410035
9360.000000000075,327.81464347131015,332.62094765283166,324.0774546361551,327.78202950185363,332.4215264379203,327.6885407525656,332.25567032374886,327.9431732235599,332.62094765283166,327.84483040724274,332.4213348222819,350.25274601930863,352.34979695779833,352.4642437528544,350.35040836965,354.5132886031294,349.76515849783584,296.0794536084482,1.0,3491.7425646424945,44312.27362835717,271.404009281079,3129.3,36081.21836636359,6488.406659658059,308.2526057613593,499.0679422503746
9479.99999999971,327.5523815315719,332.46968561902725,323.77115123724195,327.5047905357586,332.26025955785076,327.43359376973143,332.1213697268497,327.67352101154796,332.46968561902725,327.5976208092303,332.29110460595484,350.4383061568378,352.5884101155518,352.7026689603725,350.53539673071356,354.7671074371775,349.95647154357096,297.7921010301452,1.0,3480.6018250139073,45209.572402364596,238.39131507017316,3108.7799999999997,36381.35846769581,6495.887243130165,308.60872311207174,350.6028245314683
9599.999999999827,327.2338818001234,332.26543409006104,323.37396965931435,327.1658528034501,332.02924845090473,327.1124411959637,331.91675305728967,327.3573295189137,332.26543409006104,327.29990368214794,332.12033180702196,350.5760739703335,352.7745321646467,352.888459070835,350.672660737258,355.0018488390356,350.1010010355084,299.12125181196166,1.0,3467.104351677948,45910.30833096769,227.67723235548186,3089.3999999999996,36640.05741071439,6503.217589813004,308.9576269818218,277.33776554446877
9719.999999999716,326.7557650267038,331.9433240889276,322.8256033307297,326.66012207305806,331.6795157623519,326.6324066164888,331.5908450712082,326.8805959838211,331.9433240889276,326.8499354334292,331.8317450202757,350.6546747229948,352.9048762616466,353.0192615542802,350.75069962423555,355.214602379204,350.1866395430533,300.1147183692493,1.0,3446.9127147798613,46427.084251049986,205.0613995699593,3071.16,36739.316973634464,6510.206178102912,309.2896752707333,183.43324459906773
9840.00000000008,326.2070980542106,331.48273693782005,322.24914293230825,326.088474406359,331.2116514881095,326.08465282760443,331.1721345000156,326.329795133928,331.48273693782005,326.32546984893247,331.4352300152732,350.67257560426776,352.9783163341885,353.09177630062874,350.7682784564949,355.40604692721075,350.21110289641194,300.80521807415846,1.0,3423.836395133348,46776.51374141053,167.88664617209037,3056.34,36702.556058756265,6516.593378937734,309.5712130551889,130.24510951874865
9960.000000000076,326.0821027857993,331.3775982255208,322.0692962790838,325.9411460708302,331.06661433598987,325.95952575314914,331.0782746513114,326.20377024855185,331.36063986790566,326.22396907064626,331.3775982255208,350.67963497516695,353.0149936081253,353.127508573382,350.7748521352925,355.5742675377233,350.2270311505499,301.2238218671063,1.0,3418.600431351926,47001.17422109488,199.50293229672542,3042.66,36744.70385111058,6522.248900127783,309.84046611910895,155.82195020574753
10080.000000000222,326.3126865255871,331.54465072447294,322.30153263022953,326.150377206901,331.18485219629997,326.1950429107109,331.2243711636054,326.42888217484665,331.49202837218854,326.476443809871,331.54465072447294,350.70225821931797,353.03745979160715,353.14819949552077,350.79696925612103,355.72871914577246,350.25734130575535,301.3846590217664,1.0,3428.26755275544,47102.62602974541,221.42728561169912,3030.12,36693.89175601844,6526.974235517846,310.06488609493385,266.9079032295142
10199.99999999998,326.65885578260617,331.81697406507317,322.68156046484467,326.4904112800016,331.43527542743715,326.55364986878374,331.50338549532955,326.7619331001344,331.7181587589619,326.8294288814874,331.81697406507317,350.752116837171,353.0690534691954,353.17767862145007,350.8464298388258,355.8832100665519,350.3130758673433,301.29554950858454,1.0,3442.823890115887,47072.305980880905,241.1993520945402,3021.0,36477.62822748262,6530.598763579924,310.24852305890863,341.38777781888945
10319.999999999789,327.0669670045859,332.1540426124268,323.12739654846035,326.8882690392121,331.7423237831468,326.96730042304563,331.8361113866475,327.16404270866457,332.0291175044383,327.2482558474018,332.1540426124268,350.8272242744274,353.1083678045799,353.2151108130485,350.92105874518865,356.0319673808921,350.3923352918426,300.96489920524834,1.0,3460.0453226141212,46911.893702467605,250.6363103830895,3013.02,36114.14947675986,6532.998138541378,310.3624549070678,403.2425497631464
10439.99999999958,327.6241655082739,332.6119198503914,323.7294843317655,327.43673963971605,332.1731099758411,327.5398640183101,332.3020970115732,327.706214346836,332.455092603559,327.8138440282145,332.6119198503914,350.94236741347,353.1673625242565,353.27378495014676,351.0358487135075,356.1807753162052,350.50988076439216,300.4062644920848,1.0,3483.6645308730526,46635.0865273157,287.9054797611147,3007.32,35742.1726084844,6534.086469627525,310.4143006599472,561.9144604126886
10559.999999999964,328.1760055737732,333.0774453650223,324.3114485931304,327.9860791105219,332.6207507725574,328.10642176107876,332.7783987207275,328.243738775387,332.89575056475417,328.36778264808635,333.0774453650223,351.08739508107993,353.27572877394994,353.3915316657999,351.18061280679785,356.3338444179813,350.6553033792226,299.62841475253225,1.0,3507.1793774468856,46240.259873694195,304.8181312476295,3003.8999999999996,35180.67392255899,6533.834885599086,310.4023157360364,644.446389221615
10680.000000000131,328.6897616987971,333.51980869539807,324.85042931261466,328.4986476988162,333.0495075498217,328.63302384361845,333.2310248493709,328.74503978816387,333.3186444789094,328.88233546456973,333.51980869539807,351.2557901602185,353.4121554817578,353.5279614299726,351.3488553355902,356.4917400225215,350.822672299137,298.64383925610645,1.0,3529.179767044064,45734.88811123246,313.97160577117256,3002.7599999999998,34487.86237626615,6532.254272712868,310.32701874958246,698.6012240297582
10799.999999999673,329.1517657804722,333.925444351317,325.3345757048551,328.96130150549817,333.44678603451155,329.1074674601503,333.65151081527557,329.19502471540784,333.7079924255539,329.3432694408136,333.925444351317,351.43709194758554,353.55743114321626,353.6726005569757,351.5300388407624,356.65388527980576,351.00229060982315,297.46864796196184,1.0,3549.0534994058007,45130.03296377616,318.3837775551695,3003.8999999999996,33699.82379791685,6529.394542801471,310.1911565636309,740.7233652344609
10920.000000000195,329.54479018613574,334.275845473098,325.73643528508967,329.35694746550286,333.79565941133535,329.512217558875,334.0163301183307,329.5766400041374,334.04584913000167,329.7333557160101,334.275845473098,351.618464335705,353.70331403601665,353.8173349588867,351.7112770909224,356.82194431965837,351.1827445135113,296.1210978891686,1.0,3566.0274208828346,44437.78261252206,313.0877405469921,3006.18,32825.00945797435,6525.350886951588,309.9880194052676,769.1170596368313
11039.99999999988,329.85498704191497,334.55880278969613,325.9961576841064,329.67020742216204,334.07868620177436,329.83193761986945,334.31117396305757,329.877572694652,334.3208981625467,330.0402304309585,334.55880278969613,351.78627214565796,353.8428365764927,353.95581879403153,351.87898141905714,356.98781410926114,351.3496178648106,294.6220672991573,1.0,3579.468125802749,43671.71215624895,301.96120571585004,3010.7400000000002,31884.315586567973,6520.292654524945,309.7472778517934,783.2470225860546
11159.999999999744,330.0812413970614,334.76961063307937,326.15071921784516,329.90179141569155,334.2949492463498,330.06640958458127,334.53497298422565,330.0958644004553,334.5271024234523,330.2609001874982,334.76961063307937,351.9343189525487,353.97063633833335,354.08440156705666,352.0270640854945,357.14514143577236,351.4961347989877,293.07323426129653,1.0,3589.2970896762536,42887.25586315161,281.9575176088554,3016.44,31009.418108183996,6514.372970411598,309.46544129047396,787.1110543730888
11279.999999999505,330.23215398429477,334.919633682982,326.24313928378143,330.0597358457945,334.4537264765882,330.22400895759165,334.6994761923741,330.24034647283617,334.67635887247434,330.40452466093757,334.919633682982,352.08119110238533,354.1055302724327,354.2201744661909,352.17441241313196,357.29599878182665,351.6401697718079,291.63178069577356,1.0,3595.865928314547,42165.3505379922,275.6505371483257,3024.42,30369.372567291226,6507.805229979207,309.17538118568297,779.863745710654
11400.000000000153,330.3291564390568,335.0259659867631,326.318685154876,330.1671193711213,334.577332393306,330.3286123608917,334.8242913510605,330.33000754537875,334.7850272045934,330.4908864788167,335.0259659867631,352.2542491463651,354.2680755293852,354.3851675298366,352.3486866134416,357.44560890759016,351.80746267459295,290.5730611383962,1.0,3600.0945550980873,41642.09246489704,284.26454237280313,3031.2599999999998,30223.057850272042,6500.720867243052,308.83888590105073,761.9464167782403
11519.99999999947,330.37110150572784,335.0929576404336,326.3253909029164,330.2213931698628,334.663676963756,330.3782552634621,334.9107322980465,330.36457168834664,334.85605940413103,330.5201859012209,335.0929576404336,352.4433221818451,354.4506456715367,354.57025596019434,352.5389146706589,357.59691611012215,351.99036167599326,289.8427404492222,1.0,3601.928134164842,41283.68357809859,292.5259615909182,3036.96,30180.16486527746,6493.386267981463,308.4897650799316,734.3803584513223
11608.321024306646,330.3659409886023,335.1145379363545,326.29346293937704,330.2260833456797,334.70127956236155,330.37808589689354,334.9462049035909,330.3545904847833,334.8823137102255,330.5050042270338,335.1145379363545,352.5827116298232,354.58628581182546,354.7079425386955,352.6789579498297,357.70604907372376,352.1253040471045,289.45306090312727,1.0,3601.708033220566,41092.310838001256,290.39917336085705,3041.885967709388,0.0,6485.974724902275,308.1372483238242,0.0
11608.321024306648,330.3659409886023,335.1145379363545,326.29346293937704,330.2260833456797,334.70127956236155,330.37808589689354,334.9462049035909,330.3545904847833,334.8823137102255,330.5050042270338,335.1145379363545,352.5827116298232,354.58628581182546,354.7079425386955,352.6789579498297,357.70604907372376,352.1253040471045,289.45306090312727,0.0,3601.708033220566,41092.310838001256,290.39917336085705,3041.8859677093897,0.0,6485.974724902275,308.1372483238242,0.0
11640.000000000053,329.5210976765326,334.5679593164238,325.2787377613593,329.4498407292919,334.30247751518965,329.4599698429139,334.392086708906,329.5823272194294,334.4816664370394,329.5922529144751,334.5679593164238,352.5745739053125,354.572885580802,354.6846870174831,352.6684083176977,357.7120403529318,352.11387547710007,282.2519814339106,0.0,3565.0722275627795,37593.67070819696,0.014489208824318745,3056.34,0.0,6485.974724902275,308.1372483238242,0.0
11759.999999999973,327.67086370730425,333.05301795872344,323.20299781413024,327.5984534781836,332.8170916163776,327.60137311309387,332.8628886444973,327.74032736229816,333.0080384852131,327.74330087562345,333.05301795872344,352.4473139908087,354.5185640858606,354.63271005922695,352.5436811272957,357.7154277170641,351.9717049492513,261.84902360954527,0.0,3485.74529970255,29141.549049207217,0.012457259053082918,3108.7799999999997,0.0,6478.677266375749,307.7898288227247,0.0
11879.999999999993,326.4907760870256,332.0405210554619,321.91107266316146,326.41454034082574,331.8070245528252,326.4166281493034,331.84092501427705,326.56489036930196,332.0073449411308,326.56704548865093,332.0405210554619,352.24200206943203,354.39039035982364,354.5058005539031,352.34032668795703,357.68665627733213,351.7612359967842,247.61106381647264,0.0,3435.840535867299,24293.827130726953,0.01222150264146883,3154.38,0.0,6471.637102921637,307.4545390899279,0.0
11999.99999999962,325.7152147334775,331.3546355577933,321.077702076568,325.6364593237213,331.12354397911196,325.63802901049223,331.1496872409336,325.79236730152456,331.32927727645244,325.7940032981528,331.3546355577933,352.01458944633964,354.2169770666,354.3321135940738,352.1144187066816,357.6285104035664,351.53086920593887,237.4110095662403,0.0,3403.3325134114193,21294.58799484924,0.012011694464490928,3192.0,0.0,6465.0118683795035,307.1391213626506,0.0
12120.000000000273,325.1324875356754,330.8240096085068,320.46161970689434,325.05232567215955,330.5963649170501,325.0534942673503,330.6164690775502,325.2114489131474,330.8047543341618,325.2126812900263,330.8240096085068,351.75929890142095,354.0029268714112,354.11591613536655,351.8592503310419,357.5497540749979,351.2799703431921,229.3239348454873,0.0,3379.0566995396525,19173.30310017867,0.011830219613547984,3192.0,0.0,6458.902292833913,306.848013098924,0.0
12239.999999999687,324.6872294453037,330.41293375909237,319.99534948784003,324.60659671298924,330.1894626224461,324.60744671960884,330.20475878303483,324.7669812817846,330.39853346280773,324.76789306681474,330.41293375909237,351.5572624578321,353.8251129654444,353.9399920606911,351.659667702702,357.4593335323285,351.0677413719597,222.78616293998942,0.0,3360.5942259429085,17613.538889457843,0.011682331576664358,3261.54,0.0,6453.350775405079,306.58232745010577,0.0
12359.999999999665,324.3383101972504,330.08449967845064,319.63357464089756,324.2578770767854,329.8655834179241,324.25847279633894,329.8770358949999,324.418117532999,330.0739779037701,324.41877338285855,330.08449967845064,351.36106592132177,353.6463631357461,353.76166925196367,351.4644603942594,357.3601401207412,350.8678292321683,217.42606142640346,0.0,3346.178194269116,16432.201393712992,0.011552173623257406,3287.7599999999998,0.0,6448.424697578698,306.3703102677776,0.0
12480.000000000146,324.0576379056795,329.8150019595423,319.3453911925962,323.9779267144536,329.60095271351156,323.97831859994153,329.60931946469043,324.13692772298634,329.80758881831883,324.13737858531647,329.8150019595423,351.1776154881953,353.4749244967644,353.59069118136034,351.28184563306826,357.25453843653855,350.68115980864377,212.97573896916802,0.0,3334.6145707986334,15514.770298789574,0.01143717071942377,3310.56,0.0,6444.118882555056,306.1656422606599,0.0
12599.999999999969,323.82569495166223,329.5883003306814,319.1091785262657,323.7471792362072,329.37943780384023,323.7474070201202,329.38531689809196,323.90395380863225,329.5833893733494,323.9042397416713,329.5883003306814,351.0077561087505,353.3130562621445,353.4294899674646,351.11272581416307,357.14460325065653,350.5081329497442,209.23826114240907,0.0,3325.0804658035654,14786.760675746797,0.011333476928455884,3331.08,0.0,6440.519894116838,305.9922660388831,0.0
12720.000000000111,323.6302164628034,329.3940988005779,318.91155462896177,323.55319438466665,329.1905732826816,323.55329004978387,329.1944487589077,323.7071140237452,329.39119911730387,323.7072673930002,329.3940988005779,350.8500159414993,353.1604891217364,353.2776768472085,350.95559857635703,357.0318400261285,350.3475389026392,206.0792406817923,0.0,3317.0605522676774,14200.466139198263,0.011239646243368916,3348.18,0.0,6437.521883775153,305.8494957084025,0.0
12839.999999999756,323.4608401427091,329.22354601705575,318.74128052465824,323.3855477496384,329.0254786316662,323.3855358901991,329.02772275095066,323.5361156128212,329.22227950624904,323.53616131815943,329.22354601705575,350.70306368548256,353.0167705017927,353.1347081874291,350.8091783734092,356.9175476168463,350.19790105914336,203.37313509698183,0.0,3310.1228560384793,13718.604030929178,0.011152279778555999,3363.0,0.0,6435.165393079379,305.7375588274364,0.0
12960.000000000375,323.3132824997525,329.0730766579465,318.5936180706542,323.2399280653545,328.88054238183287,323.239829756305,328.88147384698607,323.38670642011925,329.0730766579465,323.3866657572121,329.0730323693515,350.56697512545765,352.882374940183,353.0010961831608,350.67357434879057,356.80263689815047,350.05914219590585,201.06144832766395,0.0,3304.0873949243373,13321.373567357248,0.01107263351495966,3376.68,0.0,6433.385872693481,305.6528177768186,0.0
13079.99999999963,323.18290089571207,328.9395459383517,318.46360001337297,323.1116652721631,328.7516663074008,323.11149753923945,328.7515429188746,323.2542753361145,328.9395459383517,323.25416543531327,328.93845051819255,350.4400548740753,352.7561284555524,352.87558673667957,350.5470606642988,356.6878890878714,349.9297960785166,199.0784909712316,0.0,3298.761081627158,12990.849602741195,0.010999708768700246,3388.08,0.0,6432.163227256039,305.59457799551734,0.0
13199.999999999774,323.06618131484686,328.81863995799176,318.34745901311067,322.9972503928047,328.63579455010165,322.9970268615072,328.63482288698344,323.13530670971465,328.81863995799176,323.13514129534093,328.81670178491675,350.321587858814,352.63760307806433,352.75778665383507,350.4289558557182,356.57394705156173,349.8090112053341,197.3710635263109,0.0,3293.9981513223192,12713.55714948073,0.010932195455982157,3398.34,0.0,6431.524096811226,305.56412796481453,0.0
13319.999999999578,322.9604427642511,328.7078937779188,318.2424211458776,322.8939545128593,328.53039414373825,322.89368612440364,328.52874010893305,323.02717016247124,328.7078937779188,323.0269602572513,328.705280089769,350.2097135678116,352.525277057009,352.64609654923163,350.3173667448886,356.4612108988549,349.69516095110373,195.896259196039,0.0,3289.6876064840726,12479.283488524427,0.010868973870006635,3406.32,0.0,6431.444110757523,305.5603171974863,0.0
13440.000000000373,322.86218941383845,328.6042337532941,318.14488170144074,322.7982285272499,328.43227970056637,322.797922590302,328.43005429161923,322.92642679310273,328.6042337532941,322.9261797446794,328.60105626810525,350.1035295186152,352.4183520420278,352.539826236872,350.21146277530124,356.3498155802936,349.5869700787191,194.58619829305405,0.0,3285.685900016284,12275.16237180825,0.010808030080305439,3414.3,0.0,6431.902127380334,305.5821384380557,0.0
13559.999999999454,322.77335781959715,328.50945033117847,318.0567448332183,322.71206834290854,328.3433481230527,322.71173362968085,328.34068431715883,322.8349523384351,328.50945033117847,322.8346769673458,328.50584258624946,350.0042493318064,352.31808780659304,352.4401857050208,350.11242560368856,356.2405062765384,349.48581782030453,193.48079884645733,0.0,3282.070938311433,12105.619114793337,0.010752041321081617,3421.14,0.0,6432.935206419709,305.6313573330045,0.0
13661.89723137618,322.7019146655411,328.432721651757,317.9858637098988,322.64296552359764,328.27173841605793,322.64260996923014,328.2687569184818,322.7611895016795,328.432721651757,322.7608936676385,328.42880307843996,349.92272655718807,352.2358722536925,352.3582948207412,350.03107270890945,356.14890915821644,349.4028889804363,192.6326632313276,0.0,3279.165697929534,11977.211015017183,0.010706206856637106,3425.7,30221.098880862042,6434.563651558615,305.70888431486827,712.964336029163
13661.897231376184,322.7019146655411,328.432721651757,317.9858637098988,322.64296552359764,328.27173841605793,322.64260996923014,328.2687569184818,322.7611895016795,328.432721651757,322.7608936676385,328.42880307843996,349.92272655718807,352.2358722536925,352.3582948207412,350.03107270890945,356.14890915821644,349.4028889804363,192.6326632313276,1.0,3279.165697929534,11977.211015017183,0.010706206856637106,3425.7,30221.098880862042,6434.563651558615,305.70888431486827,712.964336029163
13679.99999999996,323.23574325773774,328.74934471597766,318.6352082203724,323.2467716117783,328.59644272657783,323.11296811576824,328.46882974180824,323.3578411015213,328.74934471597766,323.22539220186366,328.6286016632148,349.9403153533372,352.2645987335279,352.3941132159464,350.0513003602999,356.1519327637042,349.42022130012384,196.84167570487986,1.0,3300.865595377093,12648.535798620525,291.4783123865387,3418.86,30221.098880862042,6434.563651558615,305.70888431486827,712.964336029163
13799.999999999933,325.28160756536494,330.391575781819,320.9416934284911,325.31658683985563,330.2694567963331,325.1603444730817,330.06466602656405,325.40223634788185,330.391575781819,325.247262600622,330.19479813122075,350.1200602123097,352.3684936978233,352.4929452717935,350.2281910530625,356.1951707435646,349.61637049424337,221.7702513501291,1.0,3385.143752085781,17426.77505775199,286.474180449532,3375.54,30240.604462501593,6436.835918042574,305.81679036883907,746.2948094889346
13920.000000000067,326.6190683364286,331.5311261072266,322.40500000882724,326.6651343330916,331.429559823821,326.5038224258375,331.20975007324313,326.73389951374395,331.5311261072266,326.5734170730233,331.3176773817281,350.37118342602946,352.5449652927001,352.66223824818223,350.47667676841473,356.2762646443311,349.87494127775216,241.2387182479435,1.0,3441.1209480601033,22421.751600146188,279.254892686521,3337.92,30358.02862469935,6439.7712891237015,305.9566258538497,769.112912594909
14039.99999999948,327.54012068640293,332.34177156817566,323.3977925012172,327.59177676868103,332.247998958709,327.42769633044077,332.018413688597,327.65237639004744,332.34177156817566,327.488633256425,332.1140416026774,350.63591371242967,352.7648321615992,352.8787259505344,350.7391863272357,356.3853765622561,350.14589678682614,255.3095986484414,1.0,3480.0773441732626,26854.10835504862,271.41907879414214,3306.0,30699.002798295354,6443.314592680397,306.12639175078573,782.0918095584768
14159.999999999736,328.2616822011925,332.99666148663886,324.22888123951304,328.3148305943463,332.9048144274086,328.1508913466095,332.67002892914695,328.37259520421486,332.99666148663886,328.2084116595803,332.75857057650734,350.9408059993702,353.0386927583269,353.15186283320855,351.04302986741936,356.51878514683796,350.45370414342926,266.22920063736115,1.0,3510.829445770428,30832.342813469368,291.016100495272,3275.2200000000003,31450.239221528624,6447.477501021668,306.3256577671063,785.4555403145185
14280.00000000043,328.8272382128972,333.5290293696894,324.8835900446155,328.8787548736586,333.4385225320429,328.7182771987108,333.2010192609738,328.9365806563593,333.5290293696894,328.77534012284184,333.28572017589846,351.2693307341309,353.35081521923286,353.4640156793872,351.3706764934862,356.67722009760564,350.7835542325119,274.6241622523396,1.0,3535.078394397833,34239.73840380183,307.34419337321526,3247.86,32341.254827171473,6452.448028632859,306.53978373616764,776.2185649436899
14399.999999999738,329.2617664976188,333.9573328295976,325.3914439119823,329.30899797999166,333.8648724472732,329.15507902752915,333.62930657181295,329.36907822403026,333.9573328295976,329.21391075890443,333.7121420450078,351.60314385206044,353.68273900994683,353.7971961658528,351.70372897167255,356.85330432059635,351.1181771168165,281.0927506662324,1.0,3553.797438146392,37085.53662453985,317.2373827976401,3220.5,33263.62683106317,6457.900744555486,306.80085085802256,758.1471902800586
14519.999999999693,329.56955790025427,334.2817928192747,325.75722642956873,329.60844043840615,334.17927047287145,329.4641684387665,333.9555887174172,329.67603038113305,334.2817928192747,329.52959234269326,334.04124596676945,351.9233968720181,354.013759497953,354.1284891113301,352.02318645641446,357.0422541611556,351.43995281213387,286.091400170625,1.0,3567.104967704792,39420.9529895424,317.3525109321512,3195.42,34106.86376455356,6464.0465195805555,307.09314265676943,724.577137297335
14639.999999999902,329.754431245339,334.5030695032929,325.9836950446923,329.7832154801129,334.3930440829735,329.65062102631146,334.1807488079186,329.8595852072107,334.5030695032929,329.724303267703,334.2712137627204,352.2177799659976,354.3293385334323,354.44362582174034,352.3167697581805,357.238567344273,351.7374118996092,289.9832398261056,1.0,3575.1201378310725,41322.528876065975,310.9878792306406,3170.34,34860.47638182593,6470.727748974139,307.4112225168726,677.0065729225839
14760.000000000198,329.817918928758,334.6245756881416,326.0454060761523,329.8320794261637,334.5012888174178,329.7137408022163,334.3036174446949,329.92389035628076,334.6245756881416,329.8019651303525,334.404423313613,352.47704938205555,354.6188886192616,354.7327169024713,352.57527573949943,357.4372667524575,352.0004211278874,293.0401635061476,1.0,3577.8818385869267,42866.04972900422,299.05422554569736,3147.54,35512.703294485524,6477.8199626031865,307.749015383526,617.6817165340235
14879.999999999522,329.7525161121687,334.6367860002094,325.93985542002673,329.7492072873625,334.4942380879057,329.6479773971601,334.3199860048261,329.8593623364868,334.6367860002094,329.7535174276476,334.4318976346011,352.6932295876813,354.87460167356915,354.98801521510507,352.79075509499654,357.63476072796976,352.221123961979,295.45592429163696,1.0,3575.0559996294774,44113.8201756771,278.7178335074406,3125.88,36035.05988771114,6485.193751253202,308.10004291304887,534.0505751133364
15000.000000000256,329.4957706515024,334.4872443882175,325.64461619839483,329.47501225409025,334.32917460344765,329.39678217313565,334.1834141829272,329.5972300180922,334.4872443882175,329.51405816067285,334.3035068702035,352.8591328002406,355.0895223953769,355.20325632597235,352.9561590506147,357.82674738062553,352.3914780595702,297.3638152959644,1.0,3563.9537859539428,45109.43447059659,246.24342889697664,3106.5,36378.74436241342,6492.689036980964,308.45658361180534,378.9750369453058
15119.999999999667,329.1836295423921,334.27687539781584,325.2773356962794,329.1514614361715,334.1089348981981,329.089876867639,333.9857899555773,329.2796690998218,334.27687539781584,329.213510765916,334.11124792183773,352.9756507285278,355.25646617481146,355.3700988916231,353.07220139985856,358.0057833012009,352.51354693533153,298.8579119147349,1.0,3550.487523958969,45896.27932078183,232.76209354354384,3088.2599999999998,36692.48142013451,6500.111255948369,308.8098921968259,308.7523789432463
15239.99999999997,328.7698209540696,333.9913592229563,324.76488516555474,328.7117718969115,333.79199483822555,328.6707423979959,333.6932265138839,328.87066039567577,333.9913592229563,328.8261091256761,333.8664227752965,353.04326479965204,355.3749618304431,355.4879178084052,353.1393400898495,358.16229828899657,352.5870284488112,299.99682839182316,1.0,3532.6919165365302,46494.16969714525,211.8891612538418,3071.16,36849.50331688123,6507.282843118432,309.15051152847093,206.02902918367732
15359.999999999754,328.2697682782804,333.61668195239076,324.2175806469628,328.1879202782889,333.3970898891911,328.16927595701077,333.3251532973924,328.37118499616133,333.61668195239076,328.3506918816417,333.5271538311904,353.05268078768046,355.4380854668725,355.55028733162544,353.14830931628643,358.3010396579392,352.60264293754983,300.8205880751648,1.0,3511.271186613482,46919.45177807466,195.79182500982148,3055.2,36905.87354807995,6513.939676954672,309.4448008578696,132.86236242532038
15479.999999999842,327.9183100985136,333.2957050262279,323.8367601345361,327.8108340575892,333.06223325669157,327.81947701956165,333.05162987267846,328.0167958624675,333.2957050262279,328.02613345441716,333.28404489087,353.0272797810338,355.4562193936307,355.56683463259895,353.1225240232293,358.42069677494624,352.58427096849744,301.360081242873,1.0,3496.269055967423,47197.968992117676,195.35371644232762,3041.52,36917.08606968268,6519.94614746699,309.7307715504198,132.4665864451565
15599.999999999685,327.90493397187396,333.28363647227343,323.8053718917498,327.77632270254077,332.99557106948845,327.80671508989064,333.02266367474226,328.0018847879747,333.2470824484386,328.0348133070708,333.28363647227343,353.0074177989628,355.44781708368043,355.5565880528842,353.1022726882175,358.5238698324481,352.57175821310454,301.6368855928223,1.0,3495.699159954622,47350.55847536778,211.14495046899495,3030.12,36883.30497278378,6525.088015139947,309.97549716210176,202.1062648596535
15720.00000000013,328.18005154732134,333.47360090420926,324.1035894261167,328.0407367915138,333.15877091172763,328.09554973604185,333.21338144699445,328.26271985422295,333.3934785084936,328.3211998074881,333.47360090420926,353.0064369432201,355.433678962988,355.54116275359394,353.100826498405,358.62404346157115,352.57713394913435,301.661753648004,1.0,3507.428730996854,47379.16702829401,231.5675752213082,3019.86,36750.65659201195,6529.211769296857,310.18244962793835,303.5501674724264
15839.999999999505,328.535581236665,333.7523694050732,324.4991395828166,328.38966010651217,333.41561786670627,328.4613164241396,333.4954768456573,328.60739641613003,333.6383832606282,328.6839519998595,333.7523694050732,353.03331765942625,355.4350080248968,355.54215581513273,353.12726912399603,358.72260835066055,352.6085763850074,301.442561615117,1.0,3522.6359919811753,47277.00500150745,246.76854394195112,3011.88,36461.84531706207,6532.14839187652,310.3219748165267,375.04780216552996
15960.000000000036,329.03830710458647,334.1584448965562,325.03660170261054,328.88005113905393,333.7866776519071,328.97477011556055,333.9006031523894,329.09926334879685,334.012476455245,329.1991438149159,334.1584448965562,353.0963108695241,355.4470388727083,355.55284903804403,353.1898423659825,358.8193016407897,352.6744241313921,300.99119885238946,1.0,3544.225589708446,47055.056420779365,277.72144550331666,3006.18,36133.26233938476,6533.803599206432,310.4008253194246,528.2987222776018
16080.000000000364,329.54224010233804,334.57542820810687,325.5960934887682,329.37863887301796,334.1818066693354,329.49029486287753,334.3253255474167,329.59207890092387,334.4071329976707,329.7079477725129,334.57542820810687,353.19315129803374,355.4890113765203,355.59964911483985,353.2864316609199,358.91930245772454,352.7719065231757,300.3154339930618,1.0,3565.970095816319,46711.140797269196,294.6109947418953,3002.7599999999998,35613.78182620695,6534.128792037788,310.41631680897007,598.3380584528595
16199.999999999518,330.0420186415751,334.9966890548097,326.1196282844021,329.8760216687422,334.5867718674714,330.00382631912805,334.7554887905527,330.0785636393989,334.80588895529667,330.2096629390119,334.9966890548097,353.31732080047436,355.5796977780485,355.69067772806704,353.41041551701113,359.02504672372504,352.89528846536115,299.4285088070707,1.0,3587.637659424657,46254.55990542977,309.10434788167646,3000.48,34988.02889315836,6533.1145644315875,310.368001185211,672.1945956627458
16320.00000000012,330.49878261717686,335.3900267272513,326.59929463103146,330.3322699617991,334.96925218176136,330.4727755187782,335.1588797033043,330.5234530835637,335.18078963306374,330.66663190454705,335.3900267272513,353.4583999497594,355.68487014895857,355.7959007753073,353.5513877422912,359.1361180705782,353.03433629643223,298.34443391568175,1.0,3607.52775873611,45693.563976209014,316.52323338685517,3000.48,34243.78546618171,6530.79118942239,310.25768981556695,721.6357440798407
16439.999999999764,330.80749780162483,335.59625796118485,326.9416222118405,330.64321272929317,335.1721158500144,330.79428607239595,335.38466902001056,330.8198499705111,335.3729060983144,330.9726424342804,335.59625796118485,353.08342300991313,355.3405541866761,355.42659470056975,353.15599876023674,359.20096810202216,352.78252067767573,297.08016484870404,1.0,3621.0090178043724,45032.259691557636,317.25471827860315,2416.8,33411.81440767905,6527.245671355659,310.0778162834558,756.3911016617494
16559.999999999785,330.9799093227182,335.68782602749263,327.0848424448494,330.81980829863966,335.2669109249438,330.97847893920306,335.49240663878453,330.98072788493005,335.45459134546445,331.14062216807986,335.68782602749263,352.8390715061372,355.08724600697553,355.1717606966487,352.9107607356279,359.2323177877276,352.5574951671294,295.6553094841793,1.0,3628.5508044587987,44287.23505260618,308.76350887889544,2416.8,32501.546956204962,6522.139595831143,309.8349979993582,770.6074649726496
16679.99999999979,331.0370406195372,335.68930026848034,327.1001830914871,330.8822774010741,335.2740273611155,331.04550963653315,335.5080651448324,331.0282156934344,335.450189163672,331.19215974708965,335.68930026848034,352.61473280619236,354.8480949266757,354.93319451163654,352.68604451557394,359.2344601724179,352.3422532481851,294.1326478357869,1.0,3631.048060985448,43495.78770598669,290.80071428963225,2416.8,31591.27950473116,6517.03352030659,309.59217971525277,784.8238282835304
