t,temp_k,solar_flux_w_m2,seet_intensity
0.0,262.8659444404776,31.253682176458717,100.0
60.0,263.01391275035115,31.253692574577244,100.0
120.0,263.1404550367188,31.253703203630053,100.0
180.0,263.24512607596944,31.253714025242235,100.0
240.0,263.32754911479867,31.253725000221372,100.0
300.0,263.3874168122644,31.253736088731912,100.0
360.0,263.4244922125744,31.25374725047234,100.0
420.0,263.43860974502894,31.253758444853837,100.0
480.0,263.429676243085,31.25376963117908,100.0
540.0,263.39767197022707,31.253780768819993,100.0
600.0,263.34265163625594,31.253791817393243,100.0
660.0,263.26474538384673,31.253802736932386,100.0
720.0,263.16415972180687,31.253813488055684,100.0
780.0,263.0411783784621,31.25382403212876,100.0
840.0,262.8961630460423,31.253834331421338,100.0
900.0,262.72955398489813,31.25384434925749,100.0
960.0,262.54187045486725,31.253854050158925,100.0
1020.0,262.3337109401562,31.253863399981032,100.0
1080.0,262.105753133735,31.25387236604145,100.0
1140.0,261.85875364745317,31.25388091724107,100.0
1200.0,261.5935474148786,31.253889024177504,100.0
1260.0,261.3110467552178,31.25389665925107,100.0
1320.0,261.01083868352686,31.2539037967634,100.0
1380.0,260.7028724118723,31.253910413008885,100.0
1440.0,260.3672990969902,31.253916486359053,100.0
1500.0,260.0454107778235,31.253921997340072,100.0
1560.0,259.6754418288194,31.253926928703454,100.0
1620.0,259.34871342171306,31.253931265490014,100.0
1680.0,258.95565328063583,31.253934995087178,100.0
1740.0,258.644720994758,31.253938107279357,100.0
1800.0,258.350483540239,31.25394059429144,100.0
1860.0,258.0563624344571,31.25394245082498,100.0
1920.0,257.5906289087943,31.2539436740869,100.0
1980.0,257.58737061458606,31.253944263810176,100.0
2040.0,257.58376471649876,31.253944222266163,100.0
2100.0,257.57984385506956,31.253943554267977,100.0
2160.0,257.57564285732894,31.253942267164483,100.0
2220.0,257.571198278907,31.25394037082431,100.0
2280.0,257.56654793105804,31.253937877609395,100.0
2340.0,257.5617304001656,31.253934802337668,100.0
2400.0,257.5567845672583,31.253931162234394,100.0
2460.0,257.55174913490646,31.253926976871927,100.0
2520.0,227.19765482977104,31.253922268097707,0.0
2580.0,227.19026791774658,31.253917059950417,0.0
2640.0,227.18291529657876,31.253911378564403,0.0
2700.0,227.17564574510095,31.253905252062623,0.0
2760.0,227.16850482682463,31.253898710438452,0.0
2820.0,227.16153445752516,31.253891785427044,0.0
2880.0,227.15477253938568,31.253884510366845,0.0
2940.0,227.14825266572777,31.253876920052164,0.0
3000.0,227.14200389919435,31.25386905057788,0.0
3060.0,227.13605062507636,31.253860939177205,0.0
3120.0,227.13041248030507,31.25385262405394,0.0
3180.0,227.1251043574831,31.253844144210365,0.0
3240.0,227.12013648220943,31.253835539272053,0.0
3300.0,227.1155145608814,31.25382684931104,0.0
3360.0,227.11123999514484,31.253818114668583,0.0
3420.0,227.107310158213,31.25380937577885,0.0
3480.0,227.10371872740689,31.25380067299469,0.0
3540.0,227.10045606648774,31.253792046416635,0.0
3600.0,227.0975096506642,31.25378353572616,0.0
3660.0,227.09486452657603,31.253775180024093,0.0
3720.0,227.09250379908275,31.253767017674868,0.0
3780.0,227.09040913633723,31.253759086157352,0.0
3840.0,227.0885612843942,31.25375142192256,0.0
3900.0,227.08694058250617,31.25374406025873,0.0
3960.0,227.08552747029592,31.253737035163827,0.0
4020.0,227.08430297816,31.25373037922563,0.0
4080.0,227.08324919256464,31.25372412350924,0.0
4140.0,227.0823496883284,31.253718297452004,0.0
4200.0,227.08158992054803,31.253712928765516,0.0
4260.0,257.46531952082603,31.25370804334452,100.0
4320.0,257.46494073897543,31.253703665182332,100.0
4380.0,257.46464091211436,31.253699816292624,100.0
4440.0,257.464417324827,31.25369651663712,100.0
4500.0,257.4642693290638,31.25369378405912,100.0
4560.0,257.46419837175455,31.253691634222598,100.0
4620.0,257.46420797622113,31.25369008055675,100.0
4680.0,257.464303677671,31.253689134206066,100.0
4740.0,257.4644929138335,31.253688803985867,100.0
4800.0,257.4647848725607,31.253689096343646,100.0
4860.0,257.83411586022186,31.253690015326313,100.0
4920.0,258.0730514229633,31.253691562553826,100.0
4980.0,258.34274481279795,31.25369373719961,100.0
5040.0,258.716123450408,31.253696535978293,100.0
5100.0,259.0245918703454,31.253699953141258,100.0
5160.0,259.3488124900764,31.253703980480758,100.0
5220.0,259.7252319560013,31.25370860734303,100.0
5280.0,260.05026527328226,31.25371382065113,100.0
5340.0,260.39606935156434,31.253719604938006,100.0
5400.0,260.71075886951144,31.25372594239028,100.0
5460.0,261.0230827237498,31.25373281290319,100.0
5520.0,261.3171543729344,31.253740194147,100.0
5580.0,261.59505178952577,31.25374806164499,100.0
5640.0,261.8563716055311,31.253756388863163,100.0
5700.0,262.1002221526591,31.25376514731148,100.0
5760.0,262.3257739733238,31.253774306656368,100.0
5820.0,262.53226081258254,31.253783834844064,100.0
5880.0,262.7189805458201,31.253793698234198,100.0
5940.0,262.8852960679128,31.25380386174285,100.0
6000.0,263.03063616595875,31.25381428899418,100.0
6060.0,263.1544963937149,31.253824942479653,100.0
6120.0,263.2564399616498,31.253835783723623,100.0
6180.0,263.3360986521182,31.25384677345419,100.0
6240.0,263.3931737646416,31.25385787177794,100.0
6300.0,263.4274370917099,31.253869038357355,100.0
6360.0,263.4387319209921,31.2538802325895,100.0
6420.0,263.42697405540105,31.25389141378475,100.0
6480.0,263.3921528381949,31.25390254134429,100.0
6540.0,263.3343321662678,31.253913574935233,100.0
6600.0,263.25365147105134,31.25392447466227,100.0
6660.0,263.1503266430783,31.253935201234878,100.0
6720.0,263.02465087330586,31.25394571612926,100.0
6780.0,262.8769953818025,31.253955981744312,100.0
6840.0,262.707810002418,31.253965961551003,100.0
6900.0,262.5176235906141,31.253975620234815,100.0
6960.0,262.3070442207429,31.253984923830814,100.0
7020.0,262.07675913876795,31.25399383985131,100.0
7080.0,261.82753443669793,31.254002337405915,100.0
7140.0,261.5602144158669,31.254010387314032,100.0
7200.0,261.2757206076186,31.25401796220995,100.0
7260.0,260.9778888347278,31.254025036640524,100.0
7320.0,260.659490673857,31.254031587155723,100.0
7380.0,260.3192576530989,31.254037592392116,100.0
7440.0,259.99208444286694,31.254043033149532,100.0
7500.0,259.6174223163644,31.254047892460882,100.0
7560.0,259.28538205225453,31.254052155655305,100.0
7620.0,258.96676095370236,31.254055810414577,100.0
7680.0,258.58012969482496,31.254058846822627,100.0
7740.0,258.29665358052705,31.254061257408125,100.0
7800.0,258.0336995418864,31.254063037179762,100.0
7860.0,257.5914517810032,31.254064183653945,100.0
7920.0,257.5881501819466,31.254064696874487,100.0
7980.0,257.5845046457503,31.254064579423844,100.0
8040.0,257.5805480944776,31.254063836425363,100.0
8100.0,257.57631558477266,31.25406247553606,100.0
8160.0,257.57184384781505,31.254060506929413,100.0
8220.0,257.5671708150632,31.254057943267583,100.0
8280.0,257.56233513735066,31.254054799662732,100.0
8340.0,257.5573757048557,31.254051093626998,100.0
8400.0,257.5523311752872,31.254046845010848,100.0
8460.0,227.19747539041543,31.25404207592962,0.0
8520.0,227.19008826933532,31.2540368106783,0.0
8580.0,227.1827413366589,31.254031075634543,0.0
8640.0,227.17548303097774,31.25402489915027,0.0
8700.0,227.1683585219299,31.254018311432226,0.0
8760.0,227.16140928519025,31.254011344412113,0.0
8820.0,227.15467274454454,31.254004031607007,0.0
8880.0,227.14818198494117,31.253996407970988,0.0
8940.0,227.14196553925422,31.25398850973893,0.0
9000.0,227.13604725030908,31.253980374263616,0.0
9060.0,227.13044620856473,31.25397203984741,0.0
9120.0,227.12517676468954,31.25396354556974,0.0
9180.0,227.12024861516338,31.253954931111675,0.0
9240.0,227.11566695796927,31.253946236579022,0.0
9300.0,227.1114327144301,31.253937502325158,0.0
9360.0,227.10754281231002,31.253928768774944,0.0
9420.0,227.1039905244374,31.253920076250836,0.0
9480.0,227.10076585633547,31.253911464802407,0.0
9540.0,227.09785597567182,31.253902974040212,0.0
9600.0,227.09524567576813,31.253894642974874,0.0
9660.0,227.09291786495172,31.253886509862152,0.0
9720.0,227.0908540731978,31.25387861205459,0.0
9780.0,227.08903496729243,31.253870985860136,0.0
9840.0,227.08744086566765,31.25386366640815,0.0
9900.0,227.08605224410934,31.25385668752285,0.0
9960.0,227.08485022372147,31.253850081604266,0.0
10020.0,227.08381703285042,31.2538438795168,0.0
10080.0,227.082936435122,31.25383811048495,0.0
10140.0,227.0821941163208,31.253832801996225,0.0
10200.0,257.46644712563455,31.2538279797109,100.0
10260.0,257.46607927160073,31.25382366737824,100.0
10320.0,257.4657899921139,31.253819886759047,100.0
10380.0,257.4655768000671,31.253816657554122,100.0
10440.0,257.4654392811545,31.253813997338504,100.0
10500.0,257.46537911620993,31.253811921501246,100.0
10560.0,257.46540005733567,31.25381044319072,100.0
10620.0,257.4655078581956,31.25380957326531,100.0
10680.0,257.4657101596211,31.25380932024976,100.0
10740.0,257.46601633243773,31.25380969029718,100.0
10800.0,257.85985276443074,31.253810687157113,100.0
10860.0,258.07977040333253,31.253812312149964,100.0
10920.0,258.40575039057023,31.25381456414835,100.0
10980.0,258.7029523452262,31.253817439565708,100.0
11040.0,259.09058127625764,31.25382093235296,100.0
11100.0,259.40976620251047,31.253825034003597,100.0
11160.0,259.78167054341327,31.25382973356804,100.0
11220.0,260.10133689807765,31.25383501767765,100.0
11280.0,260.44247484834773,31.253840870579065,100.0
11340.0,260.7525495974153,31.253847274179336,100.0
11400.0,261.06071215850733,31.25385420810222,100.0
11460.0,261.35246176198746,31.253861649755976,100.0
11520.0,261.6283221034451,31.253869574412754,100.0
11580.0,261.88749569172256,31.253877955299703,100.0
11640.0,262.1290985914462,31.25388676370155,100.0
11700.0,262.3523091943637,31.253895969074396,100.0
11760.0,262.55636920172856,31.25390553917036,100.0
11820.0,262.7405845456901,31.253915440172264,100.0
11880.0,262.90432627499484,31.253925636837792,100.0
11940.0,263.0470314266289,31.253936092652026,100.0
12000.0,263.16820390104016,31.253946769987486,100.0
12060.0,263.26741535433086,31.253957630270378,100.0
12120.0,263.34430611638743,31.253968634151956,100.0
12180.0,263.3985861393845,31.253979741683644,100.0
12240.0,263.4300359765386,31.253990912494576,100.0
12300.0,263.4385077864579,31.254002105970397,100.0
12360.0,263.4239263540158,31.254013281431842,100.0
12420.0,263.3862901144408,31.254024398311966,100.0
12480.0,263.3256721633067,31.254035416330893,100.0
12540.0,263.2422212314325,31.254046295666935,100.0
12600.0,263.13616260036025,31.25405699712319,100.0
12660.0,263.00779893119216,31.254067482288757,100.0
12720.0,262.8575109771242,31.25407771369391,100.0
12780.0,262.6857581480974,31.254087654958642,100.0
12840.0,262.49307889460295,31.254097270934178,100.0
12900.0,262.28009087686866,31.254106527837145,100.0
12960.0,262.0474908854178,31.25411539337628,100.0
13020.0,261.79605447934495,31.254123836871543,100.0
13080.0,261.5266353095826,31.25413182936567,100.0
13140.0,261.24016409592144,31.254139343728326,100.0
13200.0,260.93846786197554,31.254146354752883,100.0
13260.0,260.6155965488069,31.254152839246064,100.0
13320.0,260.29671004943265,31.254158776110565,100.0
13380.0,259.93833533540777,31.254164146420823,100.0
13440.0,259.6100479758603,31.254168933492036,100.0
13500.0,259.2220686694984,31.25417312294239,100.0
13560.0,258.8996480172843,31.25417670274865,100.0
13620.0,258.5947184872792,31.254179663294796,100.0
13680.0,258.24682842982844,31.254181997413696,100.0
13740.0,258.0059089863055,31.25418370042146,100.0
13800.0,257.5922700588116,31.254184770144157,100.0
13860.0,257.5889255662467,31.25418520693647,100.0
13920.0,257.5852408395072,31.254185013691846,100.0
13980.0,257.5812490763138,31.254184195843617,100.0
14040.0,257.576985556758,31.254182761356564,100.0
14100.0,257.5724871812049,31.254180720708447,100.0
14160.0,257.5677919948558,31.25417808686093,100.0
14220.0,257.5629387065371,31.254174875219526,100.0
14280.0,257.5579662092215,31.25417110358221,100.0
14340.0,257.5529131095966,31.254166792076298,100.0
14400.0,227.19729584625267,31.25416196308365,0.0
14460.0,227.18990923309724,31.254156641153983,0.0
14520.0,227.18256867076803,31.254150852906534,0.0
14580.0,227.17532225097716,31.254144626920308,0.0
14640.0,227.16821474366876,31.254137993613362,0.0
14700.0,227.16128717948268,31.254130985111786,0.0
14760.0,227.15457649981062,31.254123635109018,0.0
14820.0,227.14811527820706,31.25411597871647,0.0
14880.0,227.14193151575182,31.254108052306545,0.0
14940.0,227.13604851178337,31.254099893349032,0.0
15000.0,227.13048481025848,31.25409154024224,0.0
15060.0,227.12525422085096,31.254083032140073,0.0
15120.0,227.1203659127923,31.25407440877646,0.0
15180.0,227.11582457839955,31.254065710288298,0.0
15240.0,227.11163066223685,31.254056977038452,0.0
15300.0,227.10778065092254,31.254048249439847,0.0
15360.0,227.10426741774899,31.25403956778202,0.0
15420.0,227.10108061551725,31.25403097206111,0.0
15480.0,227.0982071103265,31.254022501814347,0.0
15540.0,227.0956314485011,31.25401419595986,0.0
15600.0,227.09333634839325,31.25400609264252,0.0
15660.0,227.0913032084774,31.25399822908645,0.0
15720.0,227.08951262295167,31.253990641454582,0.0
15780.0,227.08794489599583,31.253983364715502,0.0
15840.0,227.08658054590137,31.253976432517916,0.0
15900.0,227.0854007904869,31.253969877072542,0.0
15960.0,227.0843880055471,31.253963729041505,0.0
16020.0,227.08352614854903,31.25395801743506,0.0
16080.0,227.08280114037723,31.253952769515344,0.0
16140.0,257.4675771592285,31.253948010706956,100.0
16200.0,257.4672201845711,31.253943764514016,100.0
16260.0,257.4669414286979,31.25394005244345,100.0
16320.0,257.4667386336871,31.253936893934235,100.0
16380.0,257.46661161925476,31.253934306292308,100.0
16440.0,257.4665622998126,31.253932304631103,100.0
16500.0,257.46659465531786,31.25393090181749,100.0
16560.0,257.46671465638093,31.25393010842324,100.0
16620.0,257.466930144866,31.253929932682038,100.0
16680.0,257.46725067197804,31.253930380452246,100.0
16740.0,257.8874403985061,31.253931455185775,100.0
16800.0,258.127452140975,31.25393315790335,100.0
16860.0,258.47119351668914,31.25393548717671,100.0
16920.0,258.77031098209596,31.25393843911823,100.0
16980.0,259.08662759987243,31.253942007378527,100.0
17040.0,259.47047621600694,31.253946183152728,100.0
17100.0,259.79495734014586,31.25395095519592,100.0
17160.0,260.15193133212483,31.25395630984841,100.0
17220.0,260.4697641051395,31.253962231071345,100.0
17280.0,260.79383690995627,31.253968700493175,100.0
17340.0,261.0978533627187,31.253975697467315,100.0
17400.0,261.3875213076541,31.25398319914133,100.0
17460.0,261.66133100442,31.253991180537728,100.0
17520.0,261.9183457517818,31.253999614646425,100.0
17580.0,262.15768936173095,31.2540084725287,100.0
17640.0,262.37854808842565,31.254017723432316,100.0
17700.0,262.58017160143197,31.25402733491734,100.0
17760.0,262.7618739011794,31.254037272992036,100.0
17820.0,262.92303420150665,31.25404750225801,100.0
17880.0,263.06309780046485,31.25405798606373,100.0
17940.0,263.18157695651126,31.254068686665292,100.0
18000.0,263.2780517829639,31.25407956539336,100.0
18060.0,263.35217116914356,31.254090582824997,100.0
18120.0,263.4036537320951,31.254101698959104,100.0
18180.0,263.4322887982201,31.2541128733942,100.0
18240.0,263.43793740962803,31.254124065507174,100.0
18300.0,263.4205333456266,31.25413523463176,100.0
18360.0,263.38008414554236,31.2541463402355,100.0
18420.0,263.3166721151101,31.25415734209409,100.0
18480.0,263.2304552950142,31.25416820046194,100.0
18540.0,263.1216683668888,31.254178876238157,100.0
18600.0,262.9906234692396,31.254189331127048,100.0
18660.0,262.83771089336847,31.254199527792462,100.0
18720.0,262.6633996275288,31.254209430005496,100.0
18780.0,262.46823771621894,31.25421900278511,100.0
18840.0,262.2528524007841,31.25422821253135,100.0
18900.0,262.01795000732665,31.25423702715112,100.0
18960.0,261.76431554835085,31.254245416176353,100.0
19020.0,261.49281200556294,31.25425335087463,100.0
19080.0,261.2043752657728,31.254260804352384,100.0
19140.0,260.89853400933,31.254267751650787,100.0
19200.0,260.5886297636942,31.25427416983449,100.0
19260.0,260.2473160174813,31.25428003807336,100.0
19320.0,259.9251164869786,31.254285337717423,100.0
19380.0,259.55043117548587,31.254290052364965,100.0
19440.0,259.2261886135995,31.254294167923984,100.0
19500.0,258.83333776395364,31.25429767266686,100.0
19560.0,258.53047363665956,31.254300557278118,100.0
19620.0,258.24240180047576,31.254302814895233,100.0
19680.0,257.980606864936,31.254304441142015,100.0
19740.0,257.59308379415774,31.254305434154336,100.0
19800.0,257.58969682410157,31.254305794597773,100.0
19860.0,257.5859733584001,31.254305525676646,100.0
19920.0,257.58194686452214,31.254304633133994,100.0
19980.0,257.57765283981155,31.25430312524196,100.0
20040.0,257.57312834743726,31.25430101278201,100.0
20100.0,257.5684115398772,31.25429830901456,100.0
20160.0,257.563541177499,31.254295029637582,100.0
20220.0,257.5585561497313,31.25429119273379,100.0
20280.0,257.553495006109,31.254286818706127,100.0
20340.0,227.1971162886518,31.25428193020155,0.0
20400.0,227.18973089691667,31.25427655202291,0.0
20460.0,227.18239738248508,31.25427071102928,0.0
20520.0,227.1751634836403,31.25426443602484,0.0
20580.0,227.16807356491094,31.254257757636932,0.0
20640.0,227.16116820707222,31.25425070818382,0.0
20700.0,227.15448386523573,31.254243321532996,0.0
20760.0,227.14805259865423,31.254235632950824,0.0
20820.0,227.1419018747042,31.25422767894471,0.0
20880.0,227.13605444832953,31.254219497098884,0.0
20940.0,227.13052831706872,31.254211125904966,0.0
21000.0,227.1253367506499,31.25420260458872,0.0
21060.0,227.12048839303006,31.254193972934218,0.0
21120.0,227.11598743370774,31.25418527110682,0.0
21180.0,227.11183384414116,31.254176539476212,0.0
21240.0,227.1080236741862,31.25416781844082,0.0
21300.0,227.104549402626,31.254159148254704,0.0
21360.0,227.10140033511365,31.2541505688581,0.0
21420.0,227.09856304219866,31.25414211971254,0.0
21480.0,227.09602182956272,31.25413383964134,0.0
21540.0,227.09375923216035,31.254125766676324,0.0
21600.0,227.0917565236495,31.254117937911126,0.0
21660.0,227.08999423231484,31.254110389361646,0.0
21720.0,227.08845265463307,31.254103155833906,0.0
21780.0,227.08711235771162,31.254096270799337,0.0
21840.0,227.0859546620465,31.2540897662777,0.0
21900.0,227.08496209639355,31.254083672727383,0.0
21960.0,227.08411881702855,31.25407801894299,0.0
22020.0,227.08341098427312,31.25407283195999,0.0
22080.0,257.4687096219261,31.254068136966136,100.0
22140.0,257.4683634807861,31.254063957219298,100.0
22200.0,257.46809522747475,31.254060313971557,100.0
22260.0,257.46790283406506,31.25405722639915,100.0
22320.0,257.4677863545044,31.25405471153813,100.0
22380.0,257.4677479363876,31.254052784225557,100.0
22440.0,257.46779178653384,31.25405145704621,100.0
22500.0,257.4679240909252,31.25405074028468,100.0
22560.0,257.468152890328,31.25405064188314,100.0
22620.0,257.4684879136761,31.25405116740488,100.0
22680.0,257.91114974430894,31.254052320003932,100.0
22740.0,258.1789829086674,31.254054100401184,100.0
22800.0,258.4579156382995,31.254056506867485,100.0
22860.0,258.8384362406298,31.254059535214232,100.0
22920.0,259.15098018404393,31.254063178791995,100.0
22980.0,259.4779035655777,31.25406742849789,100.0
23040.0,259.8498453088213,31.254072272792182,100.0
23100.0,260.1746860304127,31.2540776977248,100.0
23160.0,260.51493614691134,31.25408368697223,100.0
23220.0,260.83462293331013,31.254090221885313,100.0
23280.0,261.1346134544261,31.254097281548287,100.0
23340.0,261.4223313067733,31.25410484284934,100.0
23400.0,261.6940769070734,31.254112880562825,100.0
23460.0,261.9489203199967,31.254121367443098,100.0
23520.0,262.1859931191544,31.254130274329825,100.0
23580.0,262.4044894340517,31.25413957026438,100.0
23640.0,262.60366691458836,31.254149222616885,100.0
23700.0,262.78284764093377,31.254159197223295,100.0
23760.0,262.9414190032181,31.254169458531507,100.0
23820.0,263.0788345717359,31.25417996975581,100.0
23880.0,263.19461497429126,31.25419069303843,100.0
23940.0,263.288348793029,31.25420158961709,100.0
24000.0,263.35969348863836,31.254212619997297,100.0
24060.0,263.4083763552769,31.254223744128144,100.0
24120.0,263.4341955049998,31.254234921580192,100.0
24180.0,263.43702087597313,31.254246111724257,100.0
24240.0,263.4167952543731,31.254257273909726,100.0
24300.0,263.3735352956825,31.254268367641238,100.0
24360.0,263.3073325271652,31.254279352752587,100.0
24420.0,263.21835430969134,31.254290189576764,100.0
24480.0,263.10684473386266,31.254300839111274,100.0
24540.0,262.97312542258527,31.25431126317791,100.0
24600.0,262.817596209927,31.254321424576297,100.0
24660.0,262.6407356642981,31.254331287230706,100.0
24720.0,262.44310142274566,31.25434081632978,100.0
24780.0,262.225330302478,31.254349978458844,100.0
24840.0,261.98813815564284,31.254358741724705,100.0
24900.0,261.73231943386776,31.25436707587287,100.0
24960.0,261.4587464301454,31.254374952397267,100.0
25020.0,261.16817837024126,31.25438234464248,100.0
25080.0,260.8580857021092,31.254389227898727,100.0
25140.0,260.5434896028074,31.254395579489756,100.0
25200.0,260.1974431411761,31.254401378853665,100.0
25260.0,259.86982410840506,31.254406607616975,100.0
25320.0,259.4905817086171,31.254411249661924,100.0
25380.0,259.1612729598946,31.254415291187026,100.0
25440.0,258.8471760683676,31.254418720760874,100.0
25500.0,258.4687548761687,31.254421529369058,100.0
25560.0,258.19663602962436,31.25442371045405,100.0
25620.0,257.957077927258,31.254425259947585,100.0
25680.0,257.5938930397223,31.254426176295503,100.0
25740.0,257.59046401279465,31.254426460474253,100.0
25800.0,257.58670226364785,31.254426115998903,100.0
25860.0,257.58264152355105,31.254425148921932,100.0
25920.0,257.57831750087735,31.25442356782238,100.0
25980.0,257.5737674152025,31.254421383784837,100.0
26040.0,257.5690295198097,31.254418610367715,100.0
26100.0,257.56414262016415,31.25441526356052,100.0
26160.0,257.55914559583056,31.254411361729595,100.0
26220.0,257.5540769330879,31.25440692555226,100.0
26280.0,227.19693680873903,31.2544019779391,0.0
26340.0,227.18955334833373,31.254396543944523,0.0
26400.0,227.18222755495188,31.254390650665655,0.0
26460.0,227.1750068069901,31.254384327129927,0.0
26520.0,227.16793505793825,31.25437760417189,0.0
26580.0,227.16105243398357,31.254370514299815,0.0
26640.0,227.15439490018198,31.254363091552896,0.0
26700.0,227.14799399869116,31.254355371350023,0.0
26760.0,227.1418766613898,31.254347390331123,0.0
26820.0,227.13606509803435,31.254339186192276,0.0
26880.0,227.13057675994185,31.254330797515788,0.0
26940.0,227.12542437805251,31.254322263596606,0.0
27000.0,227.12061607312705,31.25431362426631,0.0
27060.0,227.1161555347881,31.25430491971603,0.0
27120.0,227.11204226513013,31.25429619031968,0.0
27180.0,227.10827188170893,31.254287476458558,0.0
27240.0,227.1048364738935,31.25427881834873,0.0
27300.0,227.10172500582036,31.25427025587208,0.0
27360.0,227.09892375855287,31.25426182841204,0.0
27420.0,227.0964168035173,31.254253574694882,0.0
27480.0,227.0941864988666,31.254245532637164,0.0
27540.0,227.0922140001324,31.25423773919998,0.0
27600.0,227.09047977635277,31.254230230250265,0.0
27660.0,227.08896412282948,31.254223040429597,0.0
27720.0,227.08764766176287,31.254216203030467,0.0
27780.0,227.0865118222435,31.25420974988005,0.0
27840.0,227.0855392914445,31.2542037112315,0.0
27900.0,227.08471442935058,31.254198115662394,0.0
27960.0,235.01141403519446,31.25419298998027,22.544692935143996
28020.0,257.469844514433,31.254188359134844,100.0
28080.0,257.46950916354956,31.254184246136685,100.0
28140.0,257.4692513944675,31.254180671982034,100.0
28200.0,257.4690694099958,31.254177655583504,100.0
28260.0,257.46896349845446,31.254175213706464,100.0
28320.0,257.4689360401576,31.254173360910915,100.0
28380.0,257.4689914677269,31.254172109498896,100.0
28440.0,257.4691361808763,31.254171469467305,100.0
28500.0,257.46937841708257,31.254171448466387,100.0
28560.0,257.4697280803008,31.254172051764,100.0
28620.0,257.94236883620596,31.254173282216065,100.0
28680.0,258.23437634803173,31.25417514024351,100.0
28740.0,258.5235713064078,31.254177623816304,100.0
28800.0,258.82777734128416,31.254180728444958,100.0
28860.0,259.2153335610784,31.25418444718025,100.0
28920.0,259.53700097133816,31.25418877062167,100.0
28980.0,259.9043080413991,31.254193686935206,100.0
29040.0,260.2239336933864,31.254199181881095,100.0
29100.0,260.5596039822948,31.254205238852,100.0
29160.0,260.8681125529696,31.254211838922167,100.0
29220.0,261.17113571935533,31.254218960907835,100.0
29280.0,261.45689007076396,31.25422658143918,100.0
29340.0,261.7265582408639,31.25423467504391,100.0
29400.0,261.9792179457182,31.2542432142425,100.0
29460.0,262.2140085346289,31.254252169654826,100.0
29520.0,262.4301320252491,31.254261510117857,100.0
29580.0,262.6268540597434,31.25427120281394,100.0
29640.0,262.8035048094285,31.25428121340893,100.0
29700.0,262.95947985190605,31.254291506199404,100.0
29760.0,263.0942410408967,31.254302044267945,100.0
29820.0,263.207317384909,31.254312789645443,100.0
29880.0,263.2983059465549,31.254323703479294,100.0
29940.0,263.36687276985765,31.254334746206123,100.0
30000.0,263.41275383835347,31.25434587772787,100.0
30060.0,263.43575606222987,31.254357057589846,100.0
30120.0,263.4357582882506,31.254368245159448,100.0
30180.0,263.41271232185505,31.254379399804378,100.0
30240.0,263.3666439466641,31.254390481068963,100.0
30300.0,263.29765392272066,31.254401448847627,100.0
30360.0,263.20591894123885,31.254412263554407,100.0
30420.0,263.0916925104486,31.25442288628758,100.0
30480.0,262.9553057443851,31.254433278988706,100.0
30540.0,262.797168024217,31.25444340459534,100.0
30600.0,262.6177674999722,31.254453227187007,100.0
30660.0,262.4176713993437,31.254462712123985,100.0
30720.0,262.1975261096477,31.25447182617871,100.0
30780.0,261.9580569989815,31.254480537659592,100.0
30840.0,261.70006794319414,31.254488816527335,100.0
30900.0,261.42444052640775,31.254496634503663,100.0
30960.0,261.1314768966825,31.25450396517268,100.0
31020.0,260.82659689497785,31.25451078407494,100.0
31080.0,260.4978439340258,31.25451706879439,100.0
31140.0,260.1778369257397,31.254522799038398,100.0
31200.0,259.81415364378176,31.254527956710916,100.0
31260.0,259.4870385196808,31.254532525978952,100.0
31320.0,259.0965647032875,31.254536493332225,100.0
31380.0,258.77986965807565,31.25453984763616,100.0
31440.0,258.4802474564881,31.25454258017789,100.0
31500.0,258.1551926919766,31.254544684705216,100.0
31560.0,257.5978079773847,31.2545461574581,100.0
31620.0,257.5946978489157,31.254546997192428,100.0
31680.0,257.59122719026385,31.254547205195532,100.0
31740.0,257.5874276170436,31.25454678529306,100.0
31800.0,257.5833331183387,31.25454574384662,100.0
31860.0,257.5789796073024,31.25454408974171,100.0
31920.0,257.5744044535052,31.254541834365405,100.0
31980.0,257.56964600456234,31.254538991573362,100.0
32040.0,257.56474310460084,31.25453557764565,100.0
32100.0,257.5597346170207,31.254531611231148,100.0
32160.0,256.778700865416,31.254527113280226,96.95819643405079
32220.0,227.19675749738278,31.25452210696568,0.0
32280.0,227.18937667452968,31.254516617591822,0.0
32340.0,227.18205927086063,31.25451067249204,0.0
32400.0,227.17485229851957,31.254504300915098,0.0
32460.0,227.16779929443447,31.25449753390066,0.0
32520.0,227.16093992558746,31.25449040414477,0.0
32580.0,227.1543096633148,31.254482945856026,0.0
32640.0,227.1479395299994,31.254475194603387,0.0
32700.0,227.14185592034326,31.254467187156784,0.0
32760.0,227.13608049823776,31.254458961321554,0.0
32820.0,227.1306301690871,31.25445055576808,0.0
32880.0,227.1255171263099,31.254442009857826,0.0
32940.0,227.120748969651,31.254433363467196,0.0
33000.0,227.11632889189636,31.254424656810468,0.0
33060.0,227.1122559296057,31.254415930263097,0.0
33120.0,227.10852527257543,31.25440722418672,0.0
33180.0,227.10512862592267,31.254398578756874,0.0
33240.0,227.10205461795417,31.254390033794625,0.0
33300.0,227.09928924635486,31.25438162860297,0.0
33360.0,227.0968163547128,31.25437340180884,0.0
33420.0,227.09461813099355,31.2543653912114,0.0
33480.0,227.09267561929622,31.254357633637117,0.0
33540.0,227.09096923607032,31.25435016480205,0.0
33600.0,227.08947928194866,31.25434301918152,0.0
33660.0,227.0881864404664,31.254336229887336,0.0
33720.0,227.08707225517927,31.254329828552528,0.0
33780.0,227.08611957707498,31.254323845223524,0.0
33840.0,227.08531297467968,31.254318308259524,0.0
33900.0,254.41874655232996,31.25431324423885,88.2022105766265
33960.0,257.47098183784,31.254308677872036,100.0
34020.0,257.47065723656766,31.254304631921283,100.0
34080.0,257.4704099361102,31.254301127126034,100.0
34140.0,257.47023837068684,31.254298182134406,100.0
34200.0,257.4701430630618,31.25429581344028,100.0
34260.0,257.47012662573763,31.25429403532592,100.0
34320.0,257.4701937160109,31.25429285981001,100.0
34380.0,257.4703509456239,31.25429229660125,100.0
34440.0,257.4706067465114,31.25429235305752,100.0
34500.0,257.47097119488626,31.254293034150926,100.0
34560.0,257.97685473604537,31.25429434243906,100.0
34620.0,258.2314619989718,31.254296278042798,100.0
34680.0,258.59098826538917,31.254298838631193,100.0
34740.0,258.8945420687177,31.254302019414038,100.0
34800.0,259.2152773303157,31.25430581314258,100.0
34860.0,259.5957779607599,31.254310210119076,100.0
34920.0,259.92102143347114,31.25431519821579,100.0
34980.0,260.27268998558327,31.254320762903973,100.0
35040.0,260.5893710790894,31.254326887293345,100.0
35100.0,260.9078317805034,31.254333552182594,100.0
35160.0,261.2074192370181,31.25434073612115,100.0
35220.0,261.49119592565654,31.254348415482536,100.0
35280.0,261.75877345011105,31.254356564549365,100.0
35340.0,262.0092371933845,31.254365155609925,100.0
35400.0,262.2417342943602,31.254374159066156,100.0
35460.0,262.45547467151107,31.25438354355264,100.0
35520.0,262.64973197111163,31.25439327606606,100.0
35580.0,262.82384446698825,31.254403322104483,100.0
35640.0,262.9772159353745,31.254413645815514,100.0
35700.0,263.1093165246065,31.25442421015252,100.0
35760.0,263.21968363527833,31.254434977037626,100.0
35820.0,263.30792282213946,31.254445907530503,100.0
35880.0,263.37370872454215,31.25445696200156,100.0
35940.0,263.41678602768945,31.254468100308266,100.0
36000.0,263.43697045238724,31.25447928197335,100.0
36060.0,263.43414976652286,31.254490466363492,100.0
36120.0,263.40828480714913,31.254501612867323,100.0
36180.0,263.35941049792416,31.254512681071457,100.0
36240.0,263.28763684279903,31.254523630933484,100.0
36300.0,263.19314987331956,31.25453442295093,100.0
36360.0,263.0762125237846,31.254545018325203,100.0
36420.0,262.937165405812,31.254555379119893,100.0
36480.0,262.776427451673,31.254565468412665,100.0
36540.0,262.59449639408314,31.254575250440332,100.0
36600.0,262.39194904902917,31.254584690736746,100.0
36660.0,262.16944136766784,31.254593756263258,100.0
36720.0,261.9277082233848,31.2546024155316,100.0
36780.0,261.66756290072414,31.254610638719235,100.0
36840.0,261.38989625410625,31.25461839777717,100.0
36900.0,261.09669437546887,31.25462566653038,100.0
36960.0,260.7850108236349,31.25463242077096,100.0
37020.0,260.47347905080636,31.25463863834423,100.0
37080.0,260.126550667528,31.25464429922782,100.0
37140.0,259.80452918030704,31.254649385604036,100.0
37200.0,259.4255597709483,31.25465388192543,100.0
37260.0,259.1045115985353,31.25465777497366,100.0
37320.0,258.7138084910949,31.25466105391153,100.0
37380.0,258.419934866368,31.25466371032821,100.0
37440.0,258.11785212834224,31.254665738277183,100.0
37500.0,257.59865314509403,31.25466713430685,100.0
37560.0,257.59549827586585,31.25466789748325,100.0
37620.0,257.59198641508857,31.254668029404577,100.0
37680.0,257.58814948094096,31.254667534206867,100.0
37740.0,257.5840217142989,31.254666418560547,100.0
37800.0,257.57963922682194,31.25466469165709,100.0
37860.0,257.5750395316504,31.254662365185453,100.0
37920.0,257.57026106425616,31.254659453297705,100.0
37980.0,257.56534270100235,31.254655972563512,100.0
38040.0,257.560323282845,31.254651941913153,100.0
38100.0,239.85055829012245,31.254647382568756,37.14839660769077
38160.0,227.1965784451785,31.254642317963818,0.0
38220.0,227.18920096231292,31.25463677365093,0.0
38280.0,227.18189261244112,31.25463077719793,0.0
38340.0,227.17470003518034,31.254624358072952,0.0
38400.0,227.16766634547497,31.254617547518674,0.0
38460.0,227.16083074659178,31.254610378416686,0.0
38520.0,227.15422821259523,31.254602885142624,0.0
38580.0,227.14788924352808,31.25459510341311,0.0
38640.0,227.14183969535225,31.25458707012552,0.0
38700.0,227.1361006855307,31.254578823191874,0.0
38760.0,227.13068857397545,31.25457040136798,0.0
38820.0,227.12561501795744,31.254561844079177,0.0
38880.0,227.12088709848854,31.254553191244014,0.0
38940.0,227.116507514652,31.25454448309725,0.0
39000.0,227.1124748413885,31.25453576001329,0.0
39060.0,227.10878384535187,31.25452706233151,0.0
39120.0,227.10542585263588,31.254518430184397,0.0
39180.0,227.10238916145914,31.254509903329783,0.0
39240.0,227.09965949227734,31.25450152098786,0.0
39300.0,227.0972204672873,31.254493321683974,0.0
39360.0,227.0950541108967,31.254485343097734,0.0
39420.0,227.09314136246937,31.254477621918973,0.0
39480.0,227.091462592513,31.254470193710926,0.0
39540.0,227.08999811347397,31.254463092780853,0.0
39600.0,227.08872867642773,31.254456352058195,0.0
39660.0,227.0876359452175,31.254450002980263,0.0
39720.0,227.08670293998384,31.254444075385305,0.0
39780.0,227.085914442557,31.254438597412758,0.0
39840.0,257.47251591098234,31.254433595410504,100.0
39900.0,257.47212159362095,31.25442909384876,100.0
39960.0,257.4718077039451,31.254425115240284,100.0
40020.0,257.47157085924397,31.25442168006678,100.0
40080.0,257.4714097257529,31.254418806711,100.0
40140.0,257.471325060684,31.25441651139458,100.0
40200.0,257.47131970812796,31.254414808121336,100.0
40260.0,257.4713985488629,31.25441370862603,100.0
40320.0,257.4715684048915,31.25441322232863,100.0
40380.0,257.471837900294,31.254413356294254,100.0
40440.0,257.4722172807228,31.25441411519896,100.0
40500.0,257.9932936985915,31.254415501301796,100.0
40560.0,258.28940848126,31.254417514423466,100.0
40620.0,258.5769435626267,31.254420151932166,100.0
40680.0,258.96174566864534,31.254423408737097,100.0
40740.0,259.2779789245537,31.25442727729025,100.0
40800.0,259.6542289004853,31.254431747597092,100.0
40860.0,259.9740074764419,31.254436807236722,100.0
40920.0,260.3209559979816,31.254442441392136,100.0
40980.0,260.63286526707,31.254448632891,100.0
41040.0,260.9470540578505,31.25445536225748,100.0
41100.0,261.24346223157835,31.254462607775444,100.0
41160.0,261.5252472121222,31.254470345563146,100.0
41220.0,261.79072099402384,31.254478549659645,100.0
41280.0,262.0389766425459,31.254487192122767,100.0
41340.0,262.26916909987034,31.254496243138398,100.0
41400.0,262.4805161978379,31.25450567114075,100.0
41460.0,262.6722995985985,31.254515442943003,100.0
41520.0,262.8438656898053,31.254525523877703,100.0
41580.0,262.9946264574723,31.254535877945912,100.0
41640.0,263.12406035574924,31.254546467974237,100.0
41700.0,263.2317131887186,31.254557255778614,100.0
41760.0,263.317199014969,31.25456820233362,100.0
41820.0,263.38020108120617,31.254579267946095,100.0
41880.0,263.4204727866092,31.25459041243173,100.0
41940.0,263.43783867509296,31.254601595293366,100.0
42000.0,263.43219544817606,31.25461277589963,100.0
42060.0,263.4035129868243,31.254623913662712,100.0
42120.0,263.35183536654887,31.254634968214088,100.0
42180.0,263.27728184620815,31.25464589957705,100.0
42240.0,263.1800478074927,31.25465666833503,100.0
42300.0,263.0604056189839,31.254667235794948,100.0
42360.0,262.91870539605395,31.25467756414466,100.0
42420.0,262.7553756257393,31.254687616604087,100.0
42480.0,262.57092362411487,31.254697357569363,100.0
42540.0,262.3659357926499,31.254706752749843,100.0
42600.0,262.1410776395596,31.25471576929759,100.0
42660.0,261.8970935322801,31.254724375929346,100.0
42720.0,261.6348061478959,31.2547325430409,100.0
42780.0,261.3551155896129,31.25474024281399,100.0
42840.0,261.05895279015226,31.2547474493158,100.0
42900.0,260.7429103267516,31.254754138591213,100.0
42960.0,260.4265276471843,31.254760288747995,100.0
43020.0,260.0748094286817,31.254765880035077,100.0
43080.0,259.747248187478,31.254770894913996,100.0
43140.0,259.3639548870804,31.254775318123652,100.0
43200.0,259.0382866715776,31.254779136738296,100.0
43260.0,258.7291458445868,31.254782340218718,100.0
43320.0,258.36292258783476,31.254784920456547,100.0
43380.0,258.10361994699974,31.254786871811294,100.0
43440.0,257.5994935900016,31.254788191140015,100.0
43500.0,257.59629437540485,31.254788877819006,100.0
43560.0,257.592741746476,31.254788933757226,100.0
43620.0,257.58886791823954,31.254788363400962,100.0
43680.0,257.5847073773065,31.25478717372909,100.0
43740.0,257.580296427545,31.254785374238573,100.0
43800.0,257.5756727192283,31.25478297691958,100.0
43860.0,257.5708747692096,31.254779996219774,100.0
43920.0,257.56594147967354,31.254776448997454,100.0
43980.0,257.5609116628746,31.25477235446311,100.0
44040.0,227.20379860513293,31.25476773410931,0.0
44100.0,227.19639974243339,31.254762611628767,0.0
44160.0,227.18902629810523,31.254757012820647,0.0
44220.0,227.18172766144738,31.254750965485453,0.0
44280.0,227.17455009337118,31.254744499308682,0.0
44340.0,227.16753628151653,31.254737645733925,0.0
44400.0,227.16072496103314,31.25473043782607,0.0
44460.0,227.1541506052731,31.25472291012544,0.0
44520.0,227.14784318948853,31.25471509849383,0.0
44580.0,227.14182802945297,31.254707039953566,0.0
44640.0,227.13612569575207,31.254698772520744,0.0
44700.0,227.13075200333805,31.254690335033946,0.0
44760.0,227.12571807481527,31.25468176697972,0.0
44820.0,227.12103047484683,31.254673108316116,0.0
44880.0,227.11669141204115,31.254664399295695,0.0
44940.0,227.11269900372102,31.254655680289222,0.0
45000.0,227.10904759809023,31.25464699161121,0.0
45060.0,227.1057281475124,31.254638373348623,0.0
45120.0,227.10272862591242,31.254629865193596,0.0
45180.0,227.1000344827069,31.2546215062812,0.0
45240.0,227.0976291251755,31.254613335032953,0.0
45300.0,227.09549442081294,31.254605389006777,0.0
45360.0,227.09361121094523,31.254597704753834,0.0
45420.0,227.09195982677332,31.254590317682627,0.0
45480.0,227.09052059901424,31.254583261930566,0.0
45540.0,227.08927435245195,31.254576570243064,0.0
45600.0,227.08820287698936,31.25457027386013,0.0
45660.0,227.08728936719766,31.254564402410377,0.0
45720.0,227.08651882290374,31.254558983812167,0.0
45780.0,257.47364696869806,31.254554044181695,100.0
45840.0,257.4732637836307,31.25454960774771,100.0
45900.0,257.47296057018275,31.25454569677252,100.0
45960.0,257.4727341711134,31.254542331479115,100.0
46020.0,257.472583485212,31.254539529984054,100.0
46080.0,257.47250950407323,31.254537308235946,100.0
46140.0,257.47251530270796,31.25453567995951,100.0
46200.0,257.47260598411583,31.254534656604974,100.0
46260.0,257.47278857872834,31.254534247303113,100.0
46320.0,257.47307190039913,31.254534458825866,100.0
46380.0,257.47346636134716,31.254535295552948,100.0
46440.0,258.03218219901174,31.25453675944466,100.0
46500.0,258.35054163355255,31.254538850021476,100.0
46560.0,258.6438490451856,31.254541564350752,100.0
46620.0,258.9543813095411,31.25454489704127,100.0
46680.0,259.34054338272085,31.254548840246063,100.0
46740.0,259.6641090103809,31.254553383674235,100.0
46800.0,260.02653823771107,31.25455851461233,100.0
46860.0,260.3457161735693,31.254564217955824,100.0
46920.0,260.67585441415645,31.25457047625124,100.0
46980.0,260.9825324657902,31.254577269749305,100.0
47040.0,261.2792629416313,31.25458457646954,100.0
47100.0,261.55904228553766,31.25459237227637,100.0
47160.0,261.8223993467613,31.254600630966856,100.0
47220.0,262.0684348879224,31.25460932437011,100.0
47280.0,262.29631166805285,31.254618422457842,100.0
47340.0,262.50525544479103,31.254627893465937,100.0
47400.0,262.69455590785196,31.254637704026266,100.0
47460.0,262.8635675699933,31.254647819308143,100.0
47520.0,263.01171063814684,31.254658203168475,100.0
47580.0,263.1384718834838,31.254668818309632,100.0
47640.0,263.2434055250044,31.254679626443917,100.0
47700.0,263.32613413686784,31.25469058846345,100.0
47760.0,263.3863495851871,31.25470166461417,100.0
47820.0,263.42381399544433,31.254712814672683,100.0
47880.0,263.43836074715784,31.254723998124604,100.0
47940.0,263.42989548796197,31.254735174343175,100.0
48000.0,263.398397154983,31.254746302766783,100.0
48060.0,263.34391898730814,31.25475734307436,100.0
48120.0,263.2665895095712,31.25476825535737,100.0
48180.0,263.16661346323843,31.254779000287623,100.0
48240.0,263.04427265915353,31.25478953927985,100.0
48300.0,262.8999267223255,31.254799834648445,100.0
48360.0,262.7340136978729,31.254809849757695,100.0
48420.0,262.54705048549556,31.25481954916509,100.0
48480.0,262.3396330688699,31.254828898757392,100.0
48540.0,262.1124365059617,31.254837865879168,100.0
48600.0,261.8662146464405,31.254846419453823,100.0
48660.0,261.6017995431397,31.25485453009705,100.0
48720.0,261.3201005258498,31.254862170222744,100.0
48780.0,261.02070186256424,31.25486931414162,100.0
48840.0,260.7136385821019,31.254875938152548,100.0
48900.0,260.3790827524937,31.254882020626866,100.0
48960.0,260.05836391394257,31.25488754208576,100.0
49020.0,259.6896495837527,31.25489248527093,100.0
49080.0,259.36435877342,31.254896835208367,100.0
49140.0,258.9725212549101,31.25490057926559,100.0
49200.0,258.6625943462533,31.254903707201926,100.0
49260.0,258.3680435002249,31.25490621121189,100.0
49320.0,258.07089117103726,31.25490808596137,100.0
49380.0,257.60032936269096,31.254909328616264,100.0
49440.0,257.5970862030562,31.25490993886317,100.0
49500.0,257.5934932442472,31.25490991892179,100.0
49560.0,257.58958299237105,31.254909273548414,100.0
49620.0,257.5853901736826,31.25490801003003,100.0
49680.0,257.5809512779392,31.25490613816857,100.0
49740.0,257.57630408609936,31.254903670254734,100.0
49800.0,257.5714871899234,31.254900621030956,100.0
49860.0,257.5665395110156,31.25489700764314,100.0
49920.0,257.5614998266945,31.254892849580827,100.0
49980.0,227.203621573288,31.254888168605657,0.0
50040.0,227.19622147915194,31.254882988668022,0.0
50100.0,227.18885276792759,31.25487733581202,0.0
50160.0,227.1815644991458,31.254871238068933,0.0
50220.0,227.17440254892654,31.254864725339647,0.0
50280.0,227.16740917238795,31.254857829266527,0.0
50340.0,227.16062263226846,31.254850583095507,0.0
50400.0,227.1540768978799,31.254843021529226,0.0
50460.0,227.14780141734843,31.254835180572186,0.0
50520.0,227.14182096492615,31.25482709736911,0.0
50580.0,227.13615556398653,31.254818810037563,0.0
50640.0,227.13082048516537,31.25481035749628,0.0
50700.0,227.12582631798864,31.254801779290332,0.0
50760.0,227.121179113255,31.25479311541461,0.0
50820.0,227.1168805924192,31.254784406136853,0.0
50880.0,227.1129284192717,31.254775691821525,0.0
50940.0,227.1093165283331,31.254767012755753,0.0
51000.0,227.10603550359338,31.254758408978454,0.0
51060.0,227.10307300053012,31.254749920113674,0.0
51120.0,227.1004142037496,31.25474158520902,0.0
51180.0,227.09804231211558,31.254733442579948,0.0
51240.0,227.09593904286658,31.254725529660583,0.0
51300.0,227.09408514598846,31.254717882861392,0.0
51360.0,227.09246091999685,31.254710537434278,0.0
51420.0,227.0910467203098,31.254703527345,0.0
51480.0,227.08982345154857,31.254696885153287,0.0
51540.0,227.08877303539717,31.254690641900297,0.0
51600.0,227.08787884607423,31.25468482700358,0.0
51660.0,227.0871261060234,31.254679468159093,0.0
51720.0,257.47478051985445,31.254674591250115,100.0
51780.0,257.4744084101029,31.254670220262803,100.0
51840.0,257.474115840174,31.254666377208,100.0
51900.0,257.4738998793621,31.254663082049056,100.0
51960.0,257.47375965947987,31.254660352635476,100.0
52020.0,257.4736964063707,31.25465820464212,100.0
52080.0,257.4737134252295,31.254656651513912,100.0
52140.0,257.473816039951,31.254655704416002,100.0
52200.0,257.4740114875011,31.254655372189475,100.0
52260.0,257.47430876907583,31.254655661312732,100.0
52320.0,257.83991713726215,31.25465657586882,100.0
52380.0,258.07499594205876,31.25465811751915,100.0
52440.0,258.3409811408981,31.254660285483872,100.0
52500.0,258.71196291658646,31.25466307652957,100.0
52560.0,259.0200614561097,31.254666484964787,100.0
52620.0,259.34439202172786,31.2546705026439,100.0
52680.0,259.7209490704124,31.25467511898012,100.0
52740.0,260.04645911289003,31.254680320968045,100.0
52800.0,260.39268888788956,31.254686093216396,100.0
52860.0,260.7183406357964,31.254692417991468,100.0
52920.0,261.02073772228886,31.25469927527167,100.0
52980.0,261.31481962010406,31.254706642813428,100.0
53040.0,261.59257951588177,31.254714496228733,100.0
53100.0,261.8538069973239,31.254722809074302,100.0
53160.0,262.0976105392932,31.254731552952236,100.0
53220.0,262.3231607310607,31.25474069762202,100.0
53280.0,262.5296912683807,31.254750211123252,100.0
53340.0,262.7164998801512,31.25476005990867,100.0
53400.0,262.8829492154754,31.25477020898668,100.0
53460.0,263.0284677133327,31.254780622072467,100.0
53520.0,263.1525504731383,31.254791261746654,100.0
53580.0,263.25476014026293,31.254802089620497,100.0
53640.0,263.3347278161996,31.2548130665063,100.0
53700.0,263.39215399854845,31.25482415259176,100.0
53760.0,263.4268095514428,31.254835307617075,100.0
53820.0,263.438536702495,31.254846491053346,100.0
53880.0,263.4272500579157,31.254857662281065,100.0
53940.0,263.3929376231806,31.254868780767463,100.0
54000.0,263.3356618125824,31.254879806241462,100.0
54060.0,263.25556042725725,31.254890698865232,100.0
54120.0,263.15284757789095,31.254901419401357,100.0
54180.0,263.0278145253291,31.254911929374728,100.0
54240.0,262.8808304098051,31.25492219122848,100.0
54300.0,262.7123428374822,31.25493216847341,100.0
54360.0,262.5228782915382,31.254941825830365,100.0
54420.0,262.31304233410833,31.25495112936539,100.0
54480.0,262.08351956507147,31.254960046617345,100.0
54540.0,261.83507330392365,31.254968546717954,100.0
54600.0,261.5685449618139,31.254976600504342,100.0
54660.0,261.2848530722232,31.254984180623993,100.0
54720.0,260.98783499250834,31.254991261632455,100.0
54780.0,260.67034917050046,31.254997820083794,100.0
54840.0,260.3311430398939,31.255003834613987,100.0
54900.0,260.00514541852544,31.255009286017497,100.0
54960.0,259.63173759212776,31.255014157316985,100.0
55020.0,259.3011137701923,31.25501843382635,100.0
55080.0,258.9839352628149,31.255022103207008,100.0
55140.0,258.597856191259,31.25502515551736,100.0
55200.0,258.3137239820633,31.255027583255256,100.0
55260.0,258.04155401368394,31.255029381393253,100.0
55320.0,257.6011605144958,31.25503054740626,100.0
55380.0,257.59787381502144,31.255031081291254,100.0
55440.0,257.5942409688238,31.255030985578575,100.0
55500.0,257.59029476728506,31.255030265334298,100.0
55560.0,257.5860701701806,31.25502892815314,100.0
55620.0,257.5816038468165,31.25502698414148,100.0
55680.0,257.57693370238,31.25502444588985,100.0
55740.0,257.57209839706667,31.255021328434587,100.0
55800.0,257.56713686551205,31.255017649208177,100.0
55860.0,257.56208784388934,31.255013427978,100.0
55920.0,227.20344434623382,31.255008686773394,0.0
55980.0,227.1960437450206,31.255003449800913,0.0
56040.0,227.18868045738677,31.25499774334785,0.0
56100.0,227.18140320630187,31.254991595674433,0.0
56160.0,227.17425747710564,31.254985036894915,0.0
56220.0,227.16728508727962,31.254978098848277,0.0
56280.0,227.1605238229663,31.25497081495923,0.0
56340.0,227.15400714622228,31.254963220090342,0.0
56400.0,227.14776397582705,31.254955350386354,0.0
56460.0,227.1418185432935,31.25494724311183,0.0
56520.0,227.13619032456222,31.254938936483207,0.0
56580.0,227.13089404670652,31.2549304694967,0.0
56640.0,227.1259397678682,31.254921881753262,0.0
56700.0,227.12133302756584,31.25491321328195,0.0
56760.0,227.1170750635139,31.254904504363033,0.0
56820.0,227.11316309013884,31.254895795352077,0.0
56880.0,227.1095906331184,31.254887126506258,0.0
56940.0,227.10634791348778,31.254878537813966,0.0
57000.0,227.1034222741734,31.25487006882873,0.0
57060.0,227.1007986412384,31.254861758508397,0.0
57120.0,227.0984600116556,31.254853645060155,0.0
57180.0,227.0963879590764,31.254845765792187,0.0
57240.0,227.0945631488421,31.25483815697232,0.0
57300.0,227.09296585338882,31.254830853693928,0.0
57360.0,227.09157645923807,31.254823889749392,0.0
57420.0,227.09037595693678,31.254817297511078,0.0
57480.0,227.08934640561992,31.254811107819783,0.0
57540.0,227.08847136430617,31.25480534988057,0.0
57600.0,227.08773628260434,31.254800051165653,0.0
57660.0,257.4759165645368,31.254795237324217,100.0
57720.0,257.4755554756468,31.254790932098718,100.0
57780.0,257.4752735192017,31.254787157247485,100.0
57840.0,257.47506799202876,31.254783932473337,100.0
57900.0,257.4749382593652,31.254781275357892,100.0
57960.0,257.4748857811005,31.25477920130151,100.0
58020.0,257.47491409180986,31.254777723468692,100.0
58080.0,257.47502873489043,31.254776852738935,100.0
58140.0,257.47523715188584,31.254776597663174,100.0
58200.0,257.47554852884406,31.254776964425865,100.0
58260.0,257.86539904484937,31.254777956813165,100.0
58320.0,258.12194835276216,31.25477957618739,100.0
58380.0,258.4034462707232,31.254781821468338,100.0
58440.0,258.699123919054,31.25478468912188,100.0
58500.0,259.0859329205966,31.2547881731565,100.0
58560.0,259.4053227815993,31.254792265128284,100.0
58620.0,259.77740606875574,31.25479695415502,100.0
58680.0,260.0975830509498,31.25480222693995,100.0
58740.0,260.43916216843513,31.254808067805868,100.0
58800.0,260.7497783130384,31.254814458739784,100.0
58860.0,261.0584523700023,31.254821379448877,100.0
58920.0,261.3501305344797,31.25482880742778,100.0
58980.0,261.62585728795744,31.254836718037517,100.0
59040.0,261.88494244977574,31.254845084596028,100.0
59100.0,262.1265022217165,31.254853878480233,100.0
59160.0,262.3497150365259,31.25486306923927,100.0
59220.0,262.5538225402826,31.25487262471855,100.0
59280.0,262.73813051262056,31.25488251119389,100.0
59340.0,262.90200975019724,31.254892693515114,100.0
59400.0,263.0448969351647,31.254903135258083,100.0
59460.0,263.16629550641727,31.254913798884218,100.0
59520.0,263.26577654717744,31.254924645906325,100.0
59580.0,263.34297969806425,31.2549356370595,100.0
59640.0,263.39761410027506,31.254946732475894,100.0
59700.0,263.42945936895467,31.254957891861984,100.0
59760.0,263.43836659229913,31.254969074677028,100.0
59820.0,263.4242593475256,31.254980240311433,100.0
59880.0,263.3871347205875,31.25499134826387,100.0
59940.0,263.3270643125106,31.25500235831584,100.0
60000.0,263.24419521151634,31.255013230702694,100.0
60060.0,263.13875090675987,31.255023926280213,100.0
60120.0,263.0110321165825,31.255034406685745,100.0
60180.0,262.86141750172584,31.2550446344934,100.0
60240.0,262.6903642319999,31.25505457336257,100.0
60300.0,262.4984083734937,31.255064188179468,100.0
60360.0,262.28616506257356,31.255073445191293,100.0
60420.0,262.05432843265544,31.255082312132956,100.0
60480.0,261.80367126006075,31.255090758346157,100.0
60540.0,261.535044296171,31.255098754890945,100.0
60600.0,261.24937525456494,31.25510627464983,100.0
60660.0,260.9484971186098,31.25511329242449,100.0
60720.0,260.62654837975515,31.25511978502534,100.0
60780.0,260.3087166683292,31.255125731354102,100.0
60840.0,259.95150484072934,31.255131112479443,100.0
60900.0,259.624555176391,31.25513591170588,100.0
60960.0,259.23788408670134,31.25514011463594,100.0
61020.0,258.91682635265323,31.255143709225592,100.0
61080.0,258.6127720259012,31.255146685832827,100.0
61140.0,258.263409880294,31.255149037259244,100.0
61200.0,258.0198903832719,31.255150758784346,100.0
61260.0,257.60198709748755,31.25515184819224,100.0
61320.0,257.5986572681673,31.25515230579031,100.0
61380.0,257.5949849812136,31.255152134419436,100.0
61440.0,257.59100330743433,31.255151339455217,100.0
61500.0,257.586747433971,31.255149928799717,100.0
61560.0,257.58225420331803,31.255147912863208,100.0
61620.0,257.5775616384273,31.255145304535333,100.0
61680.0,257.5727084614616,31.255142119145457,100.0
61740.0,257.56773361371444,31.255138374411583,100.0
61800.0,257.5626757840297,31.255134090377727,100.0
61860.0,227.20326701666093,31.25512928933953,0.0
61920.0,227.19586662939344,31.25512399575812,0.0
61980.0,227.1885094516615,31.255118236162296,0.0
62040.0,227.18124386316828,31.255112039039325,0.0
62100.0,227.17411495258136,31.2551054347148,0.0
62160.0,227.16716409473455,31.255098455222175,0.0
62220.0,227.16042859509926,31.255091134162633,0.0
62280.0,227.15394140537535,31.25508350655627,0.0
62340.0,227.14773091288976,31.25507560868561,0.0
62400.0,227.14182080531427,31.25506747793246,0.0
62460.0,227.13623001104853,31.255059152609526,0.0
62520.0,227.13097271446864,31.255050671787878,0.0
62580.0,227.126058444131,31.255042075121658,0.0
62640.0,227.12149223095813,31.255033402671444,0.0
62700.0,227.1172748324281,31.25502469472737,0.0
62760.0,227.11340301785452,31.25501599163353,0.0
62820.0,227.10986990898445,31.255007333614575,0.0
62880.0,227.10666536937774,31.2549987606059,0.0
62940.0,227.10377643535475,31.254990312088143,0.0
63000.0,227.10118778073877,31.254982026927053,0.0
63060.0,227.09888220716036,31.254973943219344,0.0
63120.0,227.09684115136227,31.254966098145207,0.0
63180.0,227.09504520073335,31.254958527827796,0.0
63240.0,227.0934746082198,31.25495126720012,0.0
63300.0,227.09210979781926,31.254944349879423,0.0
63360.0,227.09093185205094,31.254937808049085,0.0
63420.0,227.08992297311656,31.25493167234801,0.0
63480.0,227.08906690992427,31.254925971767364,0.0
63540.0,227.0883493437223,31.254920733554343,0.0
63600.0,257.47705510318445,31.254915983122807,100.0
63660.0,257.4767049832453,31.254911743970418,100.0
63720.0,257.4764336129348,31.25490803760202,100.0
63780.0,257.4762385175427,31.254904883458966,100.0
63840.0,257.47611929606467,31.254902298854184,100.0
63900.0,257.47607764216417,31.254900298912798,100.0
63960.0,257.4761173189251,31.25489889651824,100.0
64020.0,257.4762440877899,31.25489810226382,100.0
64080.0,257.47646559285954,31.254897924409843,100.0
64140.0,257.4767912024865,31.254898368846497,100.0
64200.0,257.8926233578708,31.254899439062754,100.0
64260.0,258.1285948444226,31.25490113612171,100.0
64320.0,258.4683566708014,31.254903458642747,100.0
64380.0,258.76623909087004,31.254906402791125,100.0
64440.0,259.0822753424319,31.254909962275484,100.0
64500.0,259.46601319021636,31.25491412835395,100.0
64560.0,259.79090384493753,31.254918889849378,100.0
64620.0,260.14823066237085,31.254924233174357,100.0
64680.0,260.4665873221045,31.254930142366494,100.0
64740.0,260.79114580992746,31.25493659913451,100.0
64800.0,261.09567892895564,31.254943582915487,100.0
64860.0,261.38519396670705,31.25495107094357,100.0
64920.0,261.6588740012959,31.25495903833027,100.0
64980.0,261.9158042231426,31.254967458156408,100.0
65040.0,262.15510857542495,31.2549763015755,100.0
65100.0,262.37597334745084,31.254985537928306,100.0
65160.0,262.5776481477301,31.254995134868114,100.0
65220.0,262.75944681812217,31.255005058496046,100.0
65280.0,262.92074831401976,31.25501527350568,100.0
65340.0,263.06099757186877,31.255025743336013,100.0
65400.0,263.1797063812962,31.255036430331778,100.0
65460.0,263.2764542748841,31.255047295909918,100.0
65520.0,263.3508894442009,31.255058300730987,100.0
65580.0,263.4027296861755,31.25506940487426,100.0
65640.0,263.43176337933994,31.255080568015163,100.0
65700.0,263.4378504849571,31.255091749603785,100.0
65760.0,263.42092356364776,31.255102909043128,100.0
65820.0,263.380988793905,31.25511400586591,100.0
65880.0,263.31812697491023,31.255124999908745,100.0
65940.0,263.23249449240285,31.25513585148267,100.0
66000.0,263.1243242230563,31.255146521539032,100.0
66060.0,262.993926349948,31.255156971829972,100.0
66120.0,262.8416890593028,31.25516716506275,100.0
66180.0,262.6680790868114,31.255177065047462,100.0
66240.0,262.4736420804794,31.25518663683765,100.0
66300.0,262.25900274619056,31.25519584686355,100.0
66360.0,262.0248647419764,31.25520466305786,100.0
66420.0,261.77201028738085,31.255213054973865,100.0
66480.0,261.50129945527976,31.25522099389609,100.0
66540.0,261.21366433646676,31.255228452943417,100.0
66600.0,260.90864740596896,31.25523540716496,100.0
66660.0,260.5996836563464,31.25524183362866,100.0
66720.0,260.25942598160543,31.255247711503028,100.0
66780.0,259.9384444086341,31.25525302213189,100.0
66840.0,259.565042731777,31.255257749102455,100.0
66900.0,259.24226063224467,31.255261878306616,100.0
66960.0,258.8505116198241,31.255265397995515,100.0
67020.0,258.54829819926545,31.255268298827254,100.0
67080.0,258.2170972112989,31.25527057390757,100.0
67140.0,257.99429009336285,31.255272218823194,100.0
67200.0,257.6028091644629,31.255273231667573,100.0
67260.0,257.5994366200121,31.25527361305852,100.0
67320.0,257.5957253429972,31.25527336614733,100.0
67380.0,257.59170867776123,31.25527249661888,100.0
67440.0,257.58742203262693,31.255271012682154,100.0
67500.0,257.58290241689946,31.25526892505072,100.0
67560.0,257.57818796482445,31.255266246912644,100.0
67620.0,257.57331745406907,31.25526299388939,100.0
67680.0,257.56832982622774,31.255259183983405,100.0
67740.0,257.5632637166581,31.255254837514098,100.0
67800.0,227.2030896770168,31.255249977042002,0.0
67860.0,227.19569022127732,31.255244627281247,0.0
67920.0,227.18833983548922,31.255238815000375,0.0
67980.0,227.18108654947295,31.255232568911808,0.0
68040.0,227.17397504942906,31.255225919550437,0.0
68100.0,227.16704626263834,31.255218899141987,0.0
68160.0,227.16033700993577,31.25521154146183,0.0
68220.0,227.15387972967613,31.25520388168519,0.0
68280.0,227.14770227574346,31.255195956229844,0.0
68340.0,227.14182779098135,31.255187802592317,0.0
68400.0,227.1362746562545,31.255179459178947,0.0
68460.0,227.1310565142159,31.255170965132987,0.0
68520.0,227.12618236574116,31.255162360159137,0.0
68580.0,227.1216567359379,31.255153684346805,0.0
68640.0,227.11747990564314,31.255144977993385,0.0
68700.0,227.1136482033889,31.25513628142886,0.0
68760.0,227.11015435197464,31.255127634842847,0.0
68820.0,227.10698786302382,31.25511907811527,0.0
68880.0,227.1041354722438,31.255110650651478,0.0
68940.0,227.1015816075556,31.255102391222845,0.0
69000.0,227.09930888181776,31.25509433781343,0.0
69060.0,227.09729860155173,31.255086527473317,0.0
69120.0,227.09553128288073,31.25507899617905,0.0
69180.0,227.09398716583232,31.255071778701424,0.0
69240.0,227.0926467182222,31.255064908480787,0.0
69300.0,227.091491120545,31.255058417509925,0.0
69360.0,227.09050272363083,31.255052336224345,0.0
69420.0,227.0896654713007,31.255046693399926,0.0
69480.0,227.08896528084247,31.25504151605754,0.0
69540.0,257.478196136588,31.255036829374557,100.0
69600.0,257.4778569362523,31.255032656602758,100.0
69660.0,257.47759612742396,31.255029018992502,100.0
69720.0,257.47741146471975,31.25502593572279,100.0
69780.0,257.477302781157,31.255023423837045,100.0
69840.0,257.4772720038338,31.255021498184444,100.0
69900.0,257.4773231234034,31.25502017136673,100.0
69960.0,257.4774621178301,31.25501945369047,100.0
70020.0,257.4776968316913,31.255019353124908,100.0
70080.0,257.47803681303833,31.255019875265603,100.0
70140.0,257.9161478547138,31.255021023304117,100.0
70200.0,258.17939465714164,31.25502279800417,100.0
70260.0,258.45535931943965,31.255025197684716,100.0
70320.0,258.83413073627736,31.255028218210494,100.0
70380.0,259.1465450349161,31.255031852990527,100.0
70440.0,259.52645411633705,31.255036092985364,100.0
70500.0,259.8458230319728,31.255040926723435,100.0
70560.0,260.19840290521944,31.25504634032731,100.0
70620.0,260.5118311684447,31.255052317550284,100.0
70680.0,260.8320122133294,31.255058839823747,100.0
70740.0,261.1324609938745,31.255065886315847,100.0
70800.0,261.4200082132617,31.255073434001567,100.0
70860.0,261.6916280702146,31.255081457744396,100.0
70920.0,261.94639085146804,31.255089930389683,100.0
70980.0,262.18342825587985,31.255098822869346,100.0
71040.0,262.40193444226185,31.255108104317742,100.0
71100.0,262.6011669935656,31.25511774219815,100.0
71160.0,262.7804478253059,31.255127702439218,100.0
71220.0,262.93916406276816,31.255137949580632,100.0
71280.0,263.0767689078142,31.255148446926988,100.0
71340.0,263.19278251207305,31.255159156708864,100.0
71400.0,263.28679286902246,31.25517004024993,100.0
71460.0,263.3584567330355,31.25518105813886,100.0
71520.0,263.4075005689314,31.25519217040471,100.0
71580.0,263.43372153101564,31.255203336694567,100.0
71640.0,263.43698846609243,31.255214516452035,100.0
71700.0,263.41724293054824,31.255225669095324,100.0
71760.0,263.37450020740613,31.255236754193817,100.0
71820.0,263.30885030531454,31.255247731641802,100.0
71880.0,263.22045891780624,31.255258561828455,100.0
71940.0,263.10956831791793,31.255269205803096,100.0
72000.0,262.9764981604423,31.25527962543492,100.0
72060.0,262.82164616174543,31.255289783566553,100.0
72120.0,262.64548862525794,31.25529964416087,100.0
72180.0,262.44858077947356,31.255309172440704,100.0
72240.0,262.23155689458514,31.255318335021165,100.0
72300.0,261.9951301437663,31.255327100034474,100.0
72360.0,261.740092175572,31.255335437247126,100.0
72420.0,261.46731236497305,31.255343318169594,100.0
72480.0,261.1775423639668,31.255350716158546,100.0
72540.0,260.8682842789509,31.255357606511758,100.0
72600.0,260.5546388784415,31.255363966555876,100.0
72660.0,260.2096572618322,31.25536977572724,100.0
72720.0,259.8832599431791,31.255375015645775,100.0
72780.0,259.505296754213,31.25537967018221,100.0
72840.0,259.1774147045886,31.25538372551852,100.0
72900.0,258.86467380104193,31.255387170201633,100.0
72960.0,258.4863341232574,31.255389995190257,100.0
73020.0,258.2127500924012,31.255392193894643,100.0
73080.0,257.97056544772926,31.25539376220901,100.0
73140.0,257.603626768931,31.255394698536293,100.0
73200.0,257.60021192871244,31.255395003804722,100.0
73260.0,257.5964621163136,31.255394681475877,100.0
73320.0,257.592410943682,31.255393737543624,100.0
73380.0,257.58809403410925,31.25539218052344,100.0
73440.0,257.58354855731596,31.25539002143161,100.0
73500.0,257.5788127523657,31.255387273753833,100.0
73560.0,257.57392544597377,31.255383953402756,100.0
73620.0,257.5689255736961,31.255380078664214,100.0
73680.0,257.5638517112752,31.255375670131706,100.0
73740.0,227.20291241948968,31.25537075062924,0.0
73800.0,227.19551460931743,31.255365345122343,0.0
73860.0,227.18817169315219,31.255359480617543,0.0
73920.0,227.18093134440596,31.255353186050474,0.0
73980.0,227.17383784111632,31.255346492163298,0.0
74040.0,227.16693165821044,31.255339431371794,0.0
74100.0,227.1602491280322,31.255332037623212,0.0
74160.0,227.15382217271713,31.25532434624549,0.0
74220.0,227.1476781108318,31.25531639378915,0.0
74280.0,227.1418395395185,31.25530821786286,0.0
74340.0,227.1363242922266,31.255299856963966,0.0
74400.0,227.13114547096973,31.25529135030526,0.0
74460.0,227.12631155095062,31.255282737639316,0.0
74520.0,227.12182655434145,31.25527405908172,0.0
74580.0,227.11769028902168,31.25526535493448,0.0
74640.0,227.113898647154,31.255256665510906,0.0
74700.0,227.11044395764256,31.255248030963045,0.0
74760.0,227.10731538577136,31.255239491112867,0.0
74820.0,227.1044993726737,31.255231085288067,0.0
74880.0,227.10198010673952,31.25522285216337,0.0
74940.0,227.09974001864586,31.255214829607993,0.0
75000.0,227.0977602913865,31.255207054539863,0.0
75060.0,227.09602137650006,31.25519956278695,0.0
75120.0,227.09450350764664,31.255192388955983,0.0
75180.0,227.0931872027697,31.255185566308718,0.0
75240.0,227.0920537462978,31.255179126645732,0.0
75300.0,227.09108564319476,31.25517310019765,0.0
75360.0,227.0902670371522,31.255167515523663,0.0
75420.0,235.5532783432465,31.25516239941707,24.15111520430495
75480.0,257.47933966588823,31.255157776817562,100.0
75540.0,257.47901133838957,31.255153670729978,100.0
75600.0,257.47876106909956,31.25515010214921,100.0
75660.0,257.4785868427574,31.255147089991016,100.0
75720.0,257.47848872659824,31.255144651028527,100.0
75780.0,257.4784688807463,31.255142799834257,100.0
75840.0,257.4785315224172,31.25514154872765,100.0
75900.0,257.47868284450993,31.255140907728013,100.0
75960.0,257.4789308899342,31.255140884513093,100.0
76020.0,257.47928538377914,31.255141484383483,100.0
76080.0,257.9468533104474,31.25514271023309,100.0
76140.0,258.23403166626133,31.25514456252614,100.0
76200.0,258.5205900386029,31.255147039281162,100.0
76260.0,258.8237926365669,31.255150136062465,100.0
76320.0,259.210820801706,31.25515384597973,100.0
76380.0,259.5327703514085,31.255158159696293,100.0
76440.0,259.9003177746106,31.2551630654467,100.0
76500.0,260.22045011198475,31.255168549064194,100.0
76560.0,260.55657123188746,31.255174594018584,100.0
76620.0,260.86560469456145,31.255181181464952,100.0
76680.0,261.1689839358713,31.25518829030369,100.0
76740.0,261.4545715851797,31.255195897251934,100.0
76800.0,261.7241179238446,31.255203976926687,100.0
76860.0,261.97670088383944,31.2552125019395,100.0
76920.0,262.2114599337939,31.255221443002522,100.0
76980.0,262.4275971148307,31.25523076904568,100.0
77040.0,262.62437799625974,31.25524044734437,100.0
77100.0,262.8011325786306,31.255250443657022,100.0
77160.0,262.95725616825354,31.2552607223718,100.0
77220.0,263.09221024353195,31.255271246661344,100.0
77280.0,263.2055233293865,31.255281978644632,100.0
77340.0,263.2967918917558,31.255292879554677,100.0
77400.0,263.3656812597014,31.255303909910907,100.0
77460.0,263.4119265781158,31.255315029694867,100.0
77520.0,263.43533378947444,31.255326198527964,100.0
77580.0,263.4357806385856,31.255337375849987,100.0
77640.0,263.413217689921,31.255348521097027,100.0
77700.0,263.36766934294985,31.25535959387772,100.0
77760.0,263.29923482698297,31.255370554146552,100.0
77820.0,263.20808915346083,31.255381362373306,100.0
77880.0,263.09448400041373,31.25539197970765,100.0
77940.0,262.95874850106316,31.255402368138125,100.0
78000.0,262.8012899062507,31.255412490644893,100.0
78060.0,262.62259408862394,31.255422311345654,100.0
78120.0,262.4232258552939,31.255431795634493,100.0
78180.0,262.2038290350536,31.255440910313254,100.0
78240.0,261.9651263061862,31.255449623715357,100.0
78300.0,261.7079187314316,31.255457905822123,100.0
78360.0,261.43308496778747,31.255465728371465,100.0
78420.0,261.1409168540702,31.255473064959176,100.0
78480.0,260.8368839178102,31.255479891132968,100.0
78540.0,260.5090896034878,31.255486184479327,100.0
78600.0,260.1901815517337,31.255491924703446,100.0
78660.0,259.8276981612387,31.255497093702274,100.0
78720.0,259.50196308138396,31.25550167563088,100.0
78780.0,259.1127722745121,31.255505656962033,100.0
78840.0,258.7973190025154,31.25550902653903,100.0
78900.0,258.49812215885686,31.25551177562167,100.0
78960.0,258.17076246368583,31.255513897925084,100.0
79020.0,257.60753403276414,31.255515389651237,100.0
79080.0,257.6044399651009,31.255516249512652,100.0
79140.0,257.6009832530497,31.255516478747968,100.0
79200.0,257.59719536384637,31.255516081128896,100.0
79260.0,257.5931101710737,31.255515062957993,100.0
79320.0,257.588763506752,31.255513433056766,100.0
79380.0,257.5841926946074,31.25551120274361,100.0
79440.0,257.579436072042,31.255508385801075,100.0
79500.0,257.57453250837,31.25550499843208,100.0
79560.0,257.5695209267887,31.25550105920468,100.0
79620.0,257.5644398373257,31.255496588985224,100.0
79680.0,227.2027353359936,31.255491610859714,0.0
79740.0,227.19533988178276,31.255486150043474,0.0
79800.0,227.18800510846506,31.255480233779203,0.0
79860.0,227.18077832660876,31.255473891223858,0.0
79920.0,227.1737034004921,31.255467153324744,0.0
79980.0,227.16682034799462,31.25546005268553,0.0
80040.0,227.16016500922555,31.255452623422983,0.0
80100.0,227.153768787341,31.25544490101533,0.0
80160.0,227.14765846383014,31.255436922143343,0.0
80220.0,227.1418560893771,31.25542872452524,0.0
80280.0,227.13637895024738,31.25542034674673,0.0
80340.0,227.13123960900805,31.25541182808751,0.0
80400.0,227.12644601730045,31.25540320834535,0.0
80460.0,227.1220016973369,31.255394527659362,0.0
80520.0,227.11790598781167,31.25538582633355,0.0
80580.0,227.1141543490085,31.255377144661946,0.0
80640.0,227.11073872105692,31.25536852275651,0.0
80700.0,227.10764792855585,31.25536000037881,0.0
80760.0,227.10486812414732,31.25535161677653,0.0
80820.0,227.10238326309354,31.255343410525462,0.0
80880.0,227.1001756004991,31.255335419377836,0.0
80940.0,227.09822620252953,31.255327680117357,0.0
81000.0,227.096515462811,31.25532022842149,0.0
81060.0,227.09502361516698,31.255313098731065,0.0
81120.0,227.0937312339441,31.25530632412755,0.0
81180.0,227.09261971341752,31.255299936217714,0.0
81240.0,227.09167171813328,31.25529396502582,0.0
81300.0,227.09087159654322,31.25528843889302,0.0
81360.0,254.75071513646486,31.25528338438376,89.42979843294188
81420.0,257.4804856925733,31.255278826198904,100.0
81480.0,257.480168193744,31.255274787095285,100.0
81540.0,257.4799284447664,31.25527128781136,100.0
81600.0,257.47976466123055,31.255268346998776,100.0
81660.0,257.47967714471645,31.255265981159575,100.0
81720.0,257.47966828789697,31.255264204588947,100.0
81780.0,257.4797425334773,31.2552630293234,100.0
81840.0,257.4799062876376,31.255262465094468,100.0
81900.0,257.48016778941684,31.25526251928799,100.0
81960.0,257.4805369382226,31.25526319690927,100.0
82020.0,257.9807392575179,31.25526450055434,100.0
82080.0,258.2312340050457,31.255266430387824,100.0
82140.0,258.5875951275896,31.255268984127827,100.0
82200.0,258.8903802898664,31.25527215703837,100.0
82260.0,259.21103633453674,31.255275941930037,100.0
82320.0,259.59154763675406,31.25528032916936,100.0
82380.0,259.91722009775197,31.25528530669756,100.0
82440.0,260.26926630479,31.255290860059247,100.0
82500.0,260.60080986209937,31.255296972441613,100.0
82560.0,260.90540576831637,31.255303624724462,100.0
82620.0,261.2052684973883,31.255310795541615,100.0
82680.0,261.488882408085,31.255318461353752,100.0
82740.0,261.7563420061591,31.2553265965329,100.0
82800.0,262.00673288441044,31.255335173458498,100.0
82860.0,262.23920229515295,31.255344162624784,100.0
82920.0,262.4529601744942,31.255353532759255,100.0
82980.0,262.647280089933,31.25536325095156,100.0
83040.0,262.8215001383819,31.255373282792185,100.0
83100.0,262.97502381829077,31.255383592520133,100.0
83160.0,263.10732089573395,31.255394143178577,100.0
83220.0,263.2179282802359,31.255404896777435,100.0
83280.0,263.3064509217895,31.255415814461696,100.0
83340.0,263.37256273605874,31.255426856684192,100.0
83400.0,263.41600756021415,31.255437983381626,100.0
83460.0,263.4366001373048,31.255449154152434,100.0
83520.0,263.4342271225897,31.255460328435237,100.0
83580.0,263.40884810090307,31.255471465686657,100.0
83640.0,263.36049659999543,31.25548252555717,100.0
83700.0,263.28928108091407,31.255493468063996,100.0
83760.0,263.19538588295296,31.255504253759973,100.0
83820.0,263.07907209754757,31.255514843897487,100.0
83880.0,262.940678342788,31.255525200586685,100.0
83940.0,262.7806214079956,31.255535286947413,100.0
84000.0,262.59939673612166,31.255545067254282,100.0
84060.0,262.3975787105754,31.25555450707455,100.0
84120.0,262.1758207125325,31.255563573398575,100.0
84180.0,261.93485491478697,31.255572234762745,100.0
84240.0,261.6754917788155,31.25558046136475,100.0
84300.0,261.39861922290197,31.255588225171405,100.0
84360.0,261.1062116756441,31.255595500018995,100.0
84420.0,260.7953852316652,31.25560226170641,100.0
84480.0,260.4848338098969,31.255608488081084,100.0
84540.0,260.1390006745214,31.255614159118092,100.0
84600.0,259.81824743206823,31.255619256992325,100.0
84660.0,259.4405823802582,31.255623766143987,100.0
84720.0,259.1209979222069,31.25562767333731,100.0
84780.0,258.7311984704519,31.25563096771257,100.0
84840.0,258.43746058789793,31.255633640831118,100.0
84900.0,258.132897930163,31.255635686713315,100.0
84960.0,257.6083878417132,31.255637101869098,100.0
85020.0,257.60524880786824,31.255637885320674,100.0
85080.0,257.60175065241646,31.25563803861707,100.0
85140.0,257.59792514880934,31.25563756583996,100.0
85200.0,257.59380642625854,31.255636473600262,100.0
85260.0,257.58943051924757,31.255634771025044,100.0
85320.0,257.58483489908366,31.25563246973417,100.0
85380.0,257.58005799502524,31.255629583806265,100.0
85440.0,257.57513871254656,31.25562612973353,100.0
85500.0,257.57011595618513,31.25562212636513,100.0
85560.0,246.76133546772883,31.255617594838935,60.06485460085615
85620.0,227.2025585181531,31.25561255850148,0.0
85680.0,227.1951661265523,31.255607042816237,0.0
85740.0,227.18784016476104,31.2556010752603,0.0
85800.0,227.1806275741614,31.255594685209967,0.0
85860.0,227.1735717997764,31.255587903815606,0.0
85920.0,227.16671239785026,31.25558076386653,0.0
85980.0,227.1600847126258,31.25557329964671,0.0
86040.0,227.15371962563364,31.255565546782208,0.0
86100.0,227.14764337964155,31.25555754208151,0.0
86160.0,227.1418774782332,31.255549323369806,0.0
86220.0,227.136438660834,31.25554092931857,0.0
86280.0,227.13133895186547,31.255532399271686,0.0
86340.0,227.126585781622,31.255523773069495,0.0
86400.0,227.122182175427,31.255515090871974,0.0
